title,release_year,runtime_mins,certificate,primary_genre,key_cast,imdb_rating,success_category
The Family Man,2019,42.0,Not Rated,Action,"Manoj Bajpayee, Samantha Akkineni, Priyamani, Sharib Hashmi",8.8,High
Lucifer,2016,45.0,Not Rated,Crime,"Tom Ellis, Lauren German, Lesley-Ann Brandt, Kevin Alejandro",8.1,High
The Handmaid's Tale,2017,42.0,Not Rated,Drama,"Elisabeth Moss, Yvonne Strahovski, Joseph Fiennes, Ann Dowd",8.4,High
StartUp,2016,60.0,Not Rated,Crime,"Adam Brody, Edi Gathegi, Otmara Marrero, Kristen Ariza",8.0,High
Game of Thrones,2011,44.0,Not Rated,Action,"Emilia Clarke, Peter Dinklage, Kit Harington, Lena Headey",9.3,High
The Kominsky Method,2018,57.0,Not Rated,Comedy,"Michael Douglas, Sarah Baker, Graham Rogers, Melissa Tang",8.2,High
Grey's Anatomy,2005,30.0,Not Rated,Drama,"Ellen Pompeo, Chandra Wilson, James Pickens Jr., Justin Chambers",7.5,Moderate
The Blacklist,2013,41.0,Not Rated,Crime,"James Spader, Megan Boone, Diego Klattenhoff, Ryan Eggold",8.0,High
Dirty John,2018,43.0,Not Rated,Crime,"Connie Britton, Christian Slater, Eric Bana, Amanda Peet",7.2,Moderate
The Walking Dead,2010,44.0,Not Rated,Drama,"Andrew Lincoln, Norman Reedus, Melissa McBride, Lauren Cohan",8.2,High
Breaking Bad,2008,44.0,Not Rated,Crime,"Bryan Cranston, Aaron Paul, Anna Gunn, Betsy Brandt",9.4,High
Peaky Blinders,2013,49.0,Not Rated,Crime,"Cillian Murphy, Paul Anderson, Helen McCrory, Sophie Rundle",8.8,High
The Boys,2019,60.0,Not Rated,Action,"Karl Urban, Jack Quaid, Antony Starr, Erin Moriarty",8.7,High
The Office,2005,60.0,Not Rated,Comedy,"Steve Carell, Jenna Fischer, John Krasinski, Rainn Wilson",8.9,High
Vikings,2013,22.0,Not Rated,Action,"Katheryn Winnick, Gustaf Skarsgård, Alexander Ludwig, Georgia Hirst",8.5,High
Criminal Minds,2005,44.0,Not Rated,Crime,"Matthew Gray Gubler, Kirsten Vangsness, A.J. Cook, Joe Mantegna",8.0,High
Manifest,2018,42.0,Not Rated,Drama,"Melissa Roxburgh, Josh Dallas, Athena Karkanis, J.R. Ramirez",7.2,Moderate
Yellowstone,2018,43.0,Not Rated,Drama,"Kevin Costner, Luke Grimes, Kelly Reilly, Wes Bentley",8.6,High
Stranger Things,2016,60.0,Not Rated,Drama,"Millie Bobby Brown, Finn Wolfhard, Winona Ryder, David Harbour",8.7,High
Why Women Kill,2019,51.0,Not Rated,Comedy,"Jack Davenport, Lucy Liu, Ginnifer Goodwin, Kirby Howell-Baptiste",8.4,High
The Flash,2014,43.0,Not Rated,Action,"Grant Gustin, Candice Patton, Danielle Panabaker, Carlos Valdes",7.6,Moderate
Supernatural,2005,44.0,Not Rated,Drama,"Jared Padalecki, Jensen Ackles, Jim Beaver, Misha Collins",8.4,High
NCIS: Naval Criminal Investigative Service,2003,60.0,Not Rated,Action,"Mark Harmon, David McCallum, Sean Murray, Pauley Perrette",7.7,Moderate
The Good Doctor,2017,41.0,Not Rated,Drama,"Freddie Highmore, Hill Harper, Richard Schiff, Antonia Thomas",8.1,High
Line of Duty,2012,60.0,Not Rated,Crime,"Martin Compston, Vicky McClure, Adrian Dunbar, Craig Parkinson",8.7,High
Fear the Walking Dead,2015,44.0,Not Rated,Drama,"Kim Dickens, Frank Dillane, Cliff Curtis, Rubén Blades",6.9,Low
Downton Abbey,2010,58.0,Not Rated,Drama,"Hugh Bonneville, Phyllis Logan, Elizabeth McGovern, Brendan Coyle",8.7,High
Modern Family,2009,22.0,Not Rated,Comedy,"""Ed ONeill"", Sofía Vergara, Julie Bowen, Ty Burrell",8.4,High
La casa de papel,2017,70.0,Not Rated,Action,"Úrsula Corberó, Álvaro Morte, Itziar Ituño, Pedro Alonso",8.3,High
Schitt's Creek,2015,22.0,Not Rated,Comedy,"Eugene Levy, ""Catherine OHara"", Dan Levy, Annie Murphy",8.5,High
Outlander,2014,64.0,Not Rated,Drama,"Caitriona Balfe, Sam Heughan, Duncan Lacroix, Sophie Skelton",8.4,High
Shingeki no kyojin,2013,24.0,Not Rated,Animation,"Yûki Kaji, Marina Inoue, Josh Grelle, Yui Ishikawa",9.0,High
War of the Worlds,2019,49.0,Not Rated,Drama,"Léa Drucker, Daisy Edgar-Jones, Natasha Little, Gabriel Byrne",6.3,Low
The Big Bang Theory,2007,22.0,Not Rated,Comedy,"Johnny Galecki, Jim Parsons, Kaley Cuoco, Simon Helberg",8.1,High
Younger,2015,22.0,Not Rated,Comedy,"Sutton Foster, Hilary Duff, Debi Mazar, Nico Tortorella",7.8,Moderate
Dexter,2006,53.0,Not Rated,Crime,"Michael C. Hall, Jennifer Carpenter, David Zayas, James Remar",8.6,High
New Amsterdam,2018,43.0,Not Rated,Drama,"Ryan Eggold, Janet Montgomery, Freema Agyeman, Jocko Sims",8.1,High
Brooklyn Nine-Nine,2013,22.0,Not Rated,Comedy,"Andy Samberg, Stephanie Beatriz, Terry Crews, Melissa Fumero",8.4,High
Fargo,2014,53.0,Not Rated,Crime,"Billy Bob Thornton, Martin Freeman, Allison Tolman, Colin Hanks",8.9,High
The Mandalorian,2019,40.0,Not Rated,Action,"Pedro Pascal, Gina Carano, Giancarlo Esposito, Chris Bartlett",8.8,High
Better Call Saul,2015,46.0,Not Rated,Crime,"Bob Odenkirk, Rhea Seehorn, Jonathan Banks, Patrick Fabian",8.7,High
This Is Us,2016,45.0,Not Rated,Comedy,"Milo Ventimiglia, Mandy Moore, Sterling K. Brown, Chrissy Metz",8.7,High
Rick and Morty,2013,23.0,Not Rated,Animation,"Justin Roiland, Chris Parnell, Spencer Grammer, Sarah Chalke",9.2,High
Queen of the South,2016,42.0,Not Rated,Action,"Alice Braga, Hemky Madera, Peter Gadiot, Veronica Falcón",7.9,Moderate
American Horror Story,2011,60.0,Not Rated,Drama,"Lady Gaga, Kathy Bates, Angela Bassett, Sarah Paulson",8.0,High
"Love, Death & Robots",2019,15.0,Not Rated,Animation,"Scott Whyte, Nolan North, Steven Pacey, ""Emily OBrien""",8.5,High
Black Mirror,2011,60.0,Not Rated,Drama,"Daniel Lapaine, Hannah John-Kamen, Michaela Coel, Beatrice Robertson-Jones",8.8,High
The Witcher,2019,60.0,Not Rated,Action,"Henry Cavill, Anna Shaffer, Freya Allan, Yasen Atour",8.2,High
The Crown,2016,58.0,Not Rated,Biography,"Claire Foy, Olivia Colman, Imelda Staunton, Matt Smith",8.6,High
Lost,2004,44.0,Not Rated,Adventure,"Jorge Garcia, Josh Holloway, Yunjin Kim, Evangeline Lilly",8.3,High
It's Always Sunny in Philadelphia,2005,22.0,Not Rated,Comedy,"Charlie Day, Glenn Howerton, Rob McElhenney, Kaitlin Olson",8.8,High
Kim's Convenience,2016,22.0,Not Rated,Comedy,"Paul Sun-Hyung Lee, Jean Yoon, Andrea Bang, Simu Liu",8.2,High
Shameless,2011,46.0,Not Rated,Comedy,"Emmy Rossum, William H. Macy, Ethan Cutkosky, Jeremy Allen White",8.5,High
S.W.A.T.,2017,43.0,Not Rated,Action,"Shemar Moore, Alex Russell, Lina Esco, Kenny Johnson",7.0,Moderate
How I Met Your Mother,2005,22.0,Not Rated,Comedy,"Josh Radnor, Jason Segel, Cobie Smulders, Neil Patrick Harris",8.3,High
Pose,2018,60.0,Not Rated,Drama,"Mj Rodriguez, Dominique Jackson, Indya Moore, Angel Bismark Curiel",8.6,High
New Girl,2011,22.0,Not Rated,Comedy,"Zooey Deschanel, Jake Johnson, Max Greenfield, Hannah Simone",7.7,Moderate
See,2019,60.0,Not Rated,Action,"Jason Momoa, Sylvia Hoeks, Hera Hilmar, Christian Camargo",7.6,Moderate
Ozark,2017,60.0,Not Rated,Crime,"Jason Bateman, Laura Linney, Sofia Hublitz, Skylar Gaertner",8.4,High
The 100,2014,43.0,Not Rated,Drama,"Eliza Taylor, Bob Morley, Marie Avgeropoulos, Isaiah Washington",7.6,Moderate
Doctor Who,2005,45.0,Not Rated,Adventure,"Jodie Whittaker, Peter Capaldi, Pearl Mackie, Matt Smith",8.6,High
Westworld,2016,62.0,Not Rated,Drama,"Evan Rachel Wood, Jeffrey Wright, Ed Harris, Thandiwe Newton",8.6,High
The Vampire Diaries,2009,43.0,Not Rated,Drama,"Nina Dobrev, Paul Wesley, Ian Somerhalder, Kat Graham",7.7,Moderate
The Wire,2002,59.0,Not Rated,Crime,"Dominic West, Lance Reddick, Sonja Sohn, Wendell Pierce",9.3,High
A Million Little Things,2018,43.0,Not Rated,Comedy,"David Giuntoli, Romany Malco, Allison Miller, Christina Moses",7.9,Moderate
The Last Kingdom,2015,60.0,Not Rated,Action,"Alexander Dreymon, Eliza Butterworth, Arnas Fedaravicius, Millie Brady",8.4,High
Sons of Anarchy,2008,45.0,Not Rated,Crime,"Charlie Hunnam, Katey Sagal, Mark Boone Junior, Kim Coates",8.5,High
Bones,2005,40.0,Not Rated,Comedy,"Emily Deschanel, David Boreanaz, Michaela Conlin, T.J. Thyne",7.8,Moderate
Bosch,2014,51.0,Not Rated,Crime,"Titus Welliver, Jamie Hector, Amy Aquino, Lance Reddick",8.4,High
Chicago Fire,2012,43.0,Not Rated,Action,"Jesse Spencer, Taylor Kinney, Christian Stolte, Eamonn Walker",8.0,High
True Detective,2014,55.0,Not Rated,Crime,"Vince Vaughn, Colin Farrell, Rachel McAdams, Taylor Kitsch",8.9,High
Community,2009,22.0,Not Rated,Comedy,"Joel McHale, Danny Pudi, Donald Glover, Chevy Chase",8.5,High
Castlevania,2017,23.0,Not Rated,Animation,"Richard Armitage, James Callis, Alejandra Reynoso, Theo James",8.3,High
Master of None,2015,30.0,Not Rated,Comedy,"Aziz Ansari, Eric Wareheim, Lena Waithe, Noël Wells",8.3,High
House M.D.,2004,44.0,Not Rated,Drama,"Hugh Laurie, Omar Epps, Robert Sean Leonard, Jesse Spencer",8.7,High
Sex Education,2019,45.0,Not Rated,Comedy,"Asa Butterfield, Gillian Anderson, Ncuti Gatwa, Emma Mackey",8.3,High
The Bold Type,2017,45.0,Not Rated,Comedy,"Katie Stevens, Aisha Dee, Meghann Fahy, Melora Hardin",7.9,Moderate
Superstore,2015,22.0,Not Rated,Comedy,"Ben Feldman, Lauren Ash, Colton Dunn, Nico Santos",7.8,Moderate
The Expanse,2015,60.0,Not Rated,Drama,"Wes Chatham, Dominique Tipper, Steven Strait, Shohreh Aghdashloo",8.5,High
The Rookie,2018,43.0,Not Rated,Comedy,"Nathan Fillion, Alyssa Diaz, Richard T. Jones, Titus Makin Jr.",8.0,High
Suits,2011,44.0,Not Rated,Comedy,"Gabriel Macht, Patrick J. Adams, Meghan Markle, Sarah Rafferty",8.4,High
Parks and Recreation,2009,22.0,Not Rated,Comedy,"Amy Poehler, ""Jim OHeir"", Nick Offerman, Chris Pratt",8.6,High
Cobra Kai,2018,30.0,Not Rated,Action,"Ralph Macchio, Xolo Maridueña, William Zabka, Courtney Henggeler",8.6,High
Legends of Tomorrow,2016,42.0,Not Rated,Action,"Caity Lotz, Amy Louise Pemberton, Dominic Purcell, Brandon Routh",6.8,Low
09-01-2001,2018,43.0,Not Rated,Action,"Angela Bassett, Peter Krause, Oliver Stark, Aisha Hinds",7.7,Moderate
Heartland,2007,45.0,Not Rated,Drama,"Amber Marshall, Shaun Johnston, Michelle Morgan, Graham Wardle",8.4,High
Broken But Beautiful,2018,22.0,Not Rated,Drama,"Vikrant Massey, Harleen Sethi, Jitin Gulati, Pooja Bhamrrah",9.2,High
Mad Men,2007,47.0,Not Rated,Drama,"Jon Hamm, Elisabeth Moss, Vincent Kartheiser, January Jones",8.6,High
Boku no hîrô akademia,2016,24.0,Not Rated,Animation,"Daiki Yamashita, Nobuhiko Okamoto, Ayane Sakura, Kaito Ishikawa",8.5,High
Dark,2017,60.0,Not Rated,Crime,"Louis Hofmann, Karoline Eichhorn, Lisa Vicari, Maja Schöne",8.8,High
Chicago P.D.,2014,43.0,Not Rated,Action,"Jason Beghe, Jesse Lee Soffer, Patrick John Flueger, Marina Squerciati",8.1,High
Euphoria,2019,55.0,Not Rated,Drama,"Zendaya, Hunter Schafer, Jacob Elordi, Maude Apatow",8.4,High
Homeland,2011,55.0,Not Rated,Crime,"Claire Danes, Mandy Patinkin, Damian Lewis, Rupert Friend",8.3,High
BoJack Horseman,2014,25.0,Not Rated,Animation,"Will Arnett, Amy Sedaris, Alison Brie, Aaron Paul",8.7,High
Prison Break,2005,44.0,Not Rated,Action,"Dominic Purcell, Wentworth Miller, Amaury Nolasco, Robert Knepper",8.3,High
Succession,2018,60.0,Not Rated,Drama,"Nicholas Braun, Sarah Snook, Jeremy Strong, Brian Cox",8.6,High
Riverdale,2017,45.0,Not Rated,Crime,"K.J. Apa, Lili Reinhart, Camila Mendes, Cole Sprouse",6.8,Low
Hawaii Five-0,2010,42.0,Not Rated,Action,"""Alex OLoughlin"", Scott Caan, Taylor Wily, Daniel Dae Kim",7.3,Moderate
SEAL Team,2017,43.0,Not Rated,Action,"David Boreanaz, Max Thieriot, Neil Brown Jr., A.J. Buckley",7.6,Moderate
Billions,2016,60.0,Not Rated,Drama,"Paul Giamatti, Damian Lewis, Maggie Siff, David Costabile",8.4,High
Agents of S.H.I.E.L.D.,2013,45.0,Not Rated,Action,"Clark Gregg, Ming-Na Wen, Brett Dalton, Iain De Caestecker",7.5,Moderate
Good Girls,2018,43.0,Not Rated,Comedy,"Christina Hendricks, Retta, Mae Whitman, Reno Wilson",7.8,Moderate
Call the Midwife,2012,60.0,Not Rated,Drama,"Vanessa Redgrave, Laura Main, Jenny Agutter, Stephen McGann",8.4,High
Legacies,2018,45.0,Not Rated,Adventure,"Danielle Rose Russell, Aria Shahghasemi, Kaylee Bryant, Quincy Fouse",7.4,Moderate
Teen Wolf,2011,41.0,Not Rated,Action,"Tyler Posey, Holland Roden, ""Dylan OBrien"", Linden Ashby",7.6,Moderate
Mr Inbetween,2018,30.0,Not Rated,Crime,"Scott Ryan, Chika Yasumura, Justin Rosniak, Damon Herriman",8.5,High
Arrow,2012,42.0,Not Rated,Action,"Stephen Amell, Katie Cassidy, David Ramsey, Susanna Thompson",7.5,Moderate
Titans,2018,45.0,Not Rated,Action,"Brenton Thwaites, Teagan Croft, Anna Diop, Ryan Potter",7.7,Moderate
For All Mankind,2019,60.0,Not Rated,Drama,"Joel Kinnaman, Michael Dorman, Sarah Jones, Shantel VanSanten",7.8,Moderate
Station 19,2018,60.0,Not Rated,Action,"Jaina Lee Ortiz, Jason George, Grey Damon, Barrett Doss",6.7,Low
Scrubs,2001,22.0,Not Rated,Comedy,"Zach Braff, Donald Faison, Sarah Chalke, John C. McGinley",8.3,High
The Morning Show,2019,60.0,Not Rated,Drama,"Jennifer Aniston, Reese Witherspoon, Billy Crudup, Gugu Mbatha-Raw",8.4,High
Two and a Half Men,2003,22.0,Not Rated,Comedy,"Jon Cryer, Ashton Kutcher, Angus T. Jones, Conchata Ferrell",7.0,Moderate
Star Wars: The Clone Wars,2008,23.0,Not Rated,Animation,"Tom Kane, Dee Bradley Baker, Matt Lanter, James Arnold Taylor",8.3,High
Once Upon a Time,2011,60.0,Not Rated,Adventure,"Ginnifer Goodwin, Jennifer Morrison, Lana Parrilla, Robert Carlyle",7.7,Moderate
Happy Endings,2011,22.0,Not Rated,Comedy,"Eliza Coupe, Elisha Cuthbert, Zachary Knighton, Adam Pally",7.7,Moderate
Orange Is the New Black,2013,59.0,Not Rated,Comedy,"Taylor Schilling, Danielle Brooks, Taryn Manning, Emma Myles",8.0,High
Batwoman,2019,45.0,Not Rated,Action,"Camrus Johnson, Rachel Skarsten, Meagan Tandy, Nicole Kang",3.4,Low
Killing Eve,2018,42.0,Not Rated,Action,"Jodie Comer, Sandra Oh, Fiona Shaw, Kim Bodnia",8.2,High
Mr. Robot,2015,49.0,Not Rated,Crime,"Rami Malek, Christian Slater, Carly Chaikin, Martin Wallström",8.5,High
In Treatment,2008,25.0,Not Rated,Drama,"Gabriel Byrne, Dianne Wiest, Uzo Aduba, Michelle Forbes",8.2,High
Narcos,2015,49.0,Not Rated,Biography,"Pedro Pascal, Wagner Moura, Boyd Holbrook, Alberto Ammann",8.8,High
Sherlock,2010,88.0,Not Rated,Crime,"Benedict Cumberbatch, Martin Freeman, Una Stubbs, Rupert Graves",9.1,High
Virgin River,2019,44.0,Not Rated,Drama,"Alexandra Breckenridge, Martin Henderson, Colin Lawrence, Lauren Hammersley",7.5,Moderate
The Mentalist,2008,43.0,Not Rated,Crime,"Simon Baker, Robin Tunney, Tim Kang, Owain Yeoman",8.1,High
Élite,2018,60.0,Not Rated,Crime,"Itzan Escamilla, Omar Ayuso, Miguel Bernardeau, Arón Piper",7.5,Moderate
Arrested Development,2003,22.0,Not Rated,Comedy,"Jason Bateman, Michael Cera, Portia de Rossi, Will Arnett",8.7,High
24,2001,44.0,Not Rated,Action,"Kiefer Sutherland, Mary Lynn Rajskub, Carlos Bernard, Dennis Haysbert",8.3,High
Supergirl,2015,43.0,Not Rated,Action,"Melissa Benoist, Chyler Leigh, David Harewood, Mehcad Brooks",6.2,Low
High School Musical: The Musical - The Series,2019,31.0,Not Rated,Comedy,"Olivia Rodrigo, Joshua Bassett, Matt Cornett, Larry Saperstein",7.3,Moderate
Death in Paradise,2011,60.0,Not Rated,Comedy,"Elizabeth Bourgine, Danny John-Jules, Don Warrington, Tobi Bakare",7.8,Moderate
Animal Kingdom,2016,60.0,Not Rated,Crime,"Shawn Hatosy, Ben Robson, Jake Weary, Finn Cole",8.2,High
Mindhunter,2017,60.0,Not Rated,Crime,"Jonathan Groff, Holt McCallany, Anna Torv, Hannah Gross",8.6,High
The Sinner,2017,45.0,Not Rated,Crime,"Bill Pullman, Dohn Norwood, Adam LeFevre, Jessica Biel",7.9,Moderate
True Blood,2008,55.0,Not Rated,Drama,"Anna Paquin, Stephen Moyer, Sam Trammell, Ryan Kwanten",7.8,Moderate
Psych,2006,44.0,Not Rated,Comedy,"James Roday Rodriguez, Dulé Hill, Timothy Omundson, Corbin Bernsen",8.3,High
Jack Ryan,2018,60.0,Not Rated,Action,"John Krasinski, Wendell Pierce, John Hoogenakker, Abbie Cornish",8.1,High
Demon Slayer: Kimetsu No Yaiba,2019,25.0,Not Rated,Animation,"Natsuki Hanae, Zach Aguilar, Abby Trott, Akari Kitô",8.7,High
Prodigal Son,2019,44.0,Not Rated,Crime,"Tom Payne, Lou Diamond Phillips, Halston Sage, Aurora Perrineau",7.7,Moderate
You,2018,45.0,Not Rated,Crime,"Penn Badgley, Victoria Pedretti, Ambyr Childers, Elizabeth Lail",7.7,Moderate
Blue Bloods,2010,43.0,Not Rated,Crime,"Donnie Wahlberg, Bridget Moynahan, Will Estes, Len Cariou",7.6,Moderate
Castle,2009,43.0,Not Rated,Comedy,"Nathan Fillion, Stana Katic, Susan Sullivan, Jon Huertas",8.1,High
Inside No. 9,2014,30.0,Not Rated,Comedy,"Reece Shearsmith, Steve Pemberton, Derek Jacobi, Rosie Cavaliero",8.5,High
Spartacus: Blood and Sand,2010,55.0,Not Rated,Action,"Andy Whitfield, Lucy Lawless, Manu Bennett, Daniel Feuerriegel",8.5,High
Young Sheldon,2017,30.0,Not Rated,Comedy,"Iain Armitage, Zoe Perry, Lance Barber, Montana Jordan",7.5,Moderate
The Good Place,2016,22.0,Not Rated,Comedy,"Kristen Bell, William Jackson Harper, Jameela Jamil, ""DArcy Carden""",8.2,High
A Discovery of Witches,2018,60.0,Not Rated,Drama,"Matthew Goode, Teresa Palmer, Valarie Pettiford, Alex Kingston",8.0,High
NCIS: Los Angeles,2009,43.0,Not Rated,Action,"""Chris ODonnell"", Daniela Ruah, Barrett Foa, LL Cool J",6.7,Low
Motherland,2016,30.0,Not Rated,Comedy,"Anna Maxwell Martin, Lucy Punch, Diane Morgan, Paul Ready",7.8,Moderate
Bob's Burgers,2011,22.0,Not Rated,Animation,"H. Jon Benjamin, Dan Mintz, Eugene Mirman, John Roberts",8.1,High
Desperate Housewives,2004,45.0,Not Rated,Comedy,"Teri Hatcher, Felicity Huffman, Marcia Cross, Eva Longoria",7.5,Moderate
The Girlfriend Experience,2016,27.0,Not Rated,Drama,"Riley Keough, Paul Sparks, Julia Goldani Telles, Mary Lynn Rajskub",7.1,Moderate
Avatar: The Last Airbender,2005,23.0,Not Rated,Animation,"Dee Bradley Baker, Zach Tyler, Mae Whitman, Jack De Sena",9.3,High
Star Trek: Discovery,2017,60.0,Not Rated,Action,"Sonequa Martin-Green, Doug Jones, Anthony Rapp, Mary Wiseman",7.2,Moderate
iCarly,2007,30.0,Not Rated,Comedy,"Miranda Cosgrove, Jerry Trainor, Jennette McCurdy, Nathan Kress",6.7,Low
NCIS: New Orleans,2014,42.0,Not Rated,Crime,"Scott Bakula, Rob Kerkovich, CCH Pounder, Daryl Mitchell",6.8,Low
Justified,2010,44.0,Not Rated,Action,"Timothy Olyphant, Nick Searcy, Joelle Carter, Jacob Pitts",8.6,High
The Marvelous Mrs. Maisel,2017,57.0,Not Rated,Comedy,"Rachel Brosnahan, Alex Borstein, Michael Zegen, Marin Hinkle",8.7,High
City on a Hill,2019,60.0,Not Rated,Crime,"Kevin Bacon, Aldis Hodge, Lauren E. Banks, Amanda Clayton",7.6,Moderate
Dynasty,2017,42.0,Not Rated,Drama,"Elizabeth Gillies, Grant Show, Rafael de la Fuente, Robert Christopher Riley",7.3,Moderate
Flack,2019,60.0,Not Rated,Comedy,"Anna Paquin, Lydia Wilson, Rebecca Benson, Sophie Okonedo",7.1,Moderate
The O.C.,2003,44.0,Not Rated,Comedy,"Mischa Barton, Adam Brody, Peter Gallagher, Kelly Rowan",7.5,Moderate
Big Little Lies,2017,60.0,Not Rated,Crime,"Reese Witherspoon, Nicole Kidman, Shailene Woodley, Zoë Kravitz",8.5,High
Chicago Med,2015,43.0,Not Rated,Drama,"Nick Gehlfuss, Brian Tee, Marlyne Barrett, S. Epatha Merkerson",7.6,Moderate
Glee,2009,44.0,Not Rated,Comedy,"Lea Michele, Jane Lynch, Matthew Morrison, Cory Monteith",6.7,Low
The Originals,2013,45.0,Not Rated,Drama,"Joseph Morgan, Daniel Gillies, Claire Holt, Phoebe Tonkin",8.2,High
Godfather of Harlem,2019,55.0,Not Rated,Crime,"Forest Whitaker, Nigel Thatch, Ilfenesh Hadera, Lucy Fry",8.0,High
Gossip Girl,2007,42.0,Not Rated,Drama,"Blake Lively, Leighton Meester, Penn Badgley, Ed Westwick",7.4,Moderate
Broadchurch,2013,48.0,Not Rated,Crime,"David Tennant, Olivia Colman, Jodie Whittaker, Andrew Buchan",8.4,High
Black Summer,2019,40.0,Not Rated,Action,"Justin Chu Cary, Jaime King, Christine Lee, Sal Velez Jr.",6.4,Low
The Goldbergs,2013,22.0,Not Rated,Comedy,"Wendi McLendon-Covey, Sean Giambrone, Troy Gentile, Hayley Orrantia",8.1,High
The Resident,2018,60.0,Not Rated,Drama,"Matt Czuchry, Emily VanCamp, Manish Dayal, Bruce Greenwood",7.7,Moderate
Banshee,2013,60.0,Not Rated,Action,"Antony Starr, Ivana Milicevic, Ulrich Thomsen, Frankie Faison",8.4,High
The Chosen,2017,54.0,Not Rated,Drama,"Shahar Isaac, Jonathan Roumie, Paras Patel, George Harrison Xanthis",9.7,High
Daredevil,2015,54.0,Not Rated,Action,"Charlie Cox, ""Vincent DOnofrio"", Deborah Ann Woll, Elden Henson",8.6,High
The Punisher,2017,53.0,Not Rated,Action,"Jon Bernthal, Amber Rose Revah, Ben Barnes, Jason R. Moore",8.5,High
Smallville,2001,60.0,Not Rated,Adventure,"Tom Welling, Michael Rosenbaum, Allison Mack, Kristin Kreuk",7.5,Moderate
Fringe,2008,46.0,Not Rated,Drama,"Anna Torv, Joshua Jackson, John Noble, Jasika Nicole",8.4,High
Special,2019,15.0,Not Rated,Comedy,"""Ryan OConnell"", Jessica Hecht, Punam Patel, Marla Mindelle",7.6,Moderate
House of Cards,2013,51.0,Not Rated,Drama,"Kevin Spacey, Michel Gill, Robin Wright, Kate Mara",8.7,High
Entourage,2004,28.0,Not Rated,Comedy,"Kevin Connolly, Adrian Grenier, Kevin Dillon, Jerry Ferrara",8.4,High
Letterkenny,2016,30.0,Not Rated,Comedy,"Jared Keeso, Nathan Dales, Michelle Mylett, Andrew Herr",8.6,High
Cold Case,2003,44.0,Not Rated,Crime,"Kathryn Morris, Danny Pino, John Finn, Jeremy Ratchford",7.6,Moderate
13 Reasons Why,2017,60.0,Not Rated,Drama,"Dylan Minnette, Katherine Langford, Christian Navarro, Alisha Boe",7.6,Moderate
FBI,2018,60.0,Not Rated,Action,"Missy Peregrym, Zeeko Zaki, Jeremy Sisto, Ebonee Noel",6.8,Low
The Americans,2013,44.0,Not Rated,Crime,"Keri Russell, Matthew Rhys, Keidrich Sellati, Holly Taylor",8.4,High
Gotham,2014,42.0,Not Rated,Action,"Ben McKenzie, Jada Pinkett Smith, Donal Logue, Camren Bicondova",7.8,Moderate
Monk,2002,44.0,Not Rated,Comedy,"Tony Shalhoub, Jason Gray-Stanford, Ted Levine, Traylor Howard",8.0,High
How to Get Away with Murder,2014,43.0,Not Rated,Crime,"Viola Davis, Billy Brown, Jack Falahee, Aja Naomi King",8.1,High
One Tree Hill,2003,60.0,Not Rated,Drama,"Chad Michael Murray, James Lafferty, Hilarie Burton, Bethany Joy Lenz",7.7,Moderate
The Leftovers,2014,60.0,Not Rated,Drama,"Justin Theroux, Amy Brenneman, Christopher Eccleston, Liv Tyler",8.3,High
Çukur,2017,120.0,Not Rated,Action,"Aras Bulut Iynemli, Riza Kocaoglu, Cem Uslu, Ertugrul Aytaç Usun",7.4,Moderate
Good Witch,2015,48.0,Not Rated,Comedy,"Catherine Bell, Catherine Disher, James Denton, Kylee Evans",7.3,Moderate
Van Helsing,2016,43.0,Not Rated,Action,"Kelly Overton, Jonathan Scarfe, Aleks Paunovic, Rukiya Bernard",6.2,Low
Doom Patrol,2019,60.0,Not Rated,Action,"Diane Guerrero, April Bowlby, Matt Bomer, Brendan Fraser",7.9,Moderate
What We Do in the Shadows,2019,30.0,Not Rated,Comedy,"Kayvan Novak, Matt Berry, Natasia Demetriou, Harvey Guillén",8.5,High
Rizzoli & Isles,2010,60.0,Not Rated,Crime,"Angie Harmon, Sasha Alexander, Jordan Bridges, Bruce McGill",7.6,Moderate
Mom,2013,30.0,Not Rated,Comedy,"Allison Janney, Anna Faris, Mimi Kennedy, Beth Hall",7.2,Moderate
Jane the Virgin,2014,60.0,Not Rated,Comedy,"Gina Rodriguez, Andrea Navedo, Yael Grobglas, Justin Baldoni",7.8,Moderate
Girl From Nowhere,2018,45.0,Not Rated,Crime,"Chicha Amatayakul, Tris Ren, Naomi Amante, Rich Ting",7.7,Moderate
Boardwalk Empire,2010,55.0,Not Rated,Crime,"Steve Buscemi, Kelly Macdonald, Michael Shannon, Shea Whigham",8.5,High
Pretty Little Liars,2010,44.0,Not Rated,Drama,"Troian Bellisario, Ashley Benson, Lucy Hale, Shay Mitchell",7.4,Moderate
Six Feet Under,2001,55.0,Not Rated,Comedy,"Peter Krause, Michael C. Hall, Frances Conroy, Lauren Ambrose",8.7,High
L.A.'s Finest,2019,60.0,Not Rated,Action,"Jessica Alba, Gabrielle Union, Duane Martin, Zach Gilford",6.0,Low
White Collar,2009,40.0,Not Rated,Comedy,"Matt Bomer, Tim DeKay, Willie Garson, Tiffani Thiessen",8.2,High
The Man in the High Castle,2015,60.0,Not Rated,Drama,"Alexa Davalos, Luke Kleintank, Rufus Sewell, Rupert Evans",8.0,High
Designated Survivor,2016,60.0,Not Rated,Action,"Kiefer Sutherland, Adan Canto, Italia Ricci, Kal Penn",7.5,Moderate
Hunter x Hunter,2011,24.0,Not Rated,Animation,"Issei Futamata, Megumi Han, Cristina Valenzuela, Mariya Ise",9.0,High
Grace and Frankie,2015,30.0,Not Rated,Comedy,"Jane Fonda, Lily Tomlin, Sam Waterston, Martin Sheen",8.3,High
Mayans M.C.,2018,60.0,Not Rated,Crime,"JD Pardo, Clayton Cardenas, Sarah Bolger, Michael Irby",7.6,Moderate
Fleabag,2016,27.0,Not Rated,Comedy,"Phoebe Waller-Bridge, Sian Clifford, Olivia Colman, Jenny Rainsford",8.7,High
American Gods,2017,60.0,Not Rated,Drama,"Ricky Whittle, Emily Browning, Yetide Badaki, Bruce Langley",7.7,Moderate
Hannibal,2013,44.0,Not Rated,Crime,"Hugh Dancy, Mads Mikkelsen, Caroline Dhavernas, Laurence Fishburne",8.5,High
Last Man Standing,2011,30.0,Not Rated,Comedy,"Tim Allen, Nancy Travis, Hector Elizondo, Christoph Sanders",7.5,Moderate
The Fall,2013,60.0,Not Rated,Crime,"Gillian Anderson, Jamie Dornan, John Lynch, Aisling Franciosi",8.1,High
Person of Interest,2011,43.0,Not Rated,Action,"Jim Caviezel, Taraji P. Henson, Kevin Chapman, Michael Emerson",8.4,High
Unforgotten,2015,45.0,Not Rated,Crime,"Sanjeev Bhaskar, Jordan Long, Lewis Reeves, Nicola Walker",8.3,High
Snowfall,2017,44.0,Not Rated,Crime,"Damson Idris, Carter Hudson, Isaiah John, Sergio Peris-Mencheta",8.2,High
Barry,2018,30.0,Not Rated,Action,"Bill Hader, Stephen Root, Sarah Goldberg, Anthony Carrigan",8.3,High
Warrior,2019,60.0,Not Rated,Action,"Andrew Koji, Olivia Cheng, Jason Tobin, Dianne Doan",8.4,High
His Dark Materials,2019,60.0,Not Rated,Adventure,"Dafne Keen, Amir Wilson, Kit Connor, Ruth Wilson",7.9,Moderate
Archer,2009,22.0,Not Rated,Animation,"H. Jon Benjamin, Judy Greer, Amber Nash, Chris Parnell",8.6,High
Naruto: Shippûden,2007,24.0,Not Rated,Animation,"Junko Takeuchi, Maile Flanagan, Kate Higgins, Chie Nakamura",8.6,High
Chuck,2007,43.0,Not Rated,Action,"Zachary Levi, Yvonne Strahovski, Joshua Gomez, Vik Sahay",8.2,High
American Dad!,2005,22.0,Not Rated,Animation,"Seth MacFarlane, Wendy Schaal, Scott Grimes, Rachael MacFarlane",7.3,Moderate
Final Space,2018,30.0,Not Rated,Animation,"Fred Armisen, Tom Kenny, Olan Rogers, Tika Sumpter",8.3,High
The Killing,2011,45.0,Not Rated,Crime,"Mireille Enos, Joel Kinnaman, Billy Campbell, Liam James",8.2,High
The Chi,2018,60.0,Not Rated,Drama,"Jason Mitchell, Jacob Latimore, Ntare Guma Mbaho Mwine, Alex R. Hibbert",7.4,Moderate
Vera,2011,90.0,Not Rated,Crime,"Brenda Blethyn, Jon Morrison, Riley Jones, Kenny Doughty",7.9,Moderate
Miraculous: Tales of Ladybug & Cat Noir,2015,20.0,Not Rated,Animation,"Cristina Valenzuela, Bryce Papenbrook, Keith Silverstein, Mela Lee",7.7,Moderate
Longmire,2012,60.0,Not Rated,Action,"Robert Taylor, Katee Sackhoff, Lou Diamond Phillips, Cassidy Freeman",8.3,High
Law & Order: Criminal Intent,2001,60.0,Not Rated,Crime,"Kathryn Erbe, ""Vincent DOnofrio"", Jamey Sheridan, Courtney B. Vance",7.4,Moderate
Death Note: Desu nôto,2006,24.0,Not Rated,Animation,"Mamoru Miyano, Brad Swaile, Vincent Tong, Ryô Naitô",9.0,High
Murdoch Mysteries,2008,48.0,Not Rated,Crime,"Yannick Bisson, Helene Joy, Thomas Craig, Jonny Harris",8.1,High
MacGyver,2016,43.0,Not Rated,Action,"Lucas Till, Tristin Mays, Justin Hires, Meredith Eaton",5.4,Low
Shrill,2019,30.0,Not Rated,Comedy,"Aidy Bryant, Lolly Adefope, John Cameron Mitchell, Ian Owens",7.4,Moderate
Keeping Up with the Kardashians,2006,44.0,Not Rated,Drama,"Khloé Kardashian, Kim Kardashian, Kourtney Kardashian, Kris Jenner",2.8,Low
Star Wars: Rebels,2014,22.0,Not Rated,Animation,"Taylor Gray, Dave Filoni, Vanessa Marshall, Freddie Prinze Jr.",8.0,High
Silicon Valley,2014,28.0,Not Rated,Comedy,"Thomas Middleditch, T.J. Miller, Josh Brener, Martin Starr",8.5,High
Endeavour,2012,89.0,Not Rated,Crime,"Shaun Evans, Roger Allam, James Bradshaw, Sean Rigby",8.6,High
Nancy Drew,2019,44.0,Not Rated,Drama,"Kennedy McMann, Leah Lewis, Maddison Jaizani, Tunji Kasim",6.3,Low
Naruto,2002,24.0,Not Rated,Animation,"Junko Takeuchi, Maile Flanagan, Kate Higgins, Chie Nakamura",8.3,High
Battlestar Galactica,2004,44.0,Not Rated,Action,"Edward James Olmos, Mary McDonnell, Jamie Bamber, James Callis",8.7,High
The Orville,2017,44.0,Not Rated,Adventure,"Seth MacFarlane, Adrianne Palicki, Penny Johnson Jerald, Scott Grimes",8.0,High
Harley Quinn,2019,23.0,Not Rated,Animation,"Kaley Cuoco, Lake Bell, Alan Tudyk, Ron Funches",8.5,High
Deadwood,2004,55.0,Not Rated,Crime,"Timothy Olyphant, Ian McShane, Molly Parker, Brad Dourif",8.6,High
American Crime Story,2016,42.0,Not Rated,Biography,"Sarah Paulson, Annaleigh Ashford, Sterling K. Brown, Kenneth Choi",8.4,High
Skins,2007,46.0,Not Rated,Drama,"Kaya Scodelario, Nicholas Hoult, Joe Dempsie, Hannah Murray",8.2,High
Black Sails,2014,56.0,Not Rated,Adventure,"Jessica Parker Kennedy, Toby Stephens, Hannah New, Zach McGowan",8.2,High
The Good Fight,2017,45.0,Not Rated,Crime,"Christine Baranski, Cush Jumbo, Delroy Lindo, Sarah Steele",8.3,High
Mirzapur,2018,60.0,Not Rated,Action,"Pankaj Tripathi, Ali Fazal, Divyendu Sharma, Shweta Tripathi",8.4,High
Bates Motel,2013,45.0,Not Rated,Drama,"Vera Farmiga, Freddie Highmore, Max Thieriot, Nicola Peltz",8.1,High
Charmed,2018,43.0,Not Rated,Drama,"Melonie Diaz, Madeleine Mantock, Sarah Jeffery, Rupert Evans",4.6,Low
Altered Carbon,2018,60.0,Not Rated,Action,"Chris Conner, Renée Elise Goldsberry, Dichen Lachman, Will Yun Lee",8.0,High
Atypical,2017,30.0,Not Rated,Comedy,"Jennifer Jason Leigh, Keir Gilchrist, Brigette Lundy-Paine, Michael Rapaport",8.3,High
All American,2018,45.0,Not Rated,Drama,"Daniel Ezra, Bre-Z, Greta Onieogou, Samantha Logan",7.7,Moderate
Narcos: México,2018,50.0,Not Rated,Crime,"Scoot McNairy, Diego Luna, José María Yazpik, Fermín Martínez",8.4,High
Dead to Me,2019,30.0,Not Rated,Comedy,"Christina Applegate, Linda Cardellini, Sam McCarthy, Luke Roessler",8.0,High
Ray Donovan,2013,60.0,Not Rated,Crime,"Liev Schreiber, Eddie Marsan, Dash Mihok, Pooch Hall",8.3,High
Hagane no renkinjutsushi,2009,24.0,Not Rated,Animation,"Kent Williams, Iemasa Kayumi, Vic Mignogna, Romi Pak",9.1,High
Anne,2017,60.0,Not Rated,Drama,"Amybeth McNulty, Geraldine James, R.H. Thomson, Dalila Bela",8.7,High
Bull,2016,60.0,Not Rated,Comedy,"Michael Weatherly, Freddy Rodríguez, Geneva Carr, Jaime Lee Kirchner",7.0,Moderate
Servant,2019,30.0,Not Rated,Drama,"Lauren Ambrose, Toby Kebbell, Nell Tiger Free, Rupert Grint",7.5,Moderate
Luther,2010,60.0,Not Rated,Crime,"Idris Elba, Dermot Crowley, Michael Smiley, Warren Brown",8.5,High
Magnum P.I.,2018,43.0,Not Rated,Action,"Jay Hernandez, Perdita Weeks, Zachary Knighton, Stephen Hill",5.8,Low
Burn Notice,2007,44.0,Not Rated,Action,"Jeffrey Donovan, Gabrielle Anwar, Bruce Campbell, Sharon Gless",7.9,Moderate
Reign,2013,42.0,Not Rated,Drama,"Adelaide Kane, Megan Follows, Celina Sinden, Torrance Coombs",7.5,Moderate
Adventure Time,2010,11.0,Not Rated,Animation,"John DiMaggio, Jeremy Shada, Tom Kenny, Hynden Walch",8.6,High
Major Crimes,2012,43.0,Not Rated,Action,"Mary McDonnell, G.W. Bailey, Tony Denison, Michael Paul Chan",7.7,Moderate
Rome,2005,52.0,Not Rated,Action,"Kevin McKidd, Ray Stevenson, Polly Walker, Kerry Condon",8.7,High
ZeroZeroZero,2019,60.0,Not Rated,Crime,"Andrea Riseborough, Dane DeHaan, Giuseppe De Domenico, Harold Torres",8.2,High
New Tricks,2003,60.0,Not Rated,Comedy,"Dennis Waterman, Amanda Redman, Alun Armstrong, James Bolam",7.8,Moderate
Revenge,2011,44.0,Not Rated,Drama,"Madeleine Stowe, Emily VanCamp, Gabriel Mann, Nick Wechsler",7.8,Moderate
On Becoming a God in Central Florida,2019,46.0,Not Rated,Comedy,"Kirsten Dunst, Théodore Pellerin, Mel Rodriguez, Beth Ditto",7.2,Moderate
Nanatsu no taizai,2014,24.0,Not Rated,Animation,"Bryce Papenbrook, Erika Harlacher, Max Mittelman, Cristina Valenzuela",8.0,High
Mr. Mercedes,2017,60.0,Not Rated,Mystery,"Brendan Gleeson, Holland Taylor, Jharrel Jerome, Breeda Wool",7.8,Moderate
JoJo no kimyô-na bôken,2012,30.0,Not Rated,Animation,"Matthew Mercer, Daisuke Ono, Unshô Ishizuka, David Vincent",8.4,High
Enterprise,2001,60.0,Not Rated,Action,"Scott Bakula, John Billingsley, Jolene Blalock, Dominic Keating",7.5,Moderate
Firefly,2002,44.0,Not Rated,Adventure,"Nathan Fillion, Gina Torres, Alan Tudyk, Morena Baccarin",9.0,High
Gravity Falls,2012,23.0,Not Rated,Animation,"Jason Ritter, Alex Hirsch, Kristen Schaal, Linda Cardellini",8.9,High
Grimm,2011,45.0,Not Rated,Crime,"David Giuntoli, Russell Hornsby, Silas Weir Mitchell, Sasha Roiz",7.8,Moderate
The Magicians,2015,60.0,Not Rated,Drama,"Stella Maeve, Hale Appleman, Arjun Gupta, Summer Bishil",7.6,Moderate
Sense8,2015,60.0,Not Rated,Drama,"Bae Doona, Jamie Clayton, Tina Desai, Tuppence Middleton",8.3,High
Dirilis: Ertugrul,2014,120.0,Not Rated,Action,"Engin Altan Düzyatan, Hülya Darcan, Cengiz Coskun, Nurettin Sönmez",8.0,High
Carnival Row,2019,56.0,Not Rated,Crime,"Orlando Bloom, Cara Delevingne, Simon McBurney, Tamzin Merchant",7.9,Moderate
Evil,2019,42.0,Not Rated,Crime,"Katja Herbers, Mike Colter, Aasif Mandvi, Skylar Gray",7.7,Moderate
Bloodline,2015,60.0,Not Rated,Drama,"Kyle Chandler, Ben Mendelsohn, Linda Cardellini, Sissy Spacek",7.9,Moderate
30 Rock,2006,22.0,Not Rated,Comedy,"Tina Fey, Alec Baldwin, Tracy Morgan, Jack McBrayer",8.2,High
Big Mouth,2017,30.0,Not Rated,Animation,"Nick Kroll, John Mulaney, Jessi Klein, Jason Mantzoukas",7.9,Moderate
Elementary,2012,60.0,Not Rated,Crime,"Jonny Lee Miller, Lucy Liu, Aidan Quinn, Jon Michael Hill",7.9,Moderate
After Life,2019,30.0,Not Rated,Comedy,"Ricky Gervais, Tom Basden, Tony Way, Diane Morgan",8.4,High
Degrassi: The Next Generation,2001,30.0,Not Rated,Drama,"Stefan Brogren, Aislinn Paul, Melinda Shankar, A.J. Saudin",7.4,Moderate
Friday Night Lights,2006,44.0,Not Rated,Drama,"Kyle Chandler, Connie Britton, Zach Gilford, Aimee Teegarden",8.6,High
Goliath,2016,60.0,Not Rated,Drama,"Billy Bob Thornton, Tania Raymonde, Nina Arianda, Diana Hopper",8.1,High
Heroes,2006,45.0,Not Rated,Drama,"Jack Coleman, Hayden Panettiere, Milo Ventimiglia, Masi Oka",7.5,Moderate
Taboo,2017,59.0,Not Rated,Drama,"Tom Hardy, David Hayman, Jonathan Pryce, Oona Chaplin",8.4,High
The End of the F***ing World,2017,25.0,Not Rated,Adventure,"Jessica Barden, Alex Lawther, Steve Oram, Christine Bottomley",8.1,High
Gomorra: La serie,2014,55.0,Not Rated,Crime,"Salvatore Esposito, ""Marco DAmore"", ""Cristiana DellAnna"", Fortunato Cerlino",8.6,High
Bluey,2018,7.0,Not Rated,Animation,"David McCormack, Melanie Zanetti, Charlotte Stent, Myf Warhurst",9.7,High
Z Nation,2014,44.0,Not Rated,Action,"Russell Hodgkinson, Nat Zang, Keith Allan, Kellita Smith",6.7,Low
Lost in Space,2018,60.0,Not Rated,Adventure,"Maxwell Jenkins, Molly Parker, Toby Stephens, Taylor Russell",7.3,Moderate
Black Clover,2017,24.0,Not Rated,Animation,"Dallas Reid, Cris George, Jill Harris, Christopher Sabat",8.3,High
Alias,2001,42.0,Not Rated,Action,"Jennifer Garner, Ron Rifkin, Carl Lumbly, Kevin Weisman",7.6,Moderate
The Good Wife,2009,43.0,Not Rated,Crime,"Julianna Margulies, Chris Noth, Josh Charles, Matt Czuchry",8.3,High
Blindspot,2015,42.0,Not Rated,Action,"Sullivan Stapleton, Jaimie Alexander, Audrey Esparza, Ashley Johnson",7.4,Moderate
When Calls the Heart,2014,43.0,Not Rated,Drama,"Erin Krakow, Martin Cummins, Pascale Hutton, Jack Wagner",8.1,High
Merlin,2008,45.0,Not Rated,Adventure,"John Hurt, Colin Morgan, Bradley James, Richard Wilson",7.9,Moderate
CSI: Miami,2002,43.0,Not Rated,Action,"David Caruso, Emily Procter, Adam Rodriguez, Rex Linn",6.4,Low
Parenthood,2010,60.0,Not Rated,Comedy,"Peter Krause, Lauren Graham, Dax Shepard, Monica Potter",8.2,High
Power,2014,50.0,Not Rated,Crime,"Omari Hardwick, Lela Loren, Naturi Naughton, Joseph Sikora",8.1,High
Black Monday,2019,582.0,Not Rated,Comedy,"Don Cheadle, Andrew Rannells, Paul Scheer, Regina Hall",7.5,Moderate
The Affair,2014,60.0,Not Rated,Drama,"Dominic West, Ruth Wilson, Maura Tierney, Julia Goldani Telles",7.9,Moderate
Travelers,2016,45.0,Not Rated,Drama,"Eric McCormack, MacKenzie Porter, Nesta Cooper, Jared Abrahamson",8.1,High
Siren,2018,60.0,Not Rated,Drama,"Alex Roe, Eline Powell, Fola Evans-Akingbola, Ian Verdun",7.0,Moderate
Veronica Mars,2004,44.0,Not Rated,Crime,"Kristen Bell, Jason Dohring, Enrico Colantoni, Percy Daggs III",8.3,High
One Punch Man: Wanpanman,2015,24.0,Not Rated,Animation,"Makoto Furukawa, Kaito Ishikawa, Max Mittelman, Zach Aguilar",8.8,High
Atlanta,2016,30.0,Not Rated,Comedy,"Donald Glover, Brian Tyree Henry, LaKeith Stanfield, Zazie Beetz",8.6,High
Twin Peaks,2017,60.0,Not Rated,Crime,"Kyle MacLachlan, Sheryl Lee, Michael Horse, Chrysta Bell",8.5,High
My Name Is Earl,2005,22.0,Not Rated,Comedy,"Jason Lee, Ethan Suplee, Jaime Pressly, Nadine Velazquez",7.7,Moderate
Leverage,2008,42.0,Not Rated,Crime,"Timothy Hutton, Gina Bellman, Christian Kane, Beth Riesgraf",7.9,Moderate
The Tudors,2007,60.0,Not Rated,Drama,"Jonathan Rhys Meyers, Henry Cavill, Anthony Brophy, James Frain",8.1,High
Wayward Pines,2015,60.0,Not Rated,Drama,"Siobhan Fallon Hogan, Toby Jones, Shannyn Sossamon, Hope Davis",7.4,Moderate
Chilling Adventures of Sabrina,2018,60.0,Not Rated,Drama,"Kiernan Shipka, Ross Lynch, Lucy Davis, Chance Perdomo",7.5,Moderate
The Middle,2009,22.0,Not Rated,Comedy,"Patricia Heaton, Neil Flynn, Charlie McDermott, Eden Sher",7.6,Moderate
The IT Crowd,2006,25.0,Not Rated,Comedy,"""Chris ODowd"", Richard Ayoade, Katherine Parkinson, Matt Berry",8.5,High
Strike,2017,60.0,Not Rated,Crime,"Tom Burke, Holliday Grainger, Kerr Logan, Killian Scott",7.9,Moderate
Colony,2016,42.0,Not Rated,Action,"Josh Holloway, Sarah Wayne Callies, Peter Jacobson, Tory Kittles",7.4,Moderate
Shadowhunters: The Mortal Instruments,2016,42.0,Not Rated,Action,"Katherine McNamara, Dominic Sherwood, Alberto Rosende, Matthew Daddario",6.6,Low
Penny Dreadful,2014,60.0,Not Rated,Drama,"Josh Hartnett, Timothy Dalton, Eva Green, Reeve Carney",8.2,High
Jessica Jones,2015,56.0,Not Rated,Action,"Krysten Ritter, Rachael Taylor, Eka Darville, Carrie-Anne Moss",7.9,Moderate
Fruits Basket,2019,24.0,Not Rated,Animation,"Manaka Iwami, Laura Bailey, Nobunaga Shimazaki, Eric Vale",8.5,High
Poldark,2015,60.0,Not Rated,Drama,"Aidan Turner, Eleanor Tomlinson, Jack Farthing, Beatie Edney",8.3,High
The Alienist,2018,60.0,Not Rated,Crime,"Daniel Brühl, Dakota Fanning, Luke Evans, Robert Wisdom",7.7,Moderate
Private Practice,2007,60.0,Not Rated,Comedy,"Kate Walsh, Paul Adelstein, KaDee Strickland, Taye Diggs",6.7,Low
Derry Girls,2018,30.0,Not Rated,Comedy,"Saoirse-Monica Jackson, Louisa Harland, Nicola Coughlan, ""Jamie-Lee ODonnell""",8.4,High
Genius,2017,43.0,Not Rated,Biography,"Samantha Colley, Seth Gabel, Antonio Banderas, Clémence Poésy",8.3,High
Miracle Workers,2019,22.0,Not Rated,Comedy,"Daniel Radcliffe, Geraldine Viswanathan, Karan Soni, Steve Buscemi",7.0,Moderate
The Ranch,2016,30.0,Not Rated,Comedy,"Ashton Kutcher, Sam Elliott, Grady Lee Richmond, Elisha Cuthbert",7.5,Moderate
Joey,2004,22.0,Not Rated,Comedy,"Matt LeBlanc, Paulo Costanzo, Drea de Matteo, Andrea Anders",6.0,Low
The Shield,2002,47.0,Not Rated,Crime,"Michael Chiklis, Catherine Dent, Walton Goggins, Michael Jace",8.7,High
Boruto: Naruto Next Generations,2017,23.0,Not Rated,Animation,"Yûko Sanpei, Kokoro Kikuchi, Ryûichi Kijima, Junko Takeuchi",7.0,Moderate
The Legend of Korra,2012,23.0,Not Rated,Animation,"Janet Varney, P.J. Byrne, David Faustino, J.K. Simmons",8.4,High
Scandal,2012,43.0,Not Rated,Drama,"Kerry Washington, Darby Stanchfield, Katie Lowes, Guillermo Díaz",7.7,Moderate
Wentworth,2013,45.0,Not Rated,Crime,"Kate Atkinson, Katrina Milosevic, Robbie Magasiva, Jacqueline Brennan",8.6,High
Undercover,2019,50.0,Not Rated,Crime,"Tom Waes, Frank Lammers, Manou Kersting, Anna Drijver",7.8,Moderate
The Backyardigans,2004,23.0,Not Rated,Animation,"LaShawn Jefferies, Jonah Bobo, Sean Curley, Thomas Sharkey",7.0,Moderate
Californication,2007,28.0,Not Rated,Comedy,"David Duchovny, Natascha McElhone, Evan Handler, Pamela Adlon",8.3,High
Workin' Moms,2017,30.0,Not Rated,Comedy,"Catherine Reitman, Dani Kind, Juno Rinaldi, Philip Sternberg",7.6,Moderate
Ugly Betty,2006,60.0,Not Rated,Comedy,"America Ferrera, Eric Mabius, Tony Plana, Ana Ortiz",6.5,Low
Victorious,2010,30.0,Not Rated,Comedy,"Victoria Justice, Leon Thomas III, Matt Bennett, Elizabeth Gillies",6.9,Low
The Terror,2018,60.0,Not Rated,Adventure,"Jared Harris, Derek Mio, Tobias Menzies, Kiki Sukezane",8.0,High
Misfits,2009,60.0,Not Rated,Comedy,"Nathan Stewart-Jarrett, Joe Gilgun, Iwan Rheon, Lauren Socha",8.2,High
Agatha Christie's Marple,2004,93.0,Not Rated,Crime,"Geraldine McEwan, Julia McKenzie, Stephen Churchett, Isabella Parriss",7.8,Moderate
Shetland,2013,60.0,Not Rated,Crime,"Douglas Henshall, ""Alison ODonnell"", Steven Robertson, Erin Armstrong",8.1,High
Episodes,2011,30.0,Not Rated,Comedy,"Matt LeBlanc, Stephen Mangan, Tamsin Greig, John Pankow",7.8,Moderate
The Closer,2005,46.0,Not Rated,Crime,"Kyra Sedgwick, J.K. Simmons, Corey Reynolds, Robert Gossett",7.6,Moderate
Manhunt,2017,60.0,Not Rated,Biography,"Gethin Anthony, Arliss Howard, Kelly Jenrette, Cameron Britton",8.1,High
Veep,2012,28.0,Not Rated,Comedy,"Julia Louis-Dreyfus, Tony Hale, Anna Chlumsky, Reid Scott",8.3,High
Legion,2017,60.0,Not Rated,Action,"Dan Stevens, Rachel Keller, Aubrey Plaza, Bill Irwin",8.2,High
Stargate: Atlantis,2004,44.0,Not Rated,Action,"Joe Flanigan, Rachel Luttrell, David Hewlett, Jason Momoa",8.1,High
Good Trouble,2019,45.0,Not Rated,Comedy,"Maia Mitchell, Cierra Ramirez, Zuri Adele, Sherry Cola",7.5,Moderate
Orphan Black,2013,44.0,Not Rated,Action,"Tatiana Maslany, Dylan Bruce, Jordan Gavaris, Kevin Hanchard",8.3,High
Scorpion,2014,43.0,Not Rated,Action,"Elyes Gabel, Katharine McPhee, Eddie Kaye Thomas, Jadyn Wong",7.1,Moderate
Sa-rang-eui bul-sa-chak,2019,70.0,Not Rated,Adventure,"Hyun Bin, Son Ye-jin, Seo Ji-hye, Kim Jung-hyun",8.7,High
Bodyguard,2018,60.0,Not Rated,Crime,"Richard Madden, Sophie Rundle, Vincent Franklin, Ash Tandon",8.1,High
Haikyuu!!,2014,24.0,Not Rated,Animation,"Ayumu Murase, Kaito Ishikawa, Yu Hayashi, Satoshi Hino",8.7,High
Skam,2015,30.0,Not Rated,Drama,"Josefine Frida Pettersen, Iman Meskini, Ulrikke Falch, Lisa Teige",8.6,High
Nashville,2012,43.0,Not Rated,Drama,"Hayden Panettiere, Clare Bowen, Charles Esten, Jonathan Jackson",7.7,Moderate
Foyle's War,2002,90.0,Not Rated,Crime,"Michael Kitchen, Honeysuckle Weeks, Anthony Howell, Ellie Haddington",8.4,High
Castle Rock,2018,60.0,Not Rated,Drama,"Bill Skarsgård, André Holland, Lizzy Caplan, Melanie Lynskey",7.6,Moderate
Medici,2016,60.0,Not Rated,Biography,"Daniel Sharman, Alessandra Mastronardi, Synnove Karlsen, Sebastian De Souza",7.9,Moderate
The OA,2016,60.0,Not Rated,Drama,"Brit Marling, Jason Isaacs, Scott Wilson, Alice Krige",7.8,Moderate
Into the Badlands,2015,42.0,Not Rated,Action,"Daniel Wu, Orla Brady, Emily Beecham, Aramis Knight",8.0,High
Trailer Park Boys,2001,30.0,Not Rated,Comedy,"John Paul Tremblay, Robb Wells, Mike Smith, John Dunsworth",8.5,High
Father Brown,2013,52.0,Not Rated,Crime,"Mark Williams, Sorcha Cusack, John Burton, Jack Deam",7.7,Moderate
Girls,2012,28.0,Not Rated,Comedy,"Lena Dunham, Allison Williams, Jemima Kirke, Adam Driver",7.3,Moderate
Doc Martin,2004,46.0,Not Rated,Comedy,"Martin Clunes, Caroline Catz, Ian McNeice, Joe Absolom",8.3,High
Dix pour cent,2015,52.0,Not Rated,Comedy,"Camille Cottin, Thibault de Montalembert, Grégory Montel, Liliane Rovère",8.3,High
Condor,2018,60.0,Not Rated,Action,"Max Irons, Kristen Hager, Bob Balaban, Sam McCarthy",7.7,Moderate
Hart of Dixie,2011,60.0,Not Rated,Comedy,"Rachel Bilson, Jaime King, Cress Williams, Wilson Bethel",7.7,Moderate
Fauda,2015,60.0,Not Rated,Action,"Lior Raz, Itzik Cohen, Neta Garty, ""Rona-Lee Shimon""",8.2,High
iZombie,2015,42.0,Not Rated,Comedy,"Rose McIver, Malcolm Goodwin, Rahul Kohli, Robert Buckley",7.8,Moderate
Wynonna Earp,2016,43.0,Not Rated,Action,"Melanie Scrofano, Tim Rozon, Dominique Provost-Chalkley, Katherine Barrell",7.5,Moderate
The Brokenwood Mysteries,2014,90.0,Not Rated,Crime,"Neill Rea, Fern Sutherland, Cristina Serban Ionda, Nic Sampson",7.9,Moderate
The Strain,2014,43.0,Not Rated,Drama,"Corey Stoll, David Bradley, Kevin Durand, Jonathan Hyde",7.3,Moderate
High School DxD,2012,23.0,Not Rated,Animation,"Yûki Kaji, Yôko Hikasa, Azumi Asakura, Shizuka Itô",7.6,Moderate
Shameless,2004,90.0,Not Rated,Comedy,"David Threlfall, Rebecca Atkinson, Alice Barry, Nicky Evans",8.0,High
Shtisel,2013,45.0,Not Rated,Drama,"""Dovale Glickman"", Michael Aloni, Neta Riskin, Shira Haas",8.6,High
Yakusoku no Neverland,2019,23.0,Not Rated,Animation,"Sumire Morohoshi, Mariya Ise, Shinei Ueki, Lynn",8.5,High
Taskmaster,2015,60.0,Not Rated,Comedy,"Greg Davies, Alex Horne, Kerry Godliman, Richard Herring",9.0,High
The Fosters,2013,60.0,Not Rated,Drama,"Teri Polo, Sherri Saum, Hayden Byerly, David Lambert",7.9,Moderate
Friday Night Dinner,2011,24.0,Not Rated,Comedy,"Tamsin Greig, Simon Bird, Paul Ritter, Tom Rosenthal",8.1,High
The L Word,2004,50.0,Not Rated,Drama,"Jennifer Beals, Leisha Hailey, Laurel Holloman, Mia Kirshner",7.6,Moderate
Kingdom,2019,45.0,Not Rated,Action,"Ju Ji-Hoon, Bae Doona, Kim Sungkyu, Hye-jun Kim",8.4,High
Modern Love,2019,32.0,Not Rated,Comedy,"Anne Hathaway, Tina Fey, Andy Garcia, Dev Patel",8.0,High
Black-ish,2014,22.0,Not Rated,Comedy,"Anthony Anderson, Tracee Ellis Ross, Marcus Scribner, Miles Brown",7.1,Moderate
Cougar Town,2009,22.0,Not Rated,Comedy,"Courteney Cox, Christa Miller, Busy Philipps, Dan Byrd",7.0,Moderate
Alone,2015,44.0,Not Rated,Documentary,"Nicole Apelian, Dan, David, Desmond",8.4,High
Eureka,2006,60.0,Not Rated,Adventure,"Colin Ferguson, Salli Richardson-Whitfield, Erica Cerra, Neil Grayston",7.9,Moderate
Top of the Lake,2013,60.0,Not Rated,Crime,"Elisabeth Moss, David Wenham, Peter Mullan, Thomas M. Wright",7.5,Moderate
Henry Danger,2014,30.0,Not Rated,Action,"Jace Norman, Cooper Barnes, Riele Downs, Sean Ryan Fox",5.7,Low
Ms Fisher's Modern Murder Mysteries,2019,86.0,Not Rated,Crime,"Geraldine Hakewill, Joel Jackson, Catherine McClements, Louisa Mignone",7.1,Moderate
The Shannara Chronicles,2016,42.0,Not Rated,Adventure,"Austin Butler, Ivana Baquero, Manu Bennett, Aaron Jakubenko",7.2,Moderate
Hanna,2019,60.0,Not Rated,Action,"Esme Creed-Miles, Mireille Enos, Joel Kinnaman, Yasmin Monet Prince",7.5,Moderate
Harrow,2018,60.0,Not Rated,Crime,"Ioan Gruffudd, Darren Gilshenan, Damien Garvey, Ella Newton",7.6,Moderate
The Newsroom,2012,55.0,Not Rated,Drama,"Jeff Daniels, Emily Mortimer, John Gallagher Jr., Alison Pill",8.6,High
2 Broke Girls,2011,22.0,Not Rated,Comedy,"Kat Dennings, Beth Behrs, Garrett Morris, Jonathan Kite",6.6,Low
Reno 911!,2003,22.0,Not Rated,Comedy,"Thomas Lennon, Cedric Yarbrough, Robert Ben Garant, Kerri Kenney",7.9,Moderate
Puberty Blues,2012,45.0,Not Rated,Comedy,"Brenna Harding, Ashleigh Cummings, Sean Keenan, Charlotte Best",8.2,High
The Righteous Gemstones,2019,36.0,Not Rated,Comedy,"John Goodman, Gavin Munn, Danny McBride, Adam Devine",8.0,High
Russian Doll,2019,30.0,Not Rated,Adventure,"Natasha Lyonne, Charlie Barnett, Sharlto Copley, Annie Murphy",7.9,Moderate
A Series of Unfortunate Events,2017,50.0,Not Rated,Adventure,"Neil Patrick Harris, Patrick Warburton, Malina Weissman, Louis Hynes",7.8,Moderate
The L Word: Generation Q,2019,55.0,Not Rated,Drama,"Jamie Clayton, Jennifer Beals, Katherine Moennig, Leisha Hailey",7.4,Moderate
Lethal Weapon,2016,44.0,Not Rated,Action,"Damon Wayans, Keesha Sharp, Kevin Rahm, Michelle Mitchenor",7.9,Moderate
The Last Man on Earth,2015,22.0,Not Rated,Action,"Will Forte, January Jones, Cleopatra Coleman, Kristen Schaal",7.3,Moderate
Below Deck,2013,43.0,Not Rated,Reality-TV,"Lee Rosbach, Kate Chastain, Eddie Lucas, Ben Robinson",7.3,Moderate
Sneaky Pete,2015,60.0,Not Rated,Crime,"Giovanni Ribisi, Marin Ireland, Shane McRae, Libe Barer",8.1,High
Search Party,2016,24.0,Not Rated,Comedy,"Alia Shawkat, John Reynolds, John Early, Meredith Hagner",7.7,Moderate
The Office,2001,30.0,Not Rated,Comedy,"Ricky Gervais, Martin Freeman, Mackenzie Crook, Lucy Davis",8.5,High
Boston Legal,2004,44.0,Not Rated,Comedy,"James Spader, William Shatner, Candice Bergen, Rene Auberjonois",8.4,High
Luis Miguel: La Serie,2018,60.0,Not Rated,Biography,"Diego Boneta, César Bordón, Gabriel Nuncio, Cesar Santana",8.1,High
This Time with Alan Partridge,2019,30.0,Not Rated,Comedy,"Steve Coogan, Susannah Fielding, Felicity Montagu, Tim Key",8.0,High
Warehouse 13,2009,43.0,Not Rated,Drama,"Eddie McClintock, Joanne Kelly, Saul Rubinek, Allison Scagliotti",7.6,Moderate
The Durrells,2016,46.0,Not Rated,Biography,"Keeley Hawes, ""Josh OConnor"", Milo Parker, Daisy Waterstone",8.2,High
Without a Trace,2002,60.0,Not Rated,Crime,"Anthony LaPaglia, Poppy Montgomery, Enrique Murciano, Eric Close",6.9,Low
Happy Valley,2014,58.0,Not Rated,Crime,"Sarah Lancashire, Siobhan Finneran, Shane Zaza, Charlie Murphy",8.4,High
Lie to Me,2009,43.0,Not Rated,Crime,"Tim Roth, Kelli Williams, Brendan Hines, Monica Raymund",8.0,High
Sacred Games,2018,50.0,Not Rated,Action,"Saif Ali Khan, Nawazuddin Siddiqui, Neeraj Kabi, Elnaaz Norouzi",8.6,High
Another Life,2019,43.0,Not Rated,Adventure,"Katee Sackhoff, JayR Tinaco, Elizabeth Faith Ludlow, Blu Hunt",5.0,Low
Marcella,2016,45.0,Not Rated,Crime,"Anna Friel, Ray Panthaki, Jack Doolan, Jamie Bamber",7.4,Moderate
Black Lightning,2017,43.0,Not Rated,Action,"Cress Williams, Nafessa Williams, Christine Adams, ""Marvin Krondon Jones III""",6.1,Low
The Grand Tour,2016,60.0,Not Rated,Comedy,"Jeremy Clarkson, James May, Richard Hammond, Abbie Eaton",8.7,High
She-Ra and the Princesses of Power,2018,30.0,Not Rated,Animation,"Aimee Carrero, Marcus Scribner, Karen Fukuhara, AJ Michalka",7.9,Moderate
The Bay,2019,45.0,Not Rated,Crime,"Daniel Ryan, Morven Christie, Lindsey Coulson, Simon Manyonda",7.0,Moderate
Loudermilk,2017,30.0,Not Rated,Comedy,"Ron Livingston, Will Sasso, Anja Savcic, Brian Regan",7.8,Moderate
The Order,2019,60.0,Not Rated,Drama,"Jake Manley, Sarah Grey, Adam DiMarco, Louriza Tronco",6.8,Low
Ash vs Evil Dead,2015,30.0,Not Rated,Comedy,"Bruce Campbell, Ray Santiago, Dana DeLorenzo, Lucy Lawless",8.4,High
DuckTales,2017,21.0,Not Rated,Animation,"David Tennant, Ben Schwartz, Danny Pudi, Bobby Moynihan",8.3,High
Preacher,2016,60.0,Not Rated,Adventure,"Dominic Cooper, Joe Gilgun, Ruth Negga, Ian Colletti",8.0,High
Strike Back,2010,45.0,Not Rated,Action,"Philip Winchester, Sullivan Stapleton, Michelle Lukes, Daniel MacPherson",8.2,High
Halt and Catch Fire,2014,60.0,Not Rated,Drama,"Lee Pace, Scoot McNairy, Mackenzie Davis, Kerry Bishé",8.4,High
Benidorm,2007,30.0,Not Rated,Comedy,"Jake Canuso, Janine Duvitski, Tony Maudsley, Elsie Kelly",7.4,Moderate
Unbreakable Kimmy Schmidt,2015,30.0,Not Rated,Comedy,"Ellie Kemper, Jane Krakowski, Tituss Burgess, Carol Kane",7.6,Moderate
Madam Secretary,2014,45.0,Not Rated,Drama,"Téa Leoni, Tim Daly, Erich Bergen, Zeljko Ivanek",7.6,Moderate
90210,2008,60.0,Not Rated,Comedy,"Shenae Grimes-Beech, Tristan Mack Wilds, AnnaLynne McCord, Jessica Stroup",6.1,Low
Kurulus: Osman,2019,120.0,Not Rated,Action,"Burak Özçivit, Nurettin Sönmez, Ragip Savas, Emre Basalak",7.8,Moderate
Zach Stone Is Gonna Be Famous,2013,21.0,Not Rated,Comedy,"Bo Burnham, Thomas F. Wilson, Kari Coleman, Cameron Palatas",8.3,High
Love,2016,50.0,Not Rated,Comedy,"Gillian Jacobs, Paul Rust, ""Claudia ODoherty"", Mike Mitchell",7.7,Moderate
Drake & Josh,2004,23.0,Not Rated,Comedy,"Drake Bell, Josh Peck, Miranda Cosgrove, Nancy Sullivan",7.7,Moderate
Iron Fist,2017,55.0,Not Rated,Action,"Finn Jones, Jessica Henwick, Jessica Stroup, Tom Pelphrey",6.5,Low
Kingdom,2014,43.0,Not Rated,Drama,"Frank Grillo, Kiele Sanchez, Matt Lauria, Jonathan Tucker",8.5,High
Save Me,2018,270.0,Not Rated,Drama,"Lennie James, Stephen Graham, Suranne Jones, Camilla Beeput",7.7,Moderate
Masters of Sex,2013,60.0,Not Rated,Drama,"Michael Sheen, Lizzy Caplan, Caitlin FitzGerald, Teddy Sears",7.9,Moderate
Lewis,2006,90.0,Not Rated,Crime,"Kevin Whately, Laurence Fox, Clare Holman, Rebecca Front",8.0,High
Man with a Plan,2016,30.0,Not Rated,Comedy,"Matt LeBlanc, Liza Snyder, Matt Cook, Grace Kaufman",7.0,Moderate
The Last Ship,2014,60.0,Not Rated,Action,"Eric Dane, Adam Baldwin, Charles Parnell, Travis Van Winkle",7.5,Moderate
Fresh Off the Boat,2015,22.0,Not Rated,Comedy,"Randall Park, Constance Wu, Hudson Yang, Forrest Wheeler",7.8,Moderate
Keeping Faith,2017,60.0,Not Rated,Drama,"Eve Myles, Bradley Freegard, Mark Lewis Jones, Hannah Daniel",7.1,Moderate
Ghost Whisperer,2005,60.0,Not Rated,Drama,"Jennifer Love Hewitt, David Conrad, Camryn Manheim, Christoph Sanders",6.4,Low
Sanditon,2019,60.0,Not Rated,Drama,"Rose Williams, Kris Marshall, Kate Ashfield, Crystal Clarke",7.8,Moderate
Exit,2019,30.0,Not Rated,Drama,"Simon J. Berger, Agnes Kittelsen, Pål Sverre Hagen, Tobias Santelmann",8.3,High
Workaholics,2011,22.0,Not Rated,Comedy,"Blake Anderson, Adam Devine, Anders Holm, Maribeth Monroe",8.1,High
Ghosts,2019,30.0,Not Rated,Comedy,"Lolly Adefope, Mathew Baynton, Simon Farnaby, Martha Howe-Douglas",8.1,High
Brothers & Sisters,2006,60.0,Not Rated,Drama,"Dave Annable, Calista Flockhart, Rachel Griffiths, Ron Rifkin",7.3,Moderate
Sword Art Online,2012,24.0,Not Rated,Animation,"Yoshitsugu Matsuoka, Haruka Tomatsu, Bryce Papenbrook, Cherami Leigh",7.6,Moderate
Riviera,2017,60.0,Not Rated,Drama,"Julia Stiles, Lena Olin, Dimitri Leonidas, Roxane Duran",6.7,Low
Agent Carter,2015,42.0,Not Rated,Action,"Hayley Atwell, ""James DArcy"", Enver Gjokaj, Chad Michael Murray",7.9,Moderate
Insecure,2016,30.0,Not Rated,Comedy,"Issa Rae, Yvonne Orji, Jay Ellis, Natasha Rothwell",7.9,Moderate
GLOW,2017,35.0,Not Rated,Comedy,"Alison Brie, Marc Maron, Betty Gilpin, Britt Baron",8.0,High
The Society,2019,58.0,Not Rated,Drama,"Kathryn Newton, Gideon Adlon, Sean Berdy, Natasha Liu Bordizzo",7.1,Moderate
Harlots,2017,45.0,Not Rated,Drama,"Lesley Manville, Kate Fleetwood, Holli Dempsey, Eloise Smyth",7.7,Moderate
Numb3rs,2005,43.0,Not Rated,Crime,"Rob Morrow, David Krumholtz, Judd Hirsch, Alimi Ballard",6.9,Low
Pennyworth,2019,60.0,Not Rated,Action,"Jack Bannon, Ben Aldridge, Ryan Fletcher, Dorothy Atkinson",7.9,Moderate
Babylon Berlin,2017,45.0,Not Rated,Crime,"Volker Bruch, Liv Lisa Fries, Leonie Benesch, Lars Eidinger",8.4,High
Bron/Broen,2011,60.0,Not Rated,Crime,"Sofia Helin, Rafael Pettersson, Sarah Boberg, Dag Malmberg",8.6,High
The Gifted,2017,43.0,Not Rated,Action,"Stephen Moyer, Amy Acker, Sean Teale, Natalie Alyn Lind",7.3,Moderate
Zoo,2015,42.0,Not Rated,Drama,"James Wolk, Kristen Connolly, Nonso Anozie, Billy Burke",6.8,Low
The League,2009,22.0,Not Rated,Comedy,"Mark Duplass, Jonathan Lajoie, Nick Kroll, Stephen Rannazzisi",8.2,High
In the Dark,2019,42.0,Not Rated,Comedy,"Perry Mattfeld, Rich Sommer, Brooke Markham, Morgan Krantz",7.5,Moderate
Eastbound & Down,2009,28.0,Not Rated,Comedy,"Danny McBride, Steve Little, Katy Mixon, Elizabeth De Razzo",8.2,High
Dickinson,2019,30.0,Not Rated,Biography,"Adrian Enscoe, Hailee Steinfeld, Anna Baryshnikov, Jane Krakowski",7.4,Moderate
Victoria,2016,60.0,Not Rated,Biography,"Jenna Coleman, Adrian Schiller, Tommy Knight, Jordan Waller",8.2,High
Phineas and Ferb,2007,15.0,Not Rated,Animation,"Vincent Martella, Thomas Brodie-Sangster, Dan Povenmire, Ashley Tisdale",8.0,High
Forbrydelsen,2007,57.0,Not Rated,Crime,"Sofie Gråbøl, Morten Suurballe, Lars Mikkelsen, Bjarne Henriksen",8.4,High
Chesapeake Shores,2016,42.0,Not Rated,Drama,"Barbara Niven, Jesse Metcalfe, Meghan Ory, Laci J Mailey",7.5,Moderate
Counterpart,2017,60.0,Not Rated,Drama,"J.K. Simmons, Olivia Williams, Harry Lloyd, Nazanin Boniadi",8.1,High
Le Bureau des Légendes,2015,52.0,Not Rated,Drama,"Mathieu Kassovitz, Florence Loiret Caille, Jonathan Zaccaï, Sara Giraudeau",8.7,High
Regular Show,2009,23.0,Not Rated,Animation,"J.G. Quintel, William Salyers, Sam Marin, Mark Hamill",8.4,High
Bleach: Burîchi,2004,24.0,Not Rated,Animation,"Johnny Yong Bosch, Michelle Ruff, Stephanie Sheh, Jamieson Price",8.1,High
The Moodys,2019,30.0,Not Rated,Comedy,"Denis Leary, Elizabeth Perkins, François Arnaud, Chelsea Frei",6.8,Low
Kôdo giasu - Hangyaku no rurûshu: Code Geass - Lelouch of the Rebellion,2006,24.0,Not Rated,Animation,"Jun Fukuyama, Johnny Yong Bosch, Yuri Lowenthal, Takahiro Sakurai",8.7,High
Steven Universe,2013,11.0,Not Rated,Animation,"Zach Callison, Deedee Magno, Michaela Dietz, Estelle",8.2,High
"Nicky, Ricky, Dicky & Dawn",2014,30.0,Not Rated,Comedy,"Lizzy Greene, Casey Simpson, Aidan Gallagher, Allison Munn",5.2,Low
In Plain Sight,2008,60.0,Not Rated,Crime,"Mary McCormack, Frederick Weller, Paul Ben-Victor, Nichole Hiltz",7.3,Moderate
Offspring,2010,60.0,Not Rated,Comedy,"Asher Keddie, Kat Stewart, Richard Davies, Linda Cropper",8.3,High
CSI: NY,2004,43.0,Not Rated,Action,"Gary Sinise, Carmine Giovinazzo, Hill Harper, Eddie Cahill",6.9,Low
Dirk Gently's Holistic Detective Agency,2016,60.0,Not Rated,Action,"Samuel Barnett, Elijah Wood, Hannah Marks, Jade Eshete",8.3,High
Daybreak,2019,60.0,Not Rated,Action,"Colin Ford, Alyvia Alyn Lind, Sophie Simnett, Austin Crute",6.7,Low
The Real Housewives of Beverly Hills,2010,44.0,Not Rated,Reality-TV,"Kyle Richards, Adrienne Maloof, Camille Grammer, Lisa Vanderpump",5.0,Low
Shooter,2016,60.0,Not Rated,Action,"Ryan Phillippe, Shantel VanSanten, Cynthia Addai-Robinson, Omar Epps",7.5,Moderate
Britannia,2017,60.0,Not Rated,Action,"Gianni Calchetti, Mackenzie Crook, David Morrissey, Nikolaj Lie Kaas",6.8,Low
Vinland Saga,2019,24.0,Not Rated,Animation,"Naoya Uchida, Hiroki Yasumoto, Yûto Uemura, Kenshô Ono",8.8,High
Scream Queens,2015,45.0,Not Rated,Comedy,"Emma Roberts, Lea Michele, Abigail Breslin, Keke Palmer",7.1,Moderate
Amphibia,2019,23.0,Not Rated,Animation,"Brenda Song, Justin Felbinger, Bill Farmer, Amanda Leighton",8.0,High
Top Boy,2011,60.0,Not Rated,Crime,"Ashley Walters, Kano, Shone Romulus, Micheal Ward",8.4,High
Timeless,2016,60.0,Not Rated,Action,"Abigail Spencer, Matt Lanter, Malcolm Barrett, Paterson Joseph",7.7,Moderate
Absentia,2017,60.0,Not Rated,Crime,"Stana Katic, Patrick Heusinger, Neil Jackson, Paul Freeman",7.3,Moderate
Marco Polo,2014,60.0,Not Rated,Adventure,"Lorenzo Richelmy, Benedict Wong, Joan Chen, Remy Hii",8.0,High
What I Like About You,2002,30.0,Not Rated,Comedy,"Amanda Bynes, Jennie Garth, Wesley Jonathan, Leslie Grossman",6.6,Low
Law & Order: UK,2009,46.0,Not Rated,Crime,"Bradley Walsh, Robert Glenister, Harriet Walter, Freema Agyeman",7.6,Moderate
Hinterland,2013,90.0,Not Rated,Crime,"Richard Harrington, Mali Harries, Alex Harries, Hannah Daniel",7.6,Moderate
Versailles,2015,52.0,Not Rated,Biography,"George Blagden, Alexander Vlahos, Tygh Runyan, Stuart Bowman",7.9,Moderate
PEN15,2019,30.0,Not Rated,Comedy,"Maya Erskine, Anna Konkle, Melora Walters, Dylan Gage",8.0,High
Spooks,2002,60.0,Not Rated,Action,"Peter Firth, Hugh Simon, Nicola Walker, Rupert Penry-Jones",8.2,High
Easy,2016,30.0,Not Rated,Comedy,"Michael Chernus, Jane Adams, Elizabeth Reaser, Jacqueline Toboni",6.9,Low
I Think You Should Leave with Tim Robinson,2019,16.0,Not Rated,Comedy,"Tim Robinson, Matt Knudsen, Sam Richardson, Matthew J Cates",7.8,Moderate
Dark Side of the Ring,2019,60.0,Not Rated,Documentary,"Chris Jericho, James E. Cornette, Jim Ross, Steve Kasan",8.8,High
The Deuce,2017,60.0,Not Rated,Drama,"James Franco, Maggie Gyllenhaal, Lawrence Gilliard Jr., Margarita Levieva",8.1,High
Reba,2001,30.0,Not Rated,Comedy,"Reba McEntire, JoAnna Garcia Swisher, Steve Howey, Christopher Rich",6.5,Low
Under the Dome,2013,43.0,Not Rated,Drama,"Mike Vogel, Rachelle Lefevre, Alexander Koch, Colin Ford",6.6,Low
Santa Clarita Diet,2017,30.0,Not Rated,Comedy,"Drew Barrymore, Timothy Olyphant, Liv Hewson, Skyler Gisondo",7.8,Moderate
Runaways,2017,60.0,Not Rated,Action,"Rhenzy Feliz, Lyrica Okano, Virginia Gardner, Ariela Barer",7.0,Moderate
Unforgettable,2011,60.0,Not Rated,Crime,"Poppy Montgomery, Dylan Walsh, James Hiroyuki Liao, Jane Curtin",6.8,Low
Ballers,2015,30.0,Not Rated,Comedy,"Dwayne Johnson, John David Washington, Donovan W. Carter, Troy Garity",7.6,Moderate
Crazy Ex-Girlfriend,2015,42.0,Not Rated,Comedy,"Rachel Bloom, Donna Lynne Champlin, Vincent Rodriguez III, Pete Gardner",7.8,Moderate
Fuller House,2016,30.0,Not Rated,Comedy,"Candace Cameron Bure, Jodie Sweetin, Andrea Barber, Michael Campion",6.7,Low
The Conners,2018,30.0,Not Rated,Comedy,"John Goodman, Laurie Metcalf, Sara Gilbert, Alicia Goranson",5.3,Low
The Mindy Project,2012,30.0,Not Rated,Comedy,"Mindy Kaling, Ike Barinholtz, Ed Weeks, Chris Messina",7.4,Moderate
Jessie,2011,30.0,Not Rated,Comedy,"Debby Ryan, Peyton List, Cameron Boyce, Karan Brar",6.0,Low
DCI Banks,2010,45.0,Not Rated,Crime,"Stephen Tompkinson, Jack Deam, Andrea Lowe, Caroline Catz",7.6,Moderate
Wayne,2019,30.0,Not Rated,Action,"Mark McKenna, Ciara Bravo, Joshua J. Williams, Stephen Kearin",8.4,High
Luke Cage,2016,55.0,Not Rated,Action,"Mike Colter, Simone Missick, Theo Rossi, Alfre Woodard",7.3,Moderate
Weeds,2005,28.0,Not Rated,Comedy,"Mary-Louise Parker, Hunter Parrish, Alexander Gould, Kevin Nealon",7.9,Moderate
Bunk'd,2015,30.0,Not Rated,Comedy,"Miranda May, Mallory James Mahoney, Raphael Alejandro, Will Buie Jr.",5.4,Low
Glitch,2015,45.0,Not Rated,Drama,"Patrick Brammall, Emma Booth, Sean Keenan, Hannah Monson",7.3,Moderate
Grantchester,2014,45.0,Not Rated,Crime,"Robson Green, Tessa Peake-Jones, Al Weaver, Kacey Ainsworth",7.9,Moderate
Coroner,2019,60.0,Not Rated,Crime,"Serinda Swan, Roger Cross, Ehren Kassam, Éric Bruneau",6.8,Low
Top Gear,2002,60.0,Not Rated,Adventure,"Jeremy Clarkson, Richard Hammond, James May, The Stig",8.6,High
Vis a vis,2015,53.0,Not Rated,Drama,"Alba Flores, María Isabel Díaz Lago, Marta Aledo, Najwa Nimri",8.2,High
Formula 1: Drive to Survive,2019,40.0,Not Rated,Documentary,"Valtteri Bottas, Will Buxton, Pierre Gasly, Lewis Hamilton",8.6,High
The Missing,2014,60.0,Not Rated,Crime,"Tchéky Karyo, Anastasia Hille, David Morrissey, Keeley Hawes",8.2,High
Quantico,2015,42.0,Not Rated,Crime,"Priyanka Chopra Jonas, Jake McLaughlin, Johanna Braddy, Aunjanue Ellis",6.7,Low
Young Justice,2010,23.0,Not Rated,Animation,"Jesse McCartney, Danica McKellar, Nolan North, Khary Payton",8.6,High
"Roswell, New Mexico",2019,45.0,Not Rated,Drama,"Jeanine Mason, Nathan Parsons, Michael Vlamis, Lily Cowles",6.2,Low
Miranda,2009,30.0,Not Rated,Comedy,"Miranda Hart, Patricia Hodge, Tom Ellis, Sarah Hadland",8.2,High
Imposters,2017,41.0,Not Rated,Comedy,"Inbar Lavi, Rob Heaps, Parker Young, Marianne Rendón",7.8,Moderate
H2O: Just Add Water,2006,23.0,Not Rated,Drama,"Cariba Heine, Phoebe Tonkin, Angus McLaren, Burgess Abernethy",7.2,Moderate
Scream: The TV Series,2015,45.0,Not Rated,Comedy,"Willa Fitzgerald, Bex Taylor-Klaus, John Karna, Carlson Young",7.1,Moderate
McLeod's Daughters,2001,45.0,Not Rated,Drama,"Aaron Jeffery, Rachael Carpani, Simmone Mackinnon, Bridie Carter",7.2,Moderate
Vida,2018,35.0,Not Rated,Drama,"Melissa Barrera, Mishel Prada, Ser Anzoategui, Chelsea Rendon",7.3,Moderate
The Purge,2018,42.0,Not Rated,Action,"Gabriel Chavarria, Derek Luke, Hannah Emily Anderson, Max Martini",6.5,Low
Re:Zero kara hajimeru isekai seikatsu,2016,24.0,Not Rated,Animation,"Yûsuke Kobayashi, Rie Takahashi, Sean Chiplock, Rie Murakawa",8.1,High
Sistas,2019,60.0,Not Rated,Comedy,"Kj Smith, Mignon, Ebony Obsidian, Novi Brown",5.1,Low
Creepshow,2019,44.0,Not Rated,Fantasy,"Kara Kimmer, Carey Jones, Adrienne Barbeau, Logan Allen",7.1,Moderate
Sleepy Hollow,2013,45.0,Not Rated,Action,"Tom Mison, Lyndie Greenwood, Nicole Beharie, Orlando Jones",7.4,Moderate
Peep Show,2003,25.0,Not Rated,Comedy,"David Mitchell, Robert Webb, Matt King, Olivia Colman",8.6,High
Jack Irish,2016,52.0,Not Rated,Crime,"Guy Pearce, Aaron Pedersen, Roy Billing, Damien Garvey",7.8,Moderate
Disenchantment,2018,30.0,Not Rated,Animation,"Abbi Jacobson, Eric André, Nat Faxon, John DiMaggio",7.2,Moderate
12 Monkeys,2015,42.0,Not Rated,Adventure,"Aaron Stanford, Amanda Schull, Noah Bean, Barbara Sukowa",7.7,Moderate
Raising Hope,2010,22.0,Not Rated,Comedy,"Lucas Neff, Martha Plimpton, Garret Dillahunt, Shannon Woodward",8.0,High
Messiah,2020,43.0,Not Rated,Drama,"Michelle Monaghan, Mehdi Dehbi, John Ortiz, Tomer Sisley",7.6,Moderate
The Politician,2019,42.0,Not Rated,Comedy,"Ben Platt, Zoey Deutch, Lucy Boynton, Julia Schlaepfer",7.5,Moderate
Bizaardvark,2016,30.0,Not Rated,Comedy,"Olivia Rodrigo, Madison Hu, DeVore Ledridge, Ethan Wacker",3.7,Low
Den som dræber - Fanget af mørket,2019,45.0,Not Rated,Crime,"Natalie Madueño, Kenneth M. Christensen, Tobias Santelmann, Signe Egholm Olsen",7.5,Moderate
All Rise,2019,44.0,Not Rated,Drama,"Simone Missick, Wilson Bethel, Jessica Camacho, J. Alex Brinson",6.7,Low
Future Man,2017,30.0,Not Rated,Action,"Josh Hutcherson, Eliza Coupe, Derek Wilson, Haley Joel Osment",7.7,Moderate
Patriot,2015,58.0,Not Rated,Comedy,"Michael Dorman, Kurtwood Smith, Michael Chernus, Kathleen Munroe",8.3,High
The Inbetweeners,2008,25.0,Not Rated,Comedy,"Simon Bird, James Buckley, Blake Harrison, Joe Thomas",8.4,High
Criminal: UK,2019,43.0,Not Rated,Crime,"Katherine Kelly, Lee Ingleby, Rochenda Sandall, Shubham Saraf",7.6,Moderate
Into the Dark,2018,90.0,Not Rated,Drama,"Aurora Perrineau, Diane Sellers, Dylan Arnold, Katie Wilson",6.4,Low
Doctor Doctor,2016,50.0,Not Rated,Comedy,"Rodger Corser, Nicole da Silva, Ryan Johnson, Tina Bursill",7.8,Moderate
The Outpost,2018,44.0,Not Rated,Action,"Jessica Green, Jake Stormoen, Anand Desai-Barochia, Imogen Waterhouse",6.3,Low
Life in Pieces,2015,22.0,Not Rated,Comedy,"Colin Hanks, Betsy Brandt, Thomas Sadoski, Zoe Lister-Jones",8.0,High
Nip/Tuck,2003,44.0,Not Rated,Drama,"Dylan Walsh, Julian McMahon, Joely Richardson, John Hensley",7.6,Moderate
Insatiable,2018,45.0,Not Rated,Comedy,"Dallas Roberts, Debby Ryan, Christopher Gorham, Kimmy Shields",6.5,Low
8 Simple Rules... for Dating My Teenage Daughter,2002,30.0,Not Rated,Comedy,"Katey Sagal, Kaley Cuoco, Amy Davidson, Martin Spanjers",7.0,Moderate
Broad City,2014,22.0,Not Rated,Comedy,"Ilana Glazer, Abbi Jacobson, Hannibal Buress, Arturo Castro",8.4,High
Impractical Jokers,2011,30.0,Not Rated,Comedy,"Brian Quinn, James Murray, Joe Gatto, Sal Vulcano",8.5,High
Escape to the Chateau,2016,43.0,Not Rated,Documentary,"Tracy Ann Oberman, Angel Adoree, Dick Strawbridge, Jennifer Newman",8.7,High
Private Eyes,2016,356.0,Not Rated,Comedy,"Jason Priestley, Cindy Sampson, Barry Flatman, Jordyn Negri",7.4,Moderate
Safe,2018,60.0,Not Rated,Crime,"Michael C. Hall, Amy James-Kelly, Amanda Abbington, Freddie Thorp",7.3,Moderate
A Place to Call Home,2013,29.0,Not Rated,Drama,"Marta Dusseldorp, Noni Hazlehurst, Brett Climo, Craig Hall",8.3,High
Dollface,2019,100.0,Not Rated,Comedy,"Kat Dennings, Brenda Song, Shay Mitchell, Esther Povitsky",7.4,Moderate
Rocco Schiavone,2016,42.0,Not Rated,Crime,"Marco Giallini, ""Ernesto DArgenio"", Francesco Acquaroli, Isabella Ragonese",7.5,Moderate
Hell's Kitchen,2005,30.0,Not Rated,Game-Show,"Gordon Ramsay, Jean Philippe Susilovic, Scott Leibfried, Jason Thompson",7.1,Moderate
Homecoming,2018,24.0,Not Rated,Drama,"Stephan James, Bobby Cannavale, Hong Chau, Alex Karpovsky",7.5,Moderate
Steins;Gate,2011,60.0,Not Rated,Animation,"Mamoru Miyano, Asami Imai, Kana Hanazawa, Ashly Burch",8.8,High
Medium,2005,50.0,Not Rated,Crime,"Patricia Arquette, Miguel Sandoval, Jake Weber, Sofia Vassilieva",7.0,Moderate
Gintama,2005,24.0,Not Rated,Animation,"Tomokazu Sugita, Daisuke Sakaguchi, Rie Kugimiya, Kazuya Nakai",8.6,High
Utopia,2013,45.0,Not Rated,Drama,"Adeel Akhtar, Paul Higgins, Neil Maskell, ""Fiona OShaughnessy""",8.4,High
Haunted,2018,45.0,Not Rated,Horror,"Vanda Chaloupková, Hana Baronová, Vojtech Hýzdal, Janek Gregor",4.6,Low
Project Blue Book,2019,60.0,Not Rated,Drama,"Aidan Gillen, Michael Malarkey, Laura Mennell, Ksenia Solo",7.7,Moderate
Kota Factory,2019,42.0,Not Rated,Comedy,"Mayur More, Jitendra Kumar, Ranjan Raj, Revathi Pillai",9.2,High
Frontier,2016,44.0,Not Rated,Adventure,"Jason Momoa, Landon Liboiron, Zoe Boyle, Greg Bryk",7.2,Moderate
Empire,2015,63.0,Not Rated,Drama,"Terrence Howard, Taraji P. Henson, Jussie Smollett, Bryshere Y. Gray",7.4,Moderate
Stumptown,2019,58.0,Not Rated,Crime,"Cobie Smulders, Jake Johnson, Tantoo Cardinal, Cole Sibus",7.5,Moderate
RuPaul's Drag Race,2009,22.0,Not Rated,Game-Show,"RuPaul, Michelle Visage, Santino Rice, Jason Carter",8.4,High
Borgen,2010,60.0,Not Rated,Drama,"Sidse Babett Knudsen, Birgitte Hjort Sørensen, Søren Malling, Emil Poulsen",8.5,High
Blue Mountain State,2010,42.0,Not Rated,Comedy,"Darin Brooks, Alan Ritchson, Chris Romano, Ed Marinaro",8.3,High
Tin Star,2017,43.0,Not Rated,Crime,"Tim Roth, ""Genevieve OReilly"", Abigail Lawrie, Oliver Coopersmith",7.3,Moderate
Falling Skies,2011,30.0,Not Rated,Action,"Noah Wyle, Drew Roy, Maxim Knight, Will Patton",7.2,Moderate
Below Deck Mediterranean,2016,45.0,Not Rated,Reality-TV,"Hannah Ferrier, Sandy Yawn, Malia White, João Franco",7.3,Moderate
The Neighborhood,2018,30.0,Not Rated,Comedy,"Cedric the Entertainer, Max Greenfield, Sheaun McKinney, Marcel Spears",6.4,Low
The Gulf,2019,42.0,Not Rated,Crime,"Kate Elliott, Ido Drent, Alison Bruce, Timmie Cameron",6.5,Low
American Housewife,2016,22.0,Not Rated,Comedy,"Katy Mixon, Diedrich Bader, Daniel DiMaggio, Ali Wong",7.3,Moderate
The Haves and the Have Nots,2013,42.0,Not Rated,Crime,"Tika Sumpter, John Schneider, Crystal Fox, Angela Robinson",6.0,Low
Total Drama Island,2007,24.0,Not Rated,Animation,"Christian Potenza, Clé Bennett, Rachel Wilson, Drew Nelson",7.2,Moderate
Humans,2015,60.0,Not Rated,Drama,"Katherine Parkinson, Gemma Chan, Lucy Carless, Tom Goodman-Hill",8.0,High
Monster,2004,30.0,Not Rated,Animation,"Hidenobu Kiuchi, ""Liam OBrien"", Mamiko Noto, Karen Strassman",8.6,High
Swamp Thing,2019,60.0,Not Rated,Action,"Crystal Reed, Virginia Madsen, Andy Bean, Derek Mears",7.5,Moderate
On My Block,2018,24.0,Not Rated,Comedy,"Sierra Capri, Jason Genao, Brett Gray, Diego Tinoco",8.0,High
Nikita,2010,46.0,Not Rated,Action,"Maggie Q, Shane West, Lyndsy Fonseca, Aaron Stanford",7.7,Moderate
Mob Psycho 100,2016,60.0,Not Rated,Animation,"Setsuo Ito, Takahiro Sakurai, Akio Ôtsuka, Miyu Irino",8.6,High
Hemlock Grove,2013,45.0,Not Rated,Drama,"Famke Janssen, Bill Skarsgård, Landon Liboiron, Joel de la Fuente",7.1,Moderate
The Bachelorette,2003,60.0,Not Rated,Drama,"Chris Harrison, Nick Viall, Kaitlyn Bristowe, Joelle Fletcher",3.4,Low
The Rain,2018,30.0,Not Rated,Drama,"Alba August, Lucas Lynggaard Tønnesen, Mikkel Boe Følsgaard, Lukas Løkken",6.3,Low
TURN,2014,60.0,Not Rated,Drama,"Jamie Bell, Heather Lind, Samuel Roukin, Daniel Henshall",8.1,High
One Day at a Time,2017,60.0,Not Rated,Comedy,"Justina Machado, Todd Grinnell, Isabella Gomez, Marcel Ruiz",8.2,High
Vår tid är nu,2017,45.0,Not Rated,Drama,"Hedda Stiernstedt, Charlie Gustafsson, Anna Bjelkerud, Adam Lundgren",8.2,High
Happy!,2017,45.0,Not Rated,Action,"Christopher Meloni, Ritchie Coster, Lili Mirojnick, Patton Oswalt",8.2,High
Traces,2019,60.0,Not Rated,Crime,"Jack Tarlton, Molly Windsor, Laura Fraser, Michael Nardone",6.9,Low
Hudson & Rex,2019,50.0,Not Rated,Crime,"John Reardon, Mayko Nguyen, Kevin Hanchard, Justin Kelly",7.0,Moderate
Six,2017,53.0,Not Rated,Action,"Barry Sloane, Kyle Schmid, Juan Pablo Raba, Edwin Hodge",7.3,Moderate
The Gloaming,2020,60.0,Not Rated,Crime,"Emma Booth, Ewen Leslie, Aaron Pedersen, Rena Owen",6.7,Low
Professor T.,2015,60.0,Not Rated,Comedy,"Koen De Bouw, Tanja Oostvogels, Goele Derick, Carry Goossens",8.0,High
The Great British Bake Off,2010,30.0,Not Rated,Reality-TV,"Paul Hollywood, Mary Berry, Mel Giedroyc, Sue Perkins",8.5,High
Devious Maids,2013,42.0,Not Rated,Comedy,"Ana Ortiz, Dania Ramirez, Roselyn Sanchez, Judy Reyes",7.8,Moderate
Red Oaks,2014,23.0,Not Rated,Comedy,"Craig Roberts, Ennis Esmer, Oliver Cooper, Richard Kind",7.9,Moderate
The Librarians,2013,60.0,Not Rated,Action,"Rebecca Romijn, Christian Kane, Lindy Booth, John Harlan Kim",7.3,Moderate
Dokutaa Sutoon,2019,40.0,Not Rated,Animation,"Yûsuke Kobayashi, Manami Numakura, Gen Satô, Ayumu Murase",8.2,High
The Dark Crystal: Age of Resistance,2019,22.0,Not Rated,Adventure,"Neil Sterenberg, Beccy Henderson, Nathalie Emmanuel, Taron Egerton",8.4,High
The Gift,2019,60.0,Not Rated,Drama,"Beren Saat, Mehmet Günsür, Melisa Senolsun, Civan Canova",7.3,Moderate
The Boondocks,2005,50.0,Not Rated,Animation,"Regina King, John Witherspoon, Gary Anthony Williams, Cedric Yarbrough",8.4,High
Deadly Class,2018,60.0,Not Rated,Action,"Benedict Wong, Benjamin Wadsworth, Lana Condor, María Gabriela de Faría",7.6,Moderate
The Borgias,2011,60.0,Not Rated,Crime,"Jeremy Irons, François Arnaud, Holliday Grainger, Peter Sullivan",7.9,Moderate
The Twilight Zone,2019,30.0,Not Rated,Drama,"Jordan Peele, David Epstein, Kelly Ann Woods, Mark Silverman",5.8,Low
Beauty and the Beast,2012,60.0,Not Rated,Drama,"Kristin Kreuk, Jay Ryan, Nina Lisandrello, Austin Basis",7.1,Moderate
Last Week Tonight with John Oliver,2014,42.0,Not Rated,Comedy,"John Oliver, David Kaye, Ryan Barger, Noel MacNeal",8.9,High
Covert Affairs,2010,43.0,Not Rated,Action,"Piper Perabo, Christopher Gorham, Kari Matchett, Peter Gallagher",7.3,Moderate
Dark Matter,2015,21.0,Not Rated,Adventure,"""Melissa ONeil"", Anthony Lemke, Alex Mallari Jr., Jodelle Ferland",7.5,Moderate
The Secret Life of the American Teenager,2008,60.0,Not Rated,Comedy,"Shailene Woodley, Molly Ringwald, India Eisley, Mark Derwin",5.0,Low
A.P. Bio,2018,24.0,Not Rated,Comedy,"Glenn Howerton, Lyric Lewis, Patton Oswalt, Aparna Brielle",7.3,Moderate
The Secret Life of Us,2001,60.0,Not Rated,Drama,"Deborah Mailman, David Tredinnick, Samuel Johnson, Sibylla Budd",7.6,Moderate
Fairy Tail: Fearî teiru,2009,45.0,Not Rated,Animation,"Cherami Leigh, Todd Haberkorn, Tia Lynn Ballard, Colleen Clinkenbeard",8.0,High
Rake,2010,42.0,Not Rated,Comedy,"Richard Roxburgh, Matt Day, Kate Box, Caroline Brazier",8.5,High
Claws,2017,25.0,Not Rated,Comedy,"Niecy Nash, Carrie Preston, Judy Reyes, Karrueche Tran",7.4,Moderate
Royal Pains,2009,24.0,Not Rated,Comedy,"Mark Feuerstein, Paulo Costanzo, Reshma Shetty, ""Brooke DOrsay""",7.1,Moderate
The A List,2018,50.0,Not Rated,Crime,"Benjamin Nugent, Lisa Ambalavanar, Ellie Duckles, Rosie Dwyer",5.4,Low
Catastrophe,2015,60.0,Not Rated,Comedy,"Sharon Horgan, Rob Delaney, Mark Bonnar, Ashley Jensen",8.2,High
Fresh Meat,2011,45.0,Not Rated,Comedy,"Zawe Ashton, Greg McHugh, Kimberley Nixon, Charlotte Ritchie",7.8,Moderate
Ófærð,2015,45.0,Not Rated,Crime,"Ólafur Darri Ólafsson, Ilmur Kristjánsdóttir, Ingvar Sigurdsson, Elva María Birgisdóttir",8.1,High
Morden i Sandhamn,2010,60.0,Not Rated,Crime,"Alexandra Rapaport, Jakob Cedergren, Jonas Malmsjö, Anki Lidén",6.8,Low
Ghost Adventures,2008,44.0,Not Rated,Documentary,"Zak Bagans, Aaron Goodwin, Billy Tolley, Jay Wasley",7.5,Moderate
Sorjonen,2016,50.0,Not Rated,Crime,"Ville Virtanen, Matleena Kuusniemi, Anu Sinisalo, Lenita Susi",7.6,Moderate
Pushing Daisies,2007,43.0,Not Rated,Comedy,"Lee Pace, Anna Friel, Chi McBride, Jim Dale",8.3,High
Badehotellet,2013,58.0,Not Rated,Comedy,"Amalie Dollerup, Lars Ranthe, Anne Louise Hassing, Merete Mærkedahl",7.6,Moderate
Salvation,2017,31.0,Not Rated,Drama,"Santiago Cabrera, Jennifer Finnigan, Charlie Rowe, Jacqueline Byers",7.0,Moderate
The Knick,2014,30.0,Not Rated,Drama,"André Holland, Clive Owen, Jeremy Bobb, Juliet Rylance",8.5,High
Mrs. Fletcher,2019,42.0,Not Rated,Comedy,"Kathryn Hahn, Jackson White, Owen Teague, Jen Richards",7.1,Moderate
F Is for Family,2015,50.0,Not Rated,Animation,"Bill Burr, Laura Dern, Justin Long, Debi Derryberry",8.0,High
V,2009,60.0,Not Rated,Drama,"Elizabeth Mitchell, Morris Chestnut, Joel Gretsch, Logan Huffman",6.8,Low
The Family Business,2018,52.0,Not Rated,Action,"LisaRaye McCoy, Antoine Holmes Sr., Spencer Holmes, Valarie Pettiford",6.1,Low
Everwood,2002,11.0,Not Rated,Drama,"Treat Williams, Gregory Smith, Emily VanCamp, Debra Mooney",7.4,Moderate
Tell Me a Story,2018,48.0,Not Rated,Thriller,"Danielle Campbell, Paul Wesley, James Wolk, Billy Magnussen",7.2,Moderate
The Amazing World of Gumball,2011,23.0,Not Rated,Animation,"Dan Russell, Teresa Gallagher, Kerry Shale, Kyla Rae Kowalewski",8.2,High
Roman Empire,2016,59.0,Not Rated,Documentary,"Aaron Irvin, Corey Brennan, Jerry Toner, Steve West",7.0,Moderate
Hannah Montana,2006,30.0,Not Rated,Comedy,"Miley Cyrus, Emily Osment, Jason Earles, Billy Ray Cyrus",5.2,Low
Ripper Street,2012,60.0,Not Rated,Crime,"Matthew Macfadyen, Adam Rothenberg, MyAnna Buring, Jerome Flynn",8.1,High
I'm Sorry.,2017,43.0,Not Rated,Comedy,"Andrea Savage, Tom Everett Scott, Olive Petrucci, Kathy Baker",8.0,High
Body of Proof,2011,60.0,Not Rated,Comedy,"Dana Delany, Jeri Ryan, Geoffrey Arend, Windell Middlebrooks",7.1,Moderate
The Bridge,2013,180.0,Not Rated,Crime,"Demián Bichir, Diane Kruger, Thomas M. Wright, Ted Levine",7.6,Moderate
Last Tango in Halifax,2012,60.0,Not Rated,Comedy,"Anne Reid, Derek Jacobi, Sarah Lancashire, Nicola Walker",8.3,High
Critical Role,2015,23.0,Not Rated,Adventure,"""Liam OBrien"", Taliesin Jaffe, Marisha Ray, Matthew Mercer",9.2,High
Gentleman Jack,2019,44.0,Not Rated,Biography,"Suranne Jones, Sophie Rundle, Rosie Cavaliero, Albane Courtois",8.2,High
Girl Meets World,2014,45.0,Not Rated,Comedy,"Rowan Blanchard, Sabrina Carpenter, Ben Savage, Danielle Fishel",7.1,Moderate
Lost Girl,2010,60.0,Not Rated,Action,"Anna Silk, Kris Holden-Ried, Zoie Palmer, Rick Howland",7.7,Moderate
Shakespeare & Hathaway: Private Investigators,2018,60.0,Not Rated,Comedy,"Mark Benton, Jo Joyner, Patrick Walshe McBride, Amber Aga",7.6,Moderate
Agatha Raisin,2014,60.0,Not Rated,Comedy,"Ashley Jensen, Matt McCooey, Mathew Horne, Jamie Glover",7.3,Moderate
Switched at Birth,2011,30.0,Not Rated,Drama,"Katie Leclerc, Vanessa Marano, Constance Marie, D.W. Moffett",7.7,Moderate
Innan vi dör,2017,30.0,Not Rated,Drama,"Marie Richardson, Adam Pålsson, Magnus Krepper, Malgorzata Pieczynska",7.7,Moderate
Tacoma FD,2019,60.0,Not Rated,Comedy,"Kevin Heffernan, Steve Lemme, Eugene Cordero, Marcus Henderson",8.1,High
George Lopez,2002,24.0,Not Rated,Comedy,"George Lopez, Constance Marie, Luis Armand Garcia, Valente Rodriguez",6.7,Low
Big Love,2006,45.0,Not Rated,Drama,"Bill Paxton, Jeanne Tripplehorn, Chloë Sevigny, Ginnifer Goodwin",7.6,Moderate
Food Wars: Shokugeki no Soma,2015,25.0,Not Rated,Animation,"Yoshitsugu Matsuoka, Minami Takahashi, Maaya Uchida, Ai Kayano",8.2,High
Truth Be Told,2019,42.0,Not Rated,Crime,"Octavia Spencer, Rico E. Anderson, Lizzy Caplan, Michael Beach",7.1,Moderate
Big Time Rush,2009,60.0,Not Rated,Comedy,"Kendall Schmidt, James Maslow, Carlos PenaVega, Logan Henderson",6.3,Low
Hell on Wheels,2011,60.0,Not Rated,Drama,"Anson Mount, Colm Meaney, Robin McLeavy, Phil Burke",8.3,High
Miss Fisher's Murder Mysteries,2012,45.0,Not Rated,Crime,"Essie Davis, Nathan Page, Hugo Johnstone-Burt, Ashleigh Cummings",8.3,High
Las Vegas,2003,60.0,Not Rated,Crime,"Josh Duhamel, James Caan, James Lesure, Vanessa Marcil",7.4,Moderate
Departure,2019,23.0,Not Rated,Drama,"Archie Panjabi, Kris Holden-Ried, Christopher Plummer, Mark Rendall",7.2,Moderate
Slasher,2016,43.0,Not Rated,Crime,"Dean McDermott, Joanne Vannicola, Paula Brancati, Christopher Jacot",6.7,Low
PAW Patrol,2013,60.0,Not Rated,Animation,"Ron Pardo, Kallan Holley, Devan Cohen, Samuel Faraci",6.2,Low
The 4400,2004,21.0,Not Rated,Drama,"Jacqueline McKenzie, Joel Gretsch, Patrick John Flueger, Conchita Campbell",7.3,Moderate
Accused,2010,30.0,Not Rated,Crime,"Michael Maloney, Chord Melodic, Andrew Readman, Rosina Carbone",8.0,High
Bob Hearts Abishola,2019,90.0,Not Rated,Comedy,"Billy Gardell, Folake Olowofoyeku, Matt Jones, Gina Yashere",6.7,Low
Hot in Cleveland,2010,43.0,Not Rated,Comedy,"Valerie Bertinelli, Jane Leeves, Wendie Malick, Betty White",7.3,Moderate
Aurora Teagarden Mysteries,2015,30.0,Not Rated,Crime,"Candace Cameron Bure, Marilu Henner, Peter Benson, Lexa Doig",7.7,Moderate
The Following,2013,11.0,Not Rated,Crime,"Kevin Bacon, James Purefoy, Shawn Ashmore, Valorie Curry",7.4,Moderate
You're the Worst,2014,30.0,Not Rated,Comedy,"Chris Geere, Aya Cash, Desmin Borges, Kether Donohue",8.1,High
Infinity Train,2019,60.0,Not Rated,Animation,"Ashley Johnson, Owen Dennis, Jeremy Crutchley, Kirby Howell-Baptiste",8.5,High
Sorry for Your Loss,2018,60.0,Not Rated,Drama,"Elizabeth Olsen, Kelly Marie Tran, Jovan Adepo, Mamoudou Athie",7.4,Moderate
Knightfall,2017,44.0,Not Rated,Action,"Tom Cullen, Pádraic Delaney, Simon Merrells, Julian Ovenden",6.8,Low
The Unit,2006,60.0,Not Rated,Action,"Dennis Haysbert, Regina Taylor, Audrey Marie Anderson, Robert Patrick",8.1,High
Rush,2014,22.0,Not Rated,Action,"Tom Ellis, Larenz Tate, Sarah Habel, Rick Gonzalez",7.7,Moderate
Jersey Shore Family Vacation,2018,43.0,Not Rated,Reality-TV,"""Paul Pauly D DelVecchio"", Ronnie Magro, ""Mike The Situation Sorrentino"", Jenni Farley",6.6,Low
Better Things,2016,60.0,Not Rated,Comedy,"Pamela Adlon, Mikey Madison, Hannah Alligood, Olivia Edward",7.8,Moderate
El Chapo,2017,90.0,Not Rated,Crime,"Marco de la O, Humberto Busto, Diego Vásquez, Juan Carlos Cruz",7.8,Moderate
Crossing Jordan,2001,30.0,Not Rated,Crime,"Jill Hennessy, Miguel Ferrer, Ravi Kapoor, Steve Valentine",6.9,Low
Kara Para Ask,2014,60.0,Not Rated,Action,"Engin Akyürek, Tuba Büyüküstün, Erkan Can, Damla Colbay",7.3,Moderate
Sam & Cat,2013,378.0,Not Rated,Comedy,"Jennette McCurdy, Ariana Grande, Cameron Ocasio, Maree Cheatham",5.7,Low
Greek,2007,45.0,Not Rated,Comedy,"Clark Duke, Scott Michael Foster, Spencer Grammer, Paul James",7.5,Moderate
La Reina del Sur,2011,22.0,Not Rated,Action,"Kate del Castillo, Humberto Zurita, Alejandro Calva, Carmen Navarro",8.0,High
The Exorcist,2016,60.0,Not Rated,Drama,"Alfonso Herrera, Ben Daniels, Kurt Egyiawan, Hannah Kasulka",8.0,High
Young & Hungry,2014,22.0,Not Rated,Comedy,"Emily Osment, Jonathan Sadowski, Aimee Carrero, Kym Whitley",7.4,Moderate
America's Got Talent,2006,30.0,Not Rated,Family,"Howie Mandel, Nick Cannon, Heidi Klum, Sharon Osbourne",5.8,Low
Primal,2019,30.0,Not Rated,Animation,"Aaron LaPlante, Tom Kenny, Jon Olson, Laëtitia Eïdo",8.7,High
Zoey 101,2005,22.0,Not Rated,Comedy,"Jamie Lynn Spears, Paul Butcher, Christopher Massey, Erin Sanders",6.1,Low
Teen Titans,2003,30.0,Not Rated,Animation,"Hynden Walch, Greg Cipes, Scott Menville, Khary Payton",7.9,Moderate
Wizards of Waverly Place,2007,40.0,Not Rated,Adventure,"Selena Gomez, David Henrie, Jake T. Austin, Jennifer Stone",6.9,Low
Nathan for You,2013,22.0,Not Rated,Documentary,"Nathan Fielder, Anthony Filosa, Brian S. Wolfe, Simon Kellog",8.9,High
The Protector,2018,23.0,Not Rated,Action,"Çagatay Ulusoy, Hazar Ergüçlü, Okan Yalabik, Burçin Terzioglu",6.7,Low
Baby Daddy,2012,461.0,Not Rated,Comedy,"Jean-Luc Bilodeau, Derek Theler, Melissa Peterman, Chelsea Kane",7.4,Moderate
Shigatsu wa kimi no uso,2014,42.0,Not Rated,Animation,"Natsuki Hanae, Risa Taneda, Ayane Sakura, Ryôta Ôsaka",8.6,High
Giri/Haji,2019,90.0,Not Rated,Crime,"Takehiro Hira, Sophia Brown, Charlie Creed-Miles, Jamie Draven",7.9,Moderate
Masterchef,2010,30.0,Not Rated,Game-Show,"Gordon Ramsay, Joe Bastianich, Charlie Ryan, Graham Elliot",7.3,Moderate
Wallander,2008,44.0,Not Rated,Crime,"Kenneth Branagh, Richard McCabe, Jeany Spark, Sarah Smart",7.9,Moderate
The Suite Life of Zack & Cody,2005,60.0,Not Rated,Comedy,"Cole Sprouse, Dylan Sprouse, Brenda Song, Ashley Tisdale",6.5,Low
Burden of Truth,2018,48.0,Not Rated,Drama,"Kristin Kreuk, Peter Mooney, ""Anwen ODriscoll"", Star Slade",7.3,Moderate
Ice,2016,55.0,Not Rated,Crime,"Cam Gigandet, Jeremy Sisto, Audrey Marie Anderson, Judith Shekoni",6.7,Low
Spinning Out,2020,60.0,Not Rated,Drama,"Kaya Scodelario, January Jones, Willow Shields, Evan Roderick",7.6,Moderate
The Musketeers,2014,30.0,Not Rated,Adventure,"Luke Pasqualino, Tom Burke, Santiago Cabrera, Howard Charles",7.8,Moderate
Sseulsseulhago Chalranhashin: Dokkaebi,2016,50.0,Not Rated,Comedy,"Gong Yoo, Kim Go-eun, Lee Dong-Wook, Yoo In-Na",8.6,High
Cuckoo,2012,22.0,Not Rated,Comedy,"Greg Davies, Helen Baxendale, Tyger Drew-Honey, Kenneth Collard",7.2,Moderate
Torchwood,2006,43.0,Not Rated,Action,"John Barrowman, Eve Myles, Kai Owen, Gareth David-Lloyd",7.7,Moderate
Grown-ish,2018,23.0,Not Rated,Comedy,"Yara Shahidi, Trevor Jackson, Francia Raisa, Emily Arlook",6.4,Low
"Signed, Sealed, Delivered",2014,23.0,Not Rated,Comedy,"Eric Mabius, Kristin Booth, Yan-Kay Crystal Lowe, Geoff Gustafson",7.5,Moderate
Ansatsu kyôshitsu,2013,60.0,Not Rated,Animation,"Jun Fukuyama, Mai Fuchigami, Christopher Bevins, Luci Christian",8.0,High
The Thundermans,2013,60.0,Not Rated,Action,"Kira Kosarin, Jack Griffo, Addison Riecke, Diego Velazquez",5.8,Low
Tidelands,2018,30.0,Not Rated,Crime,"Charlotte Best, Marco Pigossi, Aaron Jakubenko, Mattias Inwood",7.0,Moderate
Rescue Me,2004,60.0,Not Rated,Comedy,"Denis Leary, Michael Lombardi, Steven Pasquale, Andrea Roth",8.3,High
A Black Lady Sketch Show,2019,20.0,Not Rated,Comedy,"Robin Thede, Ashley Nicole Black, Gabrielle Dennis, Quinta Brunson",7.2,Moderate
Get Shorty,2017,22.0,Not Rated,Comedy,"""Chris ODowd"", Ray Romano, Sean Bridgers, Carolyn Dodd",8.2,High
Flames,2018,21.0,Not Rated,Comedy,"Ritvik Sahore, Tanya Maniktala, Sunakshi Grover, Shivam Kakar",9.2,High
Rules of Engagement,2007,42.0,Not Rated,Comedy,"Patrick Warburton, Megyn Price, Oliver Hudson, Bianca Kajlich",7.3,Moderate
This Country,2017,75.0,Not Rated,Comedy,"Daisy May Cooper, Charlie Cooper, Paul Chahidi, Ivy Woodcock",8.5,High
The Carrie Diaries,2013,60.0,Not Rated,Comedy,"AnnaSophia Robb, Austin Butler, Ellen Wong, Katie Findlay",7.0,Moderate
Vivir sin permiso,2018,42.0,Not Rated,Drama,"Jose Coronado, Álex González, Claudia Traisac, Luis Zahera",7.5,Moderate
Tae-yang-eui hoo-ye,2016,140.0,Not Rated,Action,"Song Joong-ki, Song Hye-Kyo, Jin Goo, Kim Ji-Won",8.3,High
Perception,2012,43.0,Not Rated,Crime,"Eric McCormack, Rachael Leigh Cook, Kelly Rowan, Arjay Smith",7.5,Moderate
Siyah Beyaz Ask,2017,43.0,Not Rated,Action,"Ibrahim Celikkol, Birce Akalay, Muhammet Uzuner, Cahit Gök",8.1,High
Electric Dreams,2017,60.0,Not Rated,Sci-Fi,"Steve Buscemi, Geraldine Chaplin, Bryan Cranston, Terrence Howard",7.3,Moderate
That Time I Got Reincarnated as a Slime,2018,25.0,Not Rated,Animation,"Miho Okasaki, Brittney Karbowski, Mallorie Rodak, Megumi Toyoguchi",8.1,High
Kaguya-sama wa kokurasetai ~ Tensai tachi no ren'ai zunô sen ~,2019,24.0,Not Rated,Animation,"Aoi Koga, Makoto Furukawa, Konomi Kohara, Yutaka Aoyama",8.4,High
Kiralik Ask,2015,120.0,Not Rated,Comedy,"Elçin Sangu, Baris Arduç, Salih Bademci, Nergis Kumbasar",7.1,Moderate
Krypton,2018,45.0,Not Rated,Action,"Cameron Cuffe, Georgina Campbell, Shaun Sipos, Ann Ogbomo",6.9,Low
Terminator: The Sarah Connor Chronicles,2008,60.0,Not Rated,Action,"Lena Headey, Thomas Dekker, Summer Glau, Richard T. Jones",7.7,Moderate
Robot Chicken,2005,11.0,Not Rated,Animation,"Seth Green, Matthew Senreich, Breckin Meyer, Tom Root",7.7,Moderate
Paradise PD,2018,28.0,Not Rated,Animation,"Sarah Chalke, David Herman, Tom Kenny, Kyle Kinane",6.9,Low
The Dragon Prince,2018,26.0,Not Rated,Animation,"Paula Burrows, Jack De Sena, Sasha Rojen, Jason Simpson",8.4,High
Family Reunion,2019,28.0,Not Rated,Comedy,"Talia Jackson, Tia Mowry-Hardrict, Anthony Alabi, Loretta Devine",6.5,Low
Secret City,2016,49.0,Not Rated,Mystery,"Anna Torv, Marcus Graham, Justin Smith, Aleks Mikic",7.4,Moderate
Muhtesem Yüzyil,2011,90.0,Not Rated,Biography,"Gökhan Atalay, Halit Ergenç, Nur Fettahoglu, Selim Bayraktar",6.7,Low
Candice Renoir,2013,52.0,Not Rated,Comedy,"Cécile Bois, Raphaël Lenglet, Clara Antoons, Etienne Martinelli",7.4,Moderate
World on Fire,2019,57.0,Not Rated,Drama,"Jonah Hauer-King, Julia Brown, Helen Hunt, Sean Bean",7.3,Moderate
Jericho,2006,45.0,Not Rated,Action,"Skeet Ulrich, Lennie James, Ashley Scott, Kenneth Mitchell",7.9,Moderate
Our Girl,2013,60.0,Not Rated,Action,"Michelle Keegan, Sean Ward, Ben Aldridge, Rolan Bell",7.7,Moderate
Portlandia,2011,22.0,Not Rated,Comedy,"Fred Armisen, Carrie Brownstein, Kyle MacLachlan, Sam Adams",7.8,Moderate
Klovn,2005,25.0,Not Rated,Comedy,"Frank Hvam, Casper Christensen, Mia Lyhne, Iben Hjejle",8.4,High
Ben 10,2005,22.0,Not Rated,Animation,"Tara Strong, Paul Eiding, Meagan Moore, Dee Bradley Baker",7.3,Moderate
Ramy,2019,30.0,Not Rated,Comedy,"Ramy Youssef, Amr Waked, Mohammed Amer, Hiam Abbass",8.1,High
Lilyhammer,2012,45.0,Not Rated,Comedy,"Steven Van Zandt, Trond Fausa, Steinar Sagen, Marian Saastad Ottesen",8.0,High
For Life,2020,43.0,Not Rated,Biography,"Nicholas Pinnock, Indira Varma, Joy Bryant, Dorian Missick",7.6,Moderate
Ancient Aliens,2009,42.0,Not Rated,Documentary,"Robert Clotworthy, Giorgio A. Tsoukalos, David Childress, William Henry",7.2,Moderate
Invincible,2008,9.0,Not Rated,Animation,"Patrick Cavanaugh, Pete Sepenuk, Victoria Kelleher, Wendy Allyn",8.8,High
Señora Acero,2014,22.0,Not Rated,Crime,"Aurora Gil, Oscar Priego, Jorge Zárate, Michel Duval",7.1,Moderate
Peppa Pig,2004,25.0,Not Rated,Animation,"John Sparkes, Morwenna Banks, Richard Ridings, Oliver May",6.3,Low
Raven's Home,2017,51.0,Not Rated,Comedy,"Raven-Symoné, Issac Ryan Brown, Navia Ziraili Robinson, Jason Maybaum",7.3,Moderate
Samurai Jack,2001,60.0,Not Rated,Animation,"Phil LaMarr, Mako, Kevin Michael Richardson, Jeff Bennett",8.5,High
Gypsy,2017,43.0,Not Rated,Drama,"Naomi Watts, Billy Crudup, Sophie Cookson, Karl Glusman",6.9,Low
Tales of the City,2019,30.0,Not Rated,Drama,"Laura Linney, Elliot Page, Paul Gross, Murray Bartlett",7.4,Moderate
SGU Stargate Universe,2009,22.0,Not Rated,Drama,"Robert Carlyle, Louis Ferreira, Brian J. Smith, Elyse Levesque",7.6,Moderate
Secret Diary of a Call Girl,2007,89.0,Not Rated,Drama,"Billie Piper, Iddo Goldberg, Cherie Lunghi, Ashley Madekwe",7.4,Moderate
Good Luck Charlie,2010,30.0,Not Rated,Comedy,"Bridgit Mendler, Leigh-Allyn Baker, Bradley Steven Perry, Mia Talerico",7.0,Moderate
Inspector George Gently,2007,52.0,Not Rated,Crime,"Martin Shaw, Lee Ingleby, Simon Hubbard, Lisa McGrillis",8.0,High
Norsemen,2016,45.0,Not Rated,Comedy,"Kåre Conradi, Nils Jørgen Kaalstad, Jon Øigarden, Bjørn Myrene",7.8,Moderate
Zone Blanche,2017,24.0,Not Rated,Crime,"Suliane Brahim, Hubert Delattre, Laurent Capelluto, Samuel Jouy",7.5,Moderate
Scott & Bailey,2011,44.0,Not Rated,Crime,"Suranne Jones, Lesley Sharp, Tony Mooney, David Prosho",8.0,High
Dragon Ball Super: Doragon bôru cho,2015,23.0,Not Rated,Animation,"Masako Nozawa, Naoki Tatsuta, Ryô Horikawa, Sean Schemmel",8.4,High
Treadstone,2019,55.0,Not Rated,Action,"Jeremy Irvine, Tracy Ifeachor, Omar Metwally, Han Hyo-joo",7.0,Moderate
To the Lake,2019,24.0,Not Rated,Drama,"Kirill Käro, Maryana Spivak, Aleksandr Robak, Eldar Kalimulin",7.3,Moderate
Undone,2019,53.0,Not Rated,Animation,"Rosa Salazar, Angelique Cabral, Constance Marie, Siddharth Dhananjay",8.2,High
Deadliest Catch,2005,30.0,Not Rated,Documentary,"Mike Rowe, Sig Hansen, Keith Colburn, Jake Anderson",7.8,Moderate
Lovesick,2014,26.0,Not Rated,Comedy,"Johnny Flynn, Antonia Thomas, Daniel Ings, Joshua McGuire",8.1,High
Waterloo Road,2006,22.0,Not Rated,Drama,"Philip Martin Brown, Jason Done, Chelsee Healey, Denise Welch",7.2,Moderate
Bless the Harts,2019,30.0,Not Rated,Animation,"Kristen Wiig, Maya Rudolph, Jillian Bell, Ike Barinholtz",5.4,Low
One Mississippi,2015,30.0,Not Rated,Comedy,"Tig Notaro, John Rothman, Noah Harpster, Stephanie Allynne",7.4,Moderate
Everybody Hates Chris,2005,60.0,Not Rated,Comedy,"Terry Crews, Tichina Arnold, Tequan Richmond, Imani Hakim",7.4,Moderate
Melissa & Joey,2010,23.0,Not Rated,Comedy,"Melissa Joan Hart, Joey Lawrence, Taylor Spreitler, Nick Robinson",7.0,Moderate
Transparent,2014,29.0,Not Rated,Comedy,"Jeffrey Tambor, Amy Landecker, Gaby Hoffmann, Jay Duplass",7.7,Moderate
Fortitude,2015,25.0,Not Rated,Drama,"Richard Dormer, Björn Hlynur Haraldsson, Sienna Guillory, Mia Jexen",7.4,Moderate
Trollhunters,2016,22.0,Not Rated,Animation,"Charlie Saxton, Lexi Medrano, Anton Yelchin, Kelsey Grammer",8.5,High
The Tick,2016,60.0,Not Rated,Action,"Peter Serafinowicz, Griffin Newman, Valorie Curry, Brendan Hines",7.4,Moderate
Alexa & Katie,2018,60.0,Not Rated,Comedy,"Paris Berelc, Isabel May, Jolie Jenkins, Emery Kelly",7.5,Moderate
Kiseijû: Sei no kakuritsu,2014,24.0,Not Rated,Animation,"Adam Gibbs, Aya Hirano, Brittney Karbowski, Nobunaga Shimazaki",8.3,High
NOS4A2,2019,44.0,Not Rated,Drama,"Ashleigh Cummings, Ólafur Darri Ólafsson, Jahkara Smith, Ebon Moss-Bachrach",6.7,Low
Hightown,2020,80.0,Not Rated,Crime,"Riley Voelkel, Mike Pniewski, Tonya Glanz, Jona Xiao",6.5,Low
Damages,2007,10.0,Not Rated,Crime,"Glenn Close, Rose Byrne, Tate Donovan, Zachary Booth",8.1,High
DARLING in the FRANXX,2018,22.0,Not Rated,Animation,"Yûto Uemura, Kana Ichinose, Nanami Yamashita, Saori Hayami",7.4,Moderate
Wu Assassins,2019,30.0,Not Rated,Action,"Iko Uwais, Byron Mann, Li Jun Li, Lawrence Kao",6.4,Low
Miseuteo Shunshain,2018,30.0,Not Rated,Action,"Lee Byung-hun, Kim Tae-ri, Yoo Yeon-Seok, Yo-Han Byun",8.8,High
Teen Titans Go!,2013,30.0,Not Rated,Animation,"Scott Menville, Greg Cipes, Khary Payton, Hynden Walch",5.3,Low
The Loud House,2015,24.0,Not Rated,Animation,"Grey Griffin, Lara Jill Miller, Jessica DiCicco, Catherine Taber",7.2,Moderate
No Activity,2017,60.0,Not Rated,Animation,"Patrick Brammall, Sunita Mani, Tim Meadows, Amy Sedaris",6.7,Low
Cocomelon,2019,60.0,Not Rated,Animation,"Hannah An, Alice Cho, Ava Madison Gray, Kristen Princiotta",4.8,Low
Party Down,2009,45.0,Not Rated,Comedy,"Adam Scott, Ken Marino, Ryan Hansen, Martin Starr",8.2,High
Still Game,2002,30.0,Not Rated,Comedy,"Ford Kiernan, Greg Hemphill, Paul Riley, Gavin Mitchell",8.8,High
Akame ga Kill!,2014,107.0,Not Rated,Animation,"Sôma Saitô, Corey Hartzog, Sora Amamiya, Molly Searcy",7.8,Moderate
Girlfriends' Guide to Divorce,2014,52.0,Not Rated,Comedy,"Lisa Edelstein, Beau Garrett, Necar Zadegan, Alanna Ubach",6.9,Low
L'amica geniale,2018,45.0,Not Rated,Drama,"Alba Rohrwacher, Margherita Mazzucco, Gaia Girace, Annarita Vitolo",8.6,High
The Mallorca Files,2019,42.0,Not Rated,Crime,"Elen Rhys, Julian Looman, María Fernández Ache, Tábata Cerezo",6.6,Low
The Comeback,2005,50.0,Not Rated,Comedy,"Lisa Kudrow, Lance Barber, Robert Michael Morris, Laura Silverman",8.0,High
Bonding,2018,90.0,Not Rated,Comedy,"Zoe Levin, Brendan Scannell, Micah Stock, Theo Stockman",7.2,Moderate
Engrenages,2005,42.0,Not Rated,Crime,"Caroline Proust, Audrey Fleurot, Thierry Godard, Philippe Duclos",8.5,High
Beforeigners,2019,22.0,Not Rated,Crime,"Nicolai Cleve Broch, Krista Kosonen, Ágústa Eva Erlendsdóttir, Stig R. Amdam",7.8,Moderate
The Night Shift,2014,43.0,Not Rated,Drama,"Eoin Macken, Jill Flint, Brendan Fehr, Robert Bailey Jr.",7.4,Moderate
Baby,2018,43.0,Not Rated,Drama,"Benedetta Porcaroli, Alice Pagani, Riccardo Mandolini, Chabeli Sastre",6.8,Low
The Inspector Lynley Mysteries,2001,59.0,Not Rated,Crime,"Nathaniel Parker, Sharon Small, Lesley Vickerage, Paul Hickey",7.4,Moderate
Naked and Afraid XL,2015,50.0,Not Rated,Adventure,"Michael Brown, Lacey Jones, Jeff Zausch, Matt Wright",7.4,Moderate
Drunk History,2013,50.0,Not Rated,Comedy,"Derek Waters, Bennie Arthur, Craig Cackowski, Maria Blasucci",7.8,Moderate
Forever,2014,60.0,Not Rated,Crime,"Ioan Gruffudd, Alana De La Garza, Joel David Moore, Donnie Keshawarz",8.3,High
Inhumans,2017,50.0,Not Rated,Action,"Anson Mount, Serinda Swan, Ken Leung, Eme Ikwuakor",5.0,Low
Da Vinci's Demons,2013,60.0,Not Rated,Adventure,"Tom Riley, Gregg Chillin, Eros Vlahos, Laura Haddock",8.0,High
Suburra - La serie,2017,60.0,Not Rated,Action,"Alessandro Borghi, Giacomo Ferrara, Filippo Nigro, Carlotta Antonelli",7.9,Moderate
Criminal Justice,2019,42.0,Not Rated,Crime,"Vikrant Massey, Pankaj Tripathi, Rucha Inamdar, Jagat Rawat",8.1,High
Salem,2014,24.0,Not Rated,Drama,"Janet Montgomery, Shane West, Seth Gabel, Tamzin Merchant",7.2,Moderate
Chen qing ling,2019,42.0,Not Rated,Action,"Zhan Xiao, Yibo Wang, Zhuocheng Wang, Lu Xuan",9.0,High
The Hills: New Beginnings,2019,60.0,Not Rated,Reality-TV,"Brody Jenner, Audrina Patridge, Heidi Montag, Spencer Pratt",5.5,Low
Metástasis,2014,42.0,Not Rated,Crime,"Constanza Hernández, Diego Trujillo, Roberto Urbina, Sandra Reyes",2.3,Low
Frankie Drake Mysteries,2017,21.0,Not Rated,Crime,"Lauren Lee Smith, Chantel Riley, Rebecca Liddiard, Sharron Matthews",6.8,Low
Saints & Sinners,2016,30.0,Not Rated,Drama,"Vanessa Bell Calloway, Clifton Powell, Jasmine Burke, J.D. Williams",7.5,Moderate
Kuroko no basuke,2012,48.0,Not Rated,Animation,"Kenshô Ono, Yoshimasa Hosoya, Yuki Ono, Hirofumi Nojima",8.3,High
Southland,2009,43.0,Not Rated,Crime,"Michael Cudlitz, Shawn Hatosy, Regina King, Ben McKenzie",8.4,High
Blood & Treasure,2019,30.0,Not Rated,Action,"Matt Barr, Sofia Pernas, James Callis, Katia Winter",6.7,Low
Cardinal,2017,30.0,Not Rated,Crime,"Billy Campbell, Karine Vanasse, Kristen Thomson, Glen Gould",7.7,Moderate
The Odd Couple,2015,30.0,Not Rated,Comedy,"Matthew Perry, Thomas Lennon, Lindsay Sloane, Yvette Nicole Brown",6.4,Low
Crashing,2016,45.0,Not Rated,Comedy,"Phoebe Waller-Bridge, Jonathan Bailey, Julie Dray, Louise Ford",7.7,Moderate
The Circle,2020,60.0,Not Rated,Game-Show,"Michelle Buteau, Jack Atkins, Deleesa Carrasquillo, Courtney Revolution",7.3,Moderate
Revolution,2012,24.0,Not Rated,Action,"Billy Burke, Tracy Spiridakos, Giancarlo Esposito, Zak Orth",6.7,Low
Looking,2014,30.0,Not Rated,Comedy,"Jonathan Groff, Frankie J. Alvarez, Murray Bartlett, Lauren Weedman",8.2,High
According to Jim,2001,30.0,Not Rated,Comedy,"Jim Belushi, Courtney Thorne-Smith, Larry Joe Campbell, Taylor Atelian",6.4,Low
Mike & Molly,2010,60.0,Not Rated,Comedy,"Billy Gardell, Melissa McCarthy, Reno Wilson, Katy Mixon",6.4,Low
Deep State,2018,24.0,Not Rated,Action,"Joe Dempsie, Karima McAdams, Anastasia Griffith, Alistair Petrie",7.1,Moderate
McMafia,2018,47.0,Not Rated,Crime,"James Norton, Merab Ninidze, Kirill Pirogov, Igor Pokrajac",7.7,Moderate
Kakegurui,2017,60.0,Not Rated,Animation,"Saori Hayami, Tatsuya Tokutake, Miyuki Sawashiro, Minami Tanaka",7.2,Moderate
High Maintenance,2016,50.0,Not Rated,Comedy,"Ben Sinclair, Kate Lyn Sheil, Britt Lower, Abdullah Saeed",8.1,High
Detectorists,2014,45.0,Not Rated,Comedy,"Mackenzie Crook, Toby Jones, Rachael Stirling, Gerard Horan",8.6,High
Gran Hotel,2011,45.0,Not Rated,Crime,"Adriana Ozores, Amaia Salamanca, Yon González, Eloy Azorín",8.4,High
Hagane no renkinjutsushi,2003,68.0,Not Rated,Animation,"Vic Mignogna, Aaron Dismuke, Romi Pak, Rie Kugimiya",8.5,High
Bad Blood,2017,60.0,Not Rated,Crime,"Kim Coates, Louis Ferreira, Sharon Taylor, Melanie Scrofano",7.5,Moderate
Haven,2010,29.0,Not Rated,Crime,"Emily Rose, Lucas Bryant, Eric Balfour, Richard Donat",7.5,Moderate
Las chicas del cable,2017,49.0,Not Rated,Drama,"Blanca Suárez, Yon González, Ana Fernández, Nadia de Santiago",7.6,Moderate
Continuum,2012,28.0,Not Rated,Action,"Rachel Nichols, Victor Webster, Erik Knudsen, Stephen Lobo",7.6,Moderate
Love Child,2014,29.0,Not Rated,Drama,"Jessica Marais, Mandy McElhinney, Miranda Tapsell, Sophie Bloom",7.6,Moderate
Ask Laftan Anlamaz,2016,44.0,Not Rated,Comedy,"Hande Erçel, Burak Deniz, Özcan Tekdemir, Merve Çagiran",7.6,Moderate
The Masked Singer,2019,55.0,Not Rated,Game-Show,"Jenny McCarthy, Ken Jeong, Nicole Scherzinger, Robin Thicke",6.1,Low
Mozart in the Jungle,2014,60.0,Not Rated,Comedy,"Gael García Bernal, Lola Kirke, Saffron Burrows, Hannah Dunne",8.1,High
3%,2016,30.0,Not Rated,Action,"Bianca Comparato, Vaneza Oliveira, Rodolfo Valente, Zezé Motta",7.4,Moderate
Flight of the Conchords,2007,45.0,Not Rated,Comedy,"Jemaine Clement, Bret McKenzie, Rhys Darby, Kristen Schaal",8.5,High
Gavin & Stacey,2007,80.0,Not Rated,Comedy,"Mathew Horne, Joanna Page, Alison Steadman, Ruth Jones",8.1,High
Cloak & Dagger,2018,30.0,Not Rated,Action,"Olivia Holt, Aubrey Joseph, Gloria Reuben, Emma Lahana",6.7,Low
Carnivàle,2003,50.0,Not Rated,Drama,"Michael J. Anderson, Adrienne Barbeau, Clancy Brown, Debra Christofferson",8.4,High
The Tunnel,2013,60.0,Not Rated,Crime,"Stephen Dillane, Clémence Poésy, Cédric Vieira, Angel Coulby",7.9,Moderate
Sex Life,2019,42.0,Not Rated,Documentary,"Rev Rucifer, Barbara Ann Duffy, Vera Duffy, Natasha Estrada",6.0,Low
Mako Mermaids,2013,30.0,Not Rated,Adventure,"Chai Hansen, Dominic Deutscher, Gemma Forsyth, Rowan Hills",6.8,Low
Breathe,2018,44.0,Not Rated,Drama,"Madhavan, Amit Sadh, Sapna Pabbi, Shriswara",8.3,High
Aseudal Yeondaegi,2019,44.0,Not Rated,Action,"Song Joong-ki, Kim Ji-Won, Jang Dong-Gun, Kim Ok-bin",8.4,High
El juego de las llaves,2019,50.0,Not Rated,Drama,"Maite Perroni, Humberto Busto, Fabiola Campomanes, Hugo Catalán",6.8,Low
Delhi Crime,2019,26.0,Not Rated,Crime,"Shefali Shah, Rajesh Tailang, Rasika Dugal, Anurag Arora",8.5,High
The Syndicate,2012,24.0,Not Rated,Drama,"Lorraine Bruce, Katherine Rose Morley, Kieran Urquhart, Taj Atwal",7.5,Moderate
Rookie Blue,2010,44.0,Not Rated,Crime,"Missy Peregrym, Gregory Smith, Enuka Okuma, Travis Milne",7.7,Moderate
Toast of London,2012,22.0,Not Rated,Comedy,"Matt Berry, Robert Bathurst, Doon Mackichan, Shazad Latif",8.2,High
The Real Housewives of New York City,2008,30.0,Not Rated,Reality-TV,"Ramona Singer, Luann de Lesseps, Sonja Morgan, Bethenny Frankel",4.5,Low
Dollhouse,2009,22.0,Not Rated,Drama,"Eliza Dushku, Harry Lennix, Fran Kranz, Tahmoh Penikett",7.7,Moderate
Alta mar,2019,30.0,Not Rated,Crime,"Ivana Baquero, Jon Kortajarena, Alejandra Onieva, Eloy Azorín",6.8,Low
Tuca & Bertie,2019,180.0,Not Rated,Animation,"Tiffany Haddish, Ali Wong, Steven Yeun, Nicole Byer",7.4,Moderate
Seishun Buta Yaro wa Bunny Girl-senpai no Yume wo Minai,2018,29.0,Not Rated,Animation,"Kaito Ishikawa, Asami Seto, Yurika Kubo, Atsumi Tanezaki",8.2,High
Legend of the Seeker,2008,60.0,Not Rated,Action,"Craig Horner, Bridget Regan, Bruce Spence, Craig Parker",7.6,Moderate
My Little Pony: Friendship Is Magic,2010,60.0,Not Rated,Animation,"Ashleigh Ball, Tara Strong, Tabitha St. Germain, Andrea Libman",7.6,Moderate
Corner Gas,2004,22.0,Not Rated,Comedy,"Brent Butt, Gabrielle Miller, Fred Ewanuick, Eric Peterson",8.1,High
Liv and Maddie,2013,30.0,Not Rated,Comedy,"Dove Cameron, Joey Bragg, Tenzing Norgay Trainor, Kali Rocha",6.3,Low
The Mick,2017,90.0,Not Rated,Comedy,"Kaitlin Olson, ""Sofia Black-DElia"", Thomas Barbusca, Carla Jimenez",7.8,Moderate
Whitechapel,2009,30.0,Not Rated,Crime,"Rupert Penry-Jones, Phil Davis, Steve Pemberton, Sam Stockman",7.9,Moderate
Please Like Me,2013,23.0,Not Rated,Comedy,"Josh Thomas, Thomas Ward, John, Debra Lawrance",8.5,High
Hustle,2004,22.0,Not Rated,Crime,"Robert Glenister, Robert Vaughn, Rob Jarvis, Adrian Lester",8.1,High
Troy: Fall of a City,2018,30.0,Not Rated,Action,"Louis Hunter, Christiaan Schoombie, Bella Dayne, Chloe Pirrie",3.8,Low
The Unicorn,2019,60.0,Not Rated,Comedy,"Walton Goggins, Rob Corddry, Omar Benson Miller, Maya Lynne Robinson",7.2,Moderate
Kidding,2018,30.0,Not Rated,Comedy,"Jim Carrey, Frank Langella, Judy Greer, Cole Allen",8.0,High
Kara Sevda,2015,60.0,Not Rated,Drama,"Burak Özçivit, Neslihan Atagül, Kaan Urgancioglu, Orhan Güner",7.2,Moderate
Vice Principals,2016,60.0,Not Rated,Comedy,"Danny McBride, Walton Goggins, Sheaun McKinney, Georgia King",8.0,High
Fire Force,2019,50.0,Not Rated,Animation,"Gakuto Kajiwara, Kazuya Nakai, Christopher Wehkamp, Yûsuke Kobayashi",7.7,Moderate
Suburgatory,2011,24.0,Not Rated,Comedy,"Jeremy Sisto, Jane Levy, Carly Chaikin, Allie Grant",7.2,Moderate
Toy Boy,2019,42.0,Not Rated,Crime,"Jesús Mosquera, Cristina Castaño, María Pedraza, José de la Torre",6.4,Low
Man Down,2013,22.0,Not Rated,Comedy,"Greg Davies, Roisin Conaty, Mike Wozniak, Gwyneth Powell",7.6,Moderate
The Split,2018,48.0,Not Rated,Drama,"Nicola Walker, Stephen Mangan, Annabel Scholey, Fiona Button",7.7,Moderate
Hung,2009,43.0,Not Rated,Comedy,"Thomas Jane, Jane Adams, Charlie Saxton, Sianoa Smit-McPhee",7.1,Moderate
Bimilui Soop,2017,53.0,Not Rated,Crime,"Cho Seung-woo, Bae Doona, Lee Joon-hyuk, Jeon Bae-soo",8.6,High
Ackley Bridge,2017,60.0,Not Rated,Drama,"Sunetra Sarker, Lorraine Cheshire, Nazmeen Kauser, Jo Joyner",7.2,Moderate
Raising Dion,2019,60.0,Not Rated,Drama,"Alisha Wainwright, ""JaSiah Young"", Ali Ahn, Gavin Munn",7.2,Moderate
Bungou Stray Dogs,2016,41.0,Not Rated,Animation,"Mamoru Miyano, Yûto Uemura, Kaiji Tang, Yoshimasa Hosoya",7.7,Moderate
UnREAL,2015,30.0,Not Rated,Drama,"Shiri Appleby, Craig Bierko, Jeffrey Bowyer-Chapman, Brennan Elliott",7.8,Moderate
Awkward.,2011,60.0,Not Rated,Comedy,"Ashley Rickards, Beau Mirchoff, Jillian Rose Reed, Brett Davern",7.5,Moderate
Zenra kantoku,2019,60.0,Not Rated,Biography,"Takayuki Yamada, Shinnosuke Mitsushima, Misato Morita, Tetsuji Tamayama",7.7,Moderate
Brassic,2019,30.0,Not Rated,Comedy,"Joe Gilgun, Damien Molony, Michelle Keegan, Tom Hanson",8.3,High
Lark Rise to Candleford,2008,22.0,Not Rated,Drama,"Olivia Hallinan, Sarah Lancashire, Julia Sawalha, Fergus Drysdale",8.1,High
Underbelly,2008,51.0,Not Rated,Action,"Caroline Craig, Paul Tassone, Dieter Brummer, Daniel Roberts",8.1,High
The Cafe,2011,43.0,Not Rated,Comedy,"Ellie Haddington, Michelle Terry, June Watson, David Troughton",7.8,Moderate
Wanted,2016,60.0,Not Rated,Action,"Rebecca Gibney, Geraldine Hakewill, Anthony Phelan, Nicholas Bell",7.7,Moderate
Taken,2017,30.0,Not Rated,Action,"Clive Standen, Jennifer Beals, Adam Goldberg, Jessica Camacho",6.6,Low
Single Parents,2018,60.0,Not Rated,Comedy,"Taran Killam, Leighton Meester, Kimrie Lewis, Jake Choi",7.1,Moderate
Das Boot,2018,42.0,Not Rated,Drama,"Tom Wlaschiha, Franz Dinda, Leonard Scheicher, Thierry Frémont",7.4,Moderate
The Glades,2010,60.0,Not Rated,Action,"Matt Passmore, Kiele Sanchez, Carlos Gómez, Jordan Wall",7.5,Moderate
He-Man and the Masters of the Universe,2002,22.0,Not Rated,Adventure,"Cam Clarke, Garry Chalk, Scott McNeil, Brian Dobson",7.4,Moderate
Big City Greens,2018,125.0,Not Rated,Animation,"Chris Houghton, Marieve Herington, Bob Joles, Artemis Pebdani",7.2,Moderate
Reprisal,2019,60.0,Not Rated,Crime,"Abigail Spencer, Rodrigo Santoro, Mena Massoud, Madison Davenport",7.5,Moderate
Velvet,2013,22.0,Not Rated,Adventure,"Paula Echevarría, Miguel Ángel Silvestre, Aitana Sánchez-Gijón, Manuela Velasco",8.1,High
Four Weddings and a Funeral,2019,60.0,Not Rated,Comedy,"Nathalie Emmanuel, Nikesh Patel, Rebecca Rittenhouse, John Reynolds",7.2,Moderate
Friends from College,2017,50.0,Not Rated,Comedy,"Keegan-Michael Key, Cobie Smulders, Annie Parisse, Nat Faxon",6.9,Low
Greenleaf,2016,49.0,Not Rated,Drama,"Merle Dandridge, Kim Hawthorne, Desiree Ross, Lamman Rucker",7.4,Moderate
Anthony Bourdain: Parts Unknown,2013,60.0,Not Rated,Documentary,"Anthony Bourdain, Tom Vitale, David Scott Holloway, Eric Ripert",8.8,High
The Oval,2019,55.0,Not Rated,Drama,"Brad Benedict, Ed Quinn, Kron Moore, Javon Johnson",4.0,Low
Star vs. the Forces of Evil,2015,120.0,Not Rated,Animation,"Eden Sher, Adam McArthur, Grey Griffin, Daron Nefcy",8.0,High
The Last Drive-In with Joe Bob Briggs,2018,43.0,Not Rated,Comedy,"John Bloom, Diana Prince, Yuki Nakamura, John Patrick Brennan",9.5,High
RuPaul's Drag Race All Stars,2012,45.0,Not Rated,Game-Show,"RuPaul, Michelle Visage, Carson Kressley, Ross Mathews",8.5,High
The New Adventures of Old Christine,2006,140.0,Not Rated,Comedy,"Julia Louis-Dreyfus, Clark Gregg, Hamish Linklater, Trevor Gagnon",7.1,Moderate
Jamestown,2017,60.0,Not Rated,Drama,"Naomi Battrick, Max Beesley, Claire Cox, Patsy Ferran",6.9,Low
The Valhalla Murders,2019,60.0,Not Rated,Crime,"Aldís Amah Hamilton, Bergur Ebbi Benediktsson, Edda Björgvinsdóttir, Gunnar Bersi Björnsson",7.1,Moderate
Wu-Tang: An American Saga,2019,50.0,Not Rated,Biography,"Ashton Sanders, Shameik Moore, Siddiq Saunderson, Julian Elijah Martinez",8.2,High
Hidden,2018,44.0,Not Rated,Crime,"Sian Reese-Williams, Sion Alun Davies, Victoria Pugh, Nia Roberts",7.3,Moderate
The Little Drummer Girl,2018,45.0,Not Rated,Drama,"Simona Brown, Gennady Fleyscher, Clare Holman, Daniel Litman",7.4,Moderate
Rose and Maloney,2002,11.0,Not Rated,Crime,"Sarah Lancashire, Phil Davis, Nisha Nayar, Susan Brown",7.4,Moderate
Constantine,2014,28.0,Not Rated,Crime,"Matt Ryan, Harold Perrineau, Charles Halford, Angélica Celaya",7.5,Moderate
Moving On,2009,30.0,Not Rated,Drama,"Neil Bell, Alicia Brockenbrow, Olivia Fenton, Warren Brown",7.5,Moderate
Söz,2017,60.0,Not Rated,Action,"Tolga Saritas, Meric Aral, Nihat Altinkaya, Görkem Sevindik",6.7,Low
Siesta Key,2017,21.0,Not Rated,Reality-TV,"Garrett Miller, Madisson Hausburg, Kelsey Owens, Juliette Porter",4.6,Low
Baegabondeu,2019,60.0,Not Rated,Action,"Lee Seung-gi, Bae Suzy, Jung-hee Moon, Yun-shik Baek",8.3,High
Step Up: High Water,2018,22.0,Not Rated,Drama,"Marcus Emanuel Mitchell, Terrence Green, Ne-Yo, Naya Rivera",7.4,Moderate
Top Chef,2006,25.0,Not Rated,Game-Show,"Tom Colicchio, Padma Lakshmi, Gail Simmons, Richard Blais",7.6,Moderate
Karppi,2018,60.0,Not Rated,Crime,"Pihla Viitala, Lauri Tilkanen, Mimosa Willamo, Noa Tola",7.2,Moderate
DC Super Hero Girls,2019,46.0,Not Rated,Animation,"Tara Strong, Kari Wahlgren, Myrna Velasco, Kimberly Brooks",7.1,Moderate
House of Lies,2012,44.0,Not Rated,Comedy,"Don Cheadle, Kristen Bell, Ben Schwartz, Josh Lawson",7.4,Moderate
Brockmire,2017,23.0,Not Rated,Comedy,"Hank Azaria, Tyrel Jackson Williams, Amanda Peet, Hemky Madera",8.0,High
Snatch,2017,43.0,Not Rated,Comedy,"Rupert Grint, Luke Pasqualino, Lucien Laviscount, Phoebe Dynevor",7.0,Moderate
The Game,2006,22.0,Not Rated,Comedy,"Hosea Chanchez, Wendy Raquel Robinson, Coby Bell, Pooch Hall",6.7,Low
La casa de las flores,2018,60.0,Not Rated,Comedy,"Cecilia Suárez, Claudette Maillé, Dario Yazbek Bernal, Juan Pablo Medina",7.6,Moderate
The Venture Bros.,2003,42.0,Not Rated,Animation,"Christopher McCulloch, James Urbaniak, Doc Hammer, Michael Sinterniklaas",8.5,High
Plebs,2013,44.0,Not Rated,Comedy,"Tom Rosenthal, Ryan Sampson, Tom Basden, Karl Theobald",7.9,Moderate
Love on the Spectrum,2019,60.0,Not Rated,Documentary,Unknown,8.5,High
Dirt,2007,42.0,Not Rated,Drama,"Courteney Cox, Ian Hart, Josh Stewart, Alexandra Breckenridge",6.9,Low
Terra Nova,2011,60.0,Not Rated,Adventure,"""Jason OMara"", Shelley Conn, Christine Adams, Allison Miller",6.8,Low
Smash,2012,42.0,Not Rated,Drama,"Debra Messing, Jack Davenport, Katharine McPhee, Christian Borle",7.7,Moderate
Justice League Unlimited,2004,60.0,Not Rated,Animation,"George Newbern, Kevin Conroy, Phil LaMarr, Carl Lumbly",8.7,High
Defiance,2013,22.0,Not Rated,Action,"Grant Bowler, Stephanie Leonidas, Julie Benz, Graham Greene",7.0,Moderate
Banana Fish,2018,30.0,Not Rated,Animation,"Jun Fukuyama, Makoto Furukawa, Hiroaki Hirata, Yoshimasa Hosoya",8.2,High
The Guardian,2001,90.0,Not Rated,Crime,"Simon Baker, Alan Rosenberg, Raphael Sbarge, Dabney Coleman",7.4,Moderate
Aquarius,2015,42.0,Not Rated,Biography,"David Duchovny, Grey Damon, Gethin Anthony, Emma Dumont",7.1,Moderate
The Son,2017,23.0,Not Rated,Drama,"Pierce Brosnan, Jacob Lofland, Henry Garrett, Paola Nuñez",7.5,Moderate
Berlin Station,2016,60.0,Not Rated,Drama,"Leland Orser, Michelle Forbes, Mina Tander, Rhys Ifans",7.6,Moderate
Rosewood,2015,24.0,Not Rated,Crime,"Morris Chestnut, Jaina Lee Ortiz, Gabrielle Dennis, Anna Konkle",6.7,Low
Rectify,2013,60.0,Not Rated,Drama,"Aden Young, Abigail Spencer, J. Smith-Cameron, Adelaide Clemens",8.3,High
Flashforward,2009,29.0,Not Rated,Drama,"Courtney B. Vance, Joseph Fiennes, Jack Davenport, Zachary Knighton",7.6,Moderate
Kimbiseoga wae geureolkka,2018,22.0,Not Rated,Comedy,"Park Min-Young, Seo Jun Park, Lee Tae-Hwan, Kim Byeong-Ok",8.1,High
Chappelle's Show,2003,30.0,Not Rated,Comedy,"Dave Chappelle, Donnell Rawlings, Rudy Rush, Charlie Murphy",8.8,High
Limetown,2019,30.0,Not Rated,Crime,"Jessica Biel, Stanley Tucci, Omar Elba, Sherri Saum",6.6,Low
Ezel,2009,30.0,Not Rated,Crime,"Kenan Imirzalioglu, Cansu Dere, Yigit Özsener, Baris Falay",8.6,High
Killjoys,2015,60.0,Not Rated,Action,"Hannah John-Kamen, Aaron Ashmore, Luke Macfarlane, Tamsen McDonough",7.2,Moderate
Beastars,2019,60.0,Not Rated,Animation,"Chikahiro Kobayashi, Yuki Ono, Sayaka Senbongi, Fukushi Ochiai",7.8,Moderate
Army Wives,2007,41.0,Not Rated,Drama,"Brian McNamara, Wendy Davis, Catherine Bell, Sterling K. Brown",7.3,Moderate
Tate no Yuusha no Nariagari,2018,52.0,Not Rated,Animation,"Kaito Ishikawa, Asami Seto, Billy Kametz, Erica Mendez",8.1,High
Naked Attraction,2016,43.0,Not Rated,Game-Show,"Anna Richardson, Sarah Jayne Snow, Melissa Edden, Brianna Jones",5.4,Low
Sweetbitter,2018,24.0,Not Rated,Drama,"Ella Purnell, Tom Sturridge, Evan Jonigkeit, Eden Epstein",7.1,Moderate
Louie,2010,26.0,Not Rated,Comedy,"Louis C.K., Hadley Delany, Ursula Parker, Pamela Adlon",8.5,High
Trinkets,2019,44.0,Not Rated,Comedy,"Brianna Hildebrand, Kiana Madeira, Quintessa Swindell, Odiseas Georgiadis",7.1,Moderate
Dear White People,2017,60.0,Not Rated,Comedy,"Antoinette Robertson, Logan Browning, Brandon P Bell, DeRon Horton",6.2,Low
El vecino,2019,60.0,Not Rated,Action,"Quim Gutiérrez, Clara Lago, Adrián Pino, Catalina Sopelana",6.6,Low
Içerde,2016,24.0,Not Rated,Action,"Çagatay Ulusoy, Aras Bulut Iynemli, Çetin Tekindor, Nihal G. Koldas",8.0,High
Tell Me You Love Me,2007,90.0,Not Rated,Drama,"Michelle Borth, Tim DeKay, Aislinn Paul, Adam Scott",7.3,Moderate
Flashpoint,2008,30.0,Not Rated,Action,"Hugh Dillon, Amy Jo Johnson, David Paetkau, Sergio Di Zio",7.7,Moderate
"Luchshe, chem lyudi",2018,44.0,Not Rated,Drama,"Paulina Andreeva, Kirill Käro, Aleksandr Ustyugov, Olga Lomonosova",7.4,Moderate
The Catch,2016,42.0,Not Rated,Crime,"Mireille Enos, Peter Krause, Jay Hayden, Rose Rollins",7.2,Moderate
Bishôjo senshi Sêrâ Mûn Crystal,2014,80.0,Not Rated,Animation,"Patricia Acevedo, Kotono Mitsuishi, Ryô Hirohashi, Kenji Nojima",8.0,High
Living with Yourself,2019,43.0,Not Rated,Comedy,"Paul Rudd, Aisling Bea, Desmin Borges, Karen Pittman",7.2,Moderate
Bunheads,2012,43.0,Not Rated,Comedy,"Sutton Foster, Kaitlyn Jenkins, Julia Goldani Telles, Bailey De Young",7.6,Moderate
Hwarang,2016,43.0,Not Rated,Comedy,"Seo Jun Park, Go Ara, Park Hyung-Sik, Choi Minho",8.0,High
Broken,2017,43.0,Not Rated,Drama,"Sean Bean, Fin Campbell, Adrian Dunbar, Sam Rintoul",8.1,High
Isekai Mao to Shokan Shojo no Dorei Majutsu,2018,43.0,Not Rated,Animation,"Masaaki Mizunaka, Yû Serizawa, Azumi Waki, Jad Saxton",7.1,Moderate
Van der Valk,2020,43.0,Not Rated,Crime,"Marc Warren, Maimie McCoy, Luke Allen-Gale, Elliot Barnes-Worrell",6.6,Low
Key and Peele,2012,43.0,Not Rated,Action,"Keegan-Michael Key, Jordan Peele, Metta World Peace, Brendan Hunt",8.3,High
Mary Kills People,2017,43.0,Not Rated,Drama,"Caroline Dhavernas, Jay Ryan, Richard Short, Katie Douglas",7.5,Moderate
Dance Moms,2011,43.0,Not Rated,Reality-TV,"Abby Lee Miller, Nia Sioux, Holly Frazier, Kendall Vertes",4.7,Low
Leyla ile Mecnun,2011,43.0,Not Rated,Adventure,"Ali Atay, Ahmet Mümtaz Taylan, Serkan Keskin, Osman Sonant",9.1,High
Kickin' It,2011,22.0,Not Rated,Action,"Leo Howard, Dylan Riley Snyder, Mateo Arias, Jason Earles",6.5,Low
Liar,2017,45.0,Not Rated,Crime,"Joanne Froggatt, Ioan Gruffudd, Zoë Tapper, Danny Webb",7.1,Moderate
V-Wars,2019,60.0,Not Rated,Drama,"Ian Somerhalder, Adrian Holmes, Jacky Lai, Kyle Breitkopf",6.1,Low
Manhunt,2019,45.0,Not Rated,Biography,"Martin Clunes, Ian Conningham, Diveen Henry, Sule Rimi",7.4,Moderate
The Food That Built America,2019,45.0,Not Rated,Documentary,"Adam Richman, Campbell Scott, Yohuru Williams, ""Libby OConnell""",8.5,High
Make It or Break It,2009,60.0,Not Rated,Drama,"Ayla Kell, Josie Loren, Cassandra Scerbo, Candace Cameron Bure",7.5,Moderate
Doctor Foster,2015,30.0,Not Rated,Drama,"Suranne Jones, Bertie Carvel, Tom Taylor, Thusitha Jayasundera",7.7,Moderate
Jean-Claude Van Johnson,2016,27.0,Not Rated,Action,"Kat Foster, Moises Arias, Bar Paly, Tim Peper",7.6,Moderate
Nurse Jackie,2009,24.0,Not Rated,Comedy,"Edie Falco, Merritt Wever, Paul Schulze, Dominic Fumusa",7.7,Moderate
Samurai chanpurû,2004,43.0,Not Rated,Animation,"Kazuya Nakai, Ginpei Sato, Ayako Kawasumi, Steve Blum",8.5,High
Mistresses,2013,22.0,Not Rated,Drama,"Alyssa Milano, Jes Macallan, Rochelle Aytes, Yunjin Kim",7.1,Moderate
Mixed-ish,2019,60.0,Not Rated,Comedy,"Tika Sumpter, Mark-Paul Gosselaar, Christina Anthony, Arica Himmel",6.3,Low
Primeval,2007,24.0,Not Rated,Action,"Andrew Lee Potts, Hannah Spearritt, Ben Miller, Juliet Aubrey",7.3,Moderate
Gakuen mokushiroku: HIGHSCHOOL OF THE DEAD,2010,24.0,Not Rated,Animation,"""Junichi Suwabe"", Eri Kitamura, Nobuyuki Hiyama, Hitomi Harada",7.2,Moderate
Shinmai Maou no Testament,2015,22.0,Not Rated,Animation,"Brian Beacock, Kira Buckland, Lauren Landa, Yu Asakawa",6.7,Low
Justice League,2001,41.0,Not Rated,Animation,"Carl Lumbly, Phil LaMarr, Michael Rosenbaum, George Newbern",8.5,High
Are You the One?,2014,22.0,Not Rated,Reality-TV,"Ryan Devlin, Terrence Jenkins, Lewis Belt, Tomas Buenos",6.5,Low
Sydney to the Max,2019,30.0,Not Rated,Comedy,"Ruth Righi, Ava Kolker, Jackson Dollinger, Ian Reed Kesler",6.3,Low
The Next Step,2013,43.0,Not Rated,Drama,"Victoria Baldesarra, Alexandra Beaton, Brittany Raymond, Trevor Tordjman",6.2,Low
Dracula,2013,42.0,Not Rated,Drama,"Jonathan Rhys Meyers, Jessica De Gouw, Thomas Kretschmann, Victoria Smurfit",7.3,Moderate
The Mist,2017,60.0,Not Rated,Drama,"Morgan Spector, Alyssa Sutherland, Gus Birney, Danica Curcic",5.4,Low
Love Island,2015,60.0,Not Rated,Reality-TV,"Iain Stirling, Caroline Flack, Dani Dyer, Jack Fincham",5.2,Low
Ink Master,2012,60.0,Not Rated,Reality-TV,"Dave Navarro, Chris Nunez, Oliver Peck, James Steinke",7.4,Moderate
The Widow,2019,42.0,Not Rated,Action,"Kate Beckinsale, Ólafur Darri Ólafsson, Charles Dance, Matthew Le Nevez",6.9,Low
The Client List,2011,470.0,Not Rated,Crime,"Jennifer Love Hewitt, Loretta Devine, Colin Egglesfield, Cybill Shepherd",6.6,Low
Bancroft,2017,60.0,Not Rated,Crime,"Sarah Parish, Ryan McKen, Adam Long, Lee Boardman",6.8,Low
Vinyl,2016,22.0,Not Rated,Drama,"Bobby Cannavale, Paul Ben-Victor, P.J. Byrne, Max Casella",7.8,Moderate
Anger Management,2012,24.0,Not Rated,Comedy,"Charlie Sheen, Shawnee Smith, Noureen DeWulf, Michael Arden",6.6,Low
Teenage Mutant Ninja Turtles,2012,12.0,Not Rated,Animation,"Sean Astin, Rob Paulsen, Greg Cipes, Mae Whitman",7.8,Moderate
Helluva Boss,2019,50.0,Not Rated,Animation,"Brandon Rogers, Richard Steven Horvitz, Erica Lindbeck, Vivian Nixon",8.3,High
Marianne,2019,42.0,Not Rated,Drama,"Victoire Du Bois, Lucie Boujenah, Tiphaine Daviot, Ralph Amoussou",7.5,Moderate
Dare Me,2019,46.0,Not Rated,Crime,"Willa Fitzgerald, Herizen F. Guardiola, Marlo Kelly, Rob Heaps",6.7,Low
Frayed,2019,42.0,Not Rated,Comedy,"Frazer Hadfield, Sarah Kendall, Kerry Armstrong, Trystan Go",7.5,Moderate
Pan Am,2011,22.0,Not Rated,Drama,"Christina Ricci, Margot Robbie, Michael Mosley, Karine Vanasse",7.0,Moderate
Ned's Declassified School Survival Guide,2004,30.0,Not Rated,Comedy,"Devon Werkheiser, Lindsey Shaw, Daniel Curtis Lee, Kyle Swann",7.4,Moderate
Extras,2005,60.0,Not Rated,Comedy,"Ricky Gervais, Ashley Jensen, Stephen Merchant, Shaun Williamson",8.3,High
Queen Sugar,2016,41.0,Not Rated,Drama,"Rutina Wesley, Dawn-Lyen Gardner, Kofi Siriboe, Omar J. Dorsey",7.7,Moderate
Bar Rescue,2011,43.0,Not Rated,Reality-TV,"Jon Taffer, P.J. King, Mia Mastroianni, Russell Davis",7.6,Moderate
Crossing Lines,2013,23.0,Not Rated,Action,"Tom Wlaschiha, Donald Sutherland, Lara Rossi, William Fichtner",7.3,Moderate
Scooby-Doo! Mystery Incorporated,2010,25.0,Not Rated,Animation,"Frank Welker, Mindy Cohn, Grey Griffin, Matthew Lillard",8.0,High
Psycho-Pass,2012,28.0,Not Rated,Animation,"Kana Hanazawa, Miyuki Sawashiro, Noriko Hidaka, Shizuka Itô",8.2,High
You Me Her,2016,60.0,Not Rated,Comedy,"Greg Poehler, Rachel Blanchard, Priscilla Faia, Melanie Papalia",7.0,Moderate
Dead Like Me,2003,60.0,Not Rated,Comedy,"Ellen Muth, Callum Blue, Jasmine Guy, Mandy Patinkin",8.1,High
Dublin Murders,2019,24.0,Not Rated,Crime,"Sarah Greene, Killian Scott, ""Michael DArcy"", ""Eugene OHare""",7.2,Moderate
Go-Toubun no Hanayome,2019,60.0,Not Rated,Animation,"Yoshitsugu Matsuoka, Kana Hanazawa, Ayana Taketatsu, Miku Itou",7.6,Moderate
Pablo Escobar: El Patrón del Mal,2012,60.0,Not Rated,Biography,"Cecilia Navia, Vicky Hernández, Christian Tappan, Andrés Parra",8.5,High
Hap and Leonard,2016,45.0,Not Rated,Crime,"James Purefoy, Michael Kenneth Williams, Tiffany Mack, Cranston Johnson",7.7,Moderate
Baki,2018,44.0,Not Rated,Animation,"Tôru Furuya, Kirk Thornton, Troy Baker, Nobunaga Shimazaki",6.7,Low
Studio 60 on the Sunset Strip,2006,24.0,Not Rated,Comedy,"Matthew Perry, Amanda Peet, Bradley Whitford, Steven Weber",8.2,High
Fate/Zero,2011,30.0,Not Rated,Animation,"Ayako Kawasumi, Kari Wahlgren, Sayaka Ôhara, Jôji Nakata",8.3,High
Shake It Up,2010,42.0,Not Rated,Comedy,"Bella Thorne, Zendaya, Davis Cleveland, Roshon Fegan",4.9,Low
Pandora,2019,43.0,Not Rated,Action,"Priscilla Quintana, Oliver Dench, Ben Radcliffe, Noah Huntley",4.2,Low
Naked and Afraid,2013,60.0,Not Rated,Adventure,"Michael Brown, Amanda Kaye, E.J. Snyder, Laura Zerra",6.6,Low
My Life Is Murder,2019,45.0,Not Rated,Comedy,"Ebony Vagulans, Lucy Lawless, Bernard Curry, Todd River",7.5,Moderate
The Coroner,2015,132.0,Not Rated,Crime,"Claire Goose, Matt Bardock, Beatie Edney, Oliver Gomm",7.0,Moderate
Are You Afraid of the Dark?,2019,25.0,Not Rated,Adventure,"Bryce Gheisar, Malia Baker, Beatrice Kitsos, Parker Queenan",7.2,Moderate
This Way Up,2019,12.0,Not Rated,Comedy,"Aisling Bea, Sharon Horgan, Kadiff Kirwan, Aasif Mandvi",7.8,Moderate
Nande Koko ni Sensei ga!?,2019,60.0,Not Rated,Animation,"Ryouta Suzuki, Toshiki Masuda, Sumire Uesaka, Yûko Gotô",6.4,Low
Gordon Ramsay: Uncharted,2019,22.0,Not Rated,Adventure,"Gordon Ramsay, Sheldon Simeon, Michelle Costello, Monique Fiso",7.8,Moderate
Web Therapy,2011,22.0,Not Rated,Comedy,"Lisa Kudrow, Dan Bucatinsky, Jennifer Elise Cox, Victor Garber",6.7,Low
Scooby-Doo and Guess Who?,2019,43.0,Not Rated,Animation,"Frank Welker, Grey Griffin, Matthew Lillard, Kate Micucci",7.4,Moderate
Monarca,2019,46.0,Not Rated,Drama,"Irene Azuela, Juan Manuel Bernal, Osvaldo Benavides, Regina Pavón",7.9,Moderate
Mayday,2003,23.0,Not Rated,Documentary,"Jonathan Aris, Stephen Bogaert, Gregory Feith, John Cox",8.8,High
Chewing Gum,2015,80.0,Not Rated,Comedy,"Michaela Coel, Danielle Walters, Robert Lonsdale, Shola Adewusi",7.7,Moderate
Hotel Del Luna,2019,22.0,Not Rated,Drama,"Lee Ji-eun, Yeo Jin-gu, Shin Jeong-geun, Bae Hae-Sun",8.2,High
Don't Trust the B---- in Apartment 23,2012,24.0,Not Rated,Comedy,"Krysten Ritter, Dreama Walker, Michael Blaiklock, Eric André",7.3,Moderate
Tokyo Ghoul: re,2018,44.0,Not Rated,Animation,"Natsuki Hanae, Austin Tindle, Adam Gibbs, Mikaela Krantz",6.8,Low
Channel Zero,2016,42.0,Not Rated,Crime,"Brandon Scott, Marina Stephenson Kerr, Abigail Pniowsky, Diana Bentley",7.2,Moderate
Eagles,2019,30.0,Not Rated,Drama,"Alva Bratt, Edvard Olsson, Yandeh Sallah, Adrian Öjvindsson",7.5,Moderate
The Royals,2015,24.0,Not Rated,Drama,"Joan Collins, William Moseley, Alexandra Park, Jake Maskall",7.5,Moderate
Mr. Iglesias,2019,133.0,Not Rated,Comedy,"Gabriel Iglesias, Sherri Shepherd, Jacob Vargas, Maggie Geha",7.1,Moderate
Beruseruku,2016,22.0,Not Rated,Animation,"Erik Scott Kimerer, Max Mittelman, Sarah Anne Williams, Hiroaki Iwanaga",6.8,Low
Star Wars: Clone Wars,2003,42.0,Not Rated,Animation,"Mat Lucas, James Arnold Taylor, André Sogliuzzo, Grey Griffin",7.8,Moderate
Ben 10: Ultimate Alien,2010,60.0,Not Rated,Animation,"Yuri Lowenthal, Ashley Johnson, Dee Bradley Baker, Greg Cipes",7.6,Moderate
Extant,2014,42.0,Not Rated,Drama,"Halle Berry, Pierce Gagnon, Grace Gummer, Tyler Hilton",6.6,Low
The Romanoffs,2018,23.0,Not Rated,Drama,"Diane Lane, JJ Feild, Aaron Eckhart, Louise Bourgoin",7.0,Moderate
Limitless,2015,45.0,Not Rated,Comedy,"Jake McDorman, Jennifer Carpenter, Hill Harper, Mary Elizabeth Mastrantonio",7.7,Moderate
Documentary Now!,2015,42.0,Not Rated,Comedy,"Helen Mirren, Fred Armisen, Bill Hader, Deb Hiett",8.1,High
Camelot,2011,60.0,Not Rated,Drama,"Joseph Fiennes, Jamie Campbell Bower, Tamsin Egerton, Peter Mooney",6.5,Low
Graceland,2013,120.0,Not Rated,Action,"Daniel Sunjata, Aaron Tveit, Vanessa Ferlito, Manny Montana",7.7,Moderate
Outsiders,2016,42.0,Not Rated,Crime,"David Morse, Ryan Hurst, Kyle Gallner, Christina Jackson",7.5,Moderate
Eskiya Dünyaya Hükümdar Olmaz,2015,10.0,Not Rated,Action,"Oktay Kaynarca, Yunus Emre Yildirimer, Ozan Akbaba, Hakan Karsak",6.9,Low
Code Black,2015,24.0,Not Rated,Drama,"Marcia Gay Harden, Harry Ford, Benjamin Hollingsworth, Luis Guzmán",8.1,High
Mortal Kombat,2011,60.0,Not Rated,Short,"Casper Van Dien, Ian Anthony Dale, Samantha Win, Kim Do Nguyen",7.4,Moderate
Kono subarashii sekai ni shukufuku o!,2016,45.0,Not Rated,Animation,"Jun Fukushima, Sora Amamiya, Rie Takahashi, Ai Kayano",7.9,Moderate
Life on Mars,2006,24.0,Not Rated,Crime,"John Simm, Philip Glenister, Liz White, Dean Andrews",8.3,High
Life,2007,30.0,Not Rated,Crime,"Damian Lewis, Sarah Shahi, Adam Arkin, Brent Sexton",8.3,High
Saiki Kusuo no Psi Nan,2016,30.0,Not Rated,Animation,"Hiroshi Kamiya, Daisuke Ono, Nobunaga Shimazaki, Ai Kayano",8.3,High
House of Payne,2006,60.0,Not Rated,Comedy,"LaVan Davis, Cassi Davis, Allen Payne, Lance Gross",3.6,Low
Crashing,2017,90.0,Not Rated,Comedy,"Pete Holmes, George Basil, Jamie Lee, Artie Lange",7.5,Moderate
Birds of Prey,2002,60.0,Not Rated,Action,"Ashley Scott, Dina Meyer, Rachel Skarsten, Shemar Moore",6.4,Low
Eung-dab-ha-ra 1988,2015,60.0,Not Rated,Comedy,"Hyeri Lee, Go Kyung-Pyo, Ryu Jun-Yeol, Park Bo-Gum",9.1,High
Drop Dead Diva,2009,45.0,Not Rated,Comedy,"Brooke Elliott, Margaret Cho, Kate Levering, April Bowlby",7.4,Moderate
Celebrity Family Feud,2008,30.0,Not Rated,Comedy,"Steve Harvey, Al Roker, Burton Richardson, Kris Jenner",6.2,Low
Atlantis,2013,45.0,Not Rated,Adventure,"Mark Addy, Jack Donnelly, Robert Emms, Aiysha Hart",6.6,Low
The Other Two,2019,60.0,Not Rated,Comedy,"Heléne Yorke, Drew Tarver, Case Walker, Ken Marino",7.5,Moderate
Meteor Garden,2018,43.0,Not Rated,Drama,"Dylan Wang, Shen Yue, Caesar Wu, Darren Chen",8.1,High
American Pickers,2010,120.0,Not Rated,Documentary,"Mike Wolfe, Danielle Colby-Cushman, Frank Fritz, Robbie Wolfe",7.0,Moderate
Lincoln Rhyme: Hunt for the Bone Collector,2020,60.0,Not Rated,Crime,"Russell Hornsby, Arielle Kebbel, Roslyn Ruff, Ramses Jimenez",6.9,Low
Erkenci Kus,2018,60.0,Not Rated,Comedy,"Demet Özdemir, Can Yaman, Öznur Serçeler, Berat Yenilmez",7.3,Moderate
The Curse of Oak Island,2014,52.0,Not Rated,Documentary,"Robert Clotworthy, Marty Lagina, Rick Lagina, Charles Barkhouse",7.0,Moderate
Instinct,2018,52.0,Not Rated,Crime,"Alan Cumming, Bojana Novakovic, Daniel Ings, Michael B. Silver",6.6,Low
La trêve,2016,60.0,Not Rated,Crime,"Yoann Blanc, Jasmina Douieb, Lara Hubinont, Tom Audenaert",7.6,Moderate
Balthazar,2018,11.0,Not Rated,Crime,"Tomer Sisley, Hélène de Fougerolles, Yannig Samot, Philypa Phoenix",7.6,Moderate
The Path,2016,30.0,Not Rated,Drama,"Aaron Paul, Michelle Monaghan, Emma Greenwell, Kyle Allen",7.3,Moderate
Start Up,2016,60.0,Not Rated,Comedy,"Paul Galazo, Jeremey Penn",7.7,Moderate
People of Earth,2016,44.0,Not Rated,Comedy,"Wyatt Cenac, Luka Jones, Alice Wetterlund, Michael Cassidy",7.7,Moderate
Being Human,2008,60.0,Not Rated,Comedy,"Lenora Crichlow, Russell Tovey, Aidan Turner, Sinéad Keenan",7.8,Moderate
Sanctuary,2008,42.0,Not Rated,Action,"Amanda Tapping, Robin Dunne, Christopher Heyerdahl, Ryan Robbins",7.3,Moderate
Witches of East End,2013,29.0,Not Rated,Comedy,"Julia Ormond, Jenna Dewan, Rachel Boston, Mädchen Amick",7.6,Moderate
America's Next Top Model,2003,25.0,Not Rated,Game-Show,"Adrianne Curry, Yoanna House, Tyra Banks, J. Alexander",5.5,Low
The Thick of It,2005,30.0,Not Rated,Comedy,"Chris Addison, James Smith, Peter Capaldi, Joanna Scanlan",8.7,High
Greenhouse Academy,2017,60.0,Not Rated,Drama,"Ariel Mortman, Finn Roberts, ""Chris ONeal"", Dallas Hart",6.9,Low
Flaked,2016,30.0,Not Rated,Comedy,"Will Arnett, David Sullivan, Ruth Kearney, George Basil",7.2,Moderate
Traitors,2019,30.0,Not Rated,Thriller,"Emma Appleton, Brandon P Bell, Keeley Hawes, Luke Treadaway",6.6,Low
United States of Tara,2009,24.0,Not Rated,Comedy,"Toni Collette, John Corbett, Rosemarie DeWitt, Keir Gilchrist",7.9,Moderate
Kevin Can Wait,2016,25.0,Not Rated,Comedy,"Kevin James, Taylor Spreitler, Ryan Cartwright, Gary Valentine",5.6,Low
Puppy Dog Pals,2017,22.0,Not Rated,Animation,"Harland Williams, Issac Ryan Brown, Sam Lavagnino, Tom Kenny",7.0,Moderate
Casual,2015,60.0,Not Rated,Comedy,"Michaela Watkins, Tommy Dewey, Tara Lynne Barr, Nyasha Hatendi",7.5,Moderate
Ben 10: Omniverse,2012,22.0,Not Rated,Animation,"Yuri Lowenthal, Bumper Robinson, Eric Bauza, Paul Eiding",6.0,Low
Blood,2018,40.0,Not Rated,Crime,"Adrian Dunbar, Grainne Keenan, Sean Duggan, Diarmuid Noyes",7.1,Moderate
Ben 10: Alien Force,2008,45.0,Not Rated,Animation,"Yuri Lowenthal, Dee Bradley Baker, Ashley Johnson, Greg Cipes",7.2,Moderate
Rita,2012,30.0,Not Rated,Comedy,"Mille Dinesen, Lise Baastrup, Nikolaj Groth, Carsten Bjørnlund",8.1,High
El dragón,2019,26.0,Not Rated,Action,"Sebastián Rulli, Renata Notni, Manuel Balbi, Cassandra Sanchez Navarro",7.0,Moderate
That's So Raven,2003,40.0,Not Rated,Comedy,"Raven-Symoné, Orlando Brown, Anneliese van der Pol, Kyle Massey",6.6,Low
The Edge of Sleep,2019,43.0,Not Rated,Mystery,"Alex Essoe, Mark Fischbach, Cara Santana, Victor Rasuk",9.4,High
Free Rein,2017,30.0,Not Rated,Action,"Freddy Carter, Jaylen Barron, Manpreet Bambra, Celine Buckens",7.4,Moderate
Gandii Baat,2018,22.0,Not Rated,Crime,"Kunwar Vikram Soni, Mridula Mahajan, Guru Haryani, Shravani Goswami",3.4,Low
Saving Hope,2012,30.0,Not Rated,Drama,"Erica Durance, Michael Shanks, Benjamin Ayres, Julia Chan",7.5,Moderate
Austin & Ally,2011,30.0,Not Rated,Comedy,"Ross Lynch, Laura Marano, Raini Rodriguez, Calum Worthy",6.0,Low
Sofia the First,2012,43.0,Not Rated,Animation,"Ariel Winter, Laura Dickinson, Darcy Rose Byrnes, Travis Willingham",6.9,Low
Wellington Paranormal,2018,60.0,Not Rated,Comedy,"Mike Minogue, ""Karen OLeary"", Maaka Pohatu, Thomas Sainsbury",7.6,Moderate
Kim Possible,2002,27.0,Not Rated,Animation,"Christy Carlson Romano, Will Friedle, Nancy Cartwright, Tahj Mowry",7.2,Moderate
The Blacklist: Redemption,2017,60.0,Not Rated,Action,"Famke Janssen, Ryan Eggold, Edi Gathegi, Tawny Cypress",7.1,Moderate
Packed to the Rafters,2008,10.0,Not Rated,Comedy,"Rebecca Gibney, Erik Thomson, Michael Caton, George Houvardas",7.4,Moderate
Just Add Magic,2015,60.0,Not Rated,Comedy,"Olivia Sanabia, Abby Donnelly, Aubrey K. Miller, Judah Bellamy",8.3,High
Quarry,2016,30.0,Not Rated,Crime,"Logan Marshall-Green, Jodi Balfour, Damon Herriman, Edoardo Ballerini",8.1,High
Super Dragon Ball Heroes,2018,60.0,Not Rated,Animation,"Ryô Horikawa, Takeshi Kusao, Masako Nozawa, Ryûsei Nakao",7.0,Moderate
Emerald City,2016,60.0,Not Rated,Adventure,"Adria Arjona, Oliver Jackson-Cohen, Ana Ularu, Gerran Howell",7.2,Moderate
Lizzie McGuire,2001,27.0,Not Rated,Comedy,"Hilary Duff, Adam Lamberg, Robert Carradine, Lalaine",6.6,Low
Chance,2016,42.0,Not Rated,Drama,"Hugh Laurie, Ethan Suplee, Greta Lee, Stefania LaVie Owen",7.7,Moderate
Hand of God,2014,83.0,Not Rated,Crime,"Garret Dillahunt, Emayatzy Corinealdi, Julian Acosta, Ron Perlman",7.5,Moderate
Iru Dhuruvam,2019,60.0,Not Rated,Crime,"Ravi Jiva, Abhirami Iyer, Sebastin Antony, Abdool",8.3,High
Banshee Origins,2013,42.0,Not Rated,Drama,"Frankie Faison, Antony Starr, Ivana Milicevic, Ulrich Thomsen",8.6,High
No Offence,2015,30.0,Not Rated,Comedy,"Joanna Scanlan, Elaine Cassidy, Will Mellor, Paul Ritter",8.0,High
Married at First Sight,2014,43.0,Not Rated,Reality-TV,"Pepper Schwartz, Calvin Roberson, Jessica Griffin, Viviana Coles",6.2,Low
Making a Murderer,2015,57.0,Not Rated,Documentary,"Steven Avery, Dolores Avery, Laura Nirider, Kathleen Zellner",8.6,High
Star,2016,30.0,Not Rated,Drama,"Jude Demorest, ""Brittany OGrady"", Ryan Destiny, Amiyah Scott",6.7,Low
We Bare Bears,2014,30.0,Not Rated,Animation,"Eric Edelstein, Demetri Martin, Bobby Moynihan, Keith Ferguson",7.9,Moderate
Grand Hotel,2019,30.0,Not Rated,Crime,"Demián Bichir, Roselyn Sanchez, Denyse Tontz, Bryan Craig",7.1,Moderate
Mystery Road,2018,30.0,Not Rated,Crime,"Aaron Pedersen, Tasia Zalar, Tasma Walton, Judy Davis",7.5,Moderate
Everything Sucks!,2018,50.0,Not Rated,Comedy,"""Jahi DiAllo Winston"", Peyton Kennedy, Patch Darragh, Claudine Mboligikpelani Nako",7.5,Moderate
Star Wars: Resistance,2018,42.0,Not Rated,Animation,"Christopher Sean, Scott Lawrence, Josh Brener, Suzie McGrath",5.0,Low
How to Sell Drugs Online (Fast),2019,25.0,Not Rated,Comedy,"Maximilian Mundt, Danilo Kamperidis, Lena Klenke, Damian Hardung",7.9,Moderate
Mickey Mouse Clubhouse,2006,34.0,Not Rated,Animation,"Tony Anselmo, Bill Farmer, Tress MacNeille, Russi Taylor",5.7,Low
Made in Heaven,2019,30.0,Not Rated,Drama,"Arjun Mathur, Sobhita Dhulipala, Jim Sarbh, Kalki Koechlin",8.3,High
Pearson,2019,48.0,Not Rated,Drama,"Gina Torres, Bethany Joy Lenz, Simon Kassianides, Eli Goree",6.9,Low
Domestic na Kanojo,2019,30.0,Not Rated,Animation,"Maaya Uchida, Yôko Hikasa, Taku Yashiro, Yurika Hino",6.8,Low
American Vandal,2017,18.0,Not Rated,Comedy,"Tyler Alvarez, Griffin Gluck, Jimmy Tatro, Travis Tope",8.2,High
Baskets,2016,67.0,Not Rated,Comedy,"Zach Galifianakis, Martha Kelly, Louie Anderson, Alex Morris",7.6,Moderate
The Frankenstein Chronicles,2015,44.0,Not Rated,Crime,"Sean Bean, Richie Campbell, Tom Ward, Ryan Sampson",7.3,Moderate
Dororo,2019,59.0,Not Rated,Animation,"Rio Suzuki, Mugihito, Hiroki Suzuki, Mutsumi Sasaki",8.4,High
Nude Interviews,2011,69.0,Not Rated,Talk-Show,"Dannii, David Entz, Emily, Lillith-Rose",7.1,Moderate
Him-ssen yeo-ja Do Bong-soon,2017,60.0,Not Rated,Comedy,"Park Bo-Young, Park Hyung-Sik, Ji Soo, Jun Suk-ho",8.2,High
Bitten,2014,15.0,Not Rated,Drama,"Laura Vandervoort, Greyston Holt, Greg Bryk, Steve Lund",7.0,Moderate
Treme,2010,42.0,Not Rated,Drama,"Khandi Alexander, Rob Brown, Kim Dickens, Melissa Leo",8.2,High
Wire in the Blood,2002,50.0,Not Rated,Crime,"Robson Green, Mark Letheren, Emma Handy, Mark Penfold",8.3,High
The Ultimate Fighter,2005,3.0,Not Rated,Action,"Dana White, Mike Rowe, Herb Dean, Randy Couture",7.8,Moderate
The Walking Dead: Red Machete,2017,60.0,Not Rated,Horror,"Anais Lilit, Jose Rosete, Jeff Kober, Sofia Esmaili",7.3,Moderate
Once Upon a Time in Wonderland,2013,30.0,Not Rated,Adventure,"Sophie Lowe, Michael Socha, Peter Gadiot, Emma Catherine Rigby",7.0,Moderate
800 Words,2015,30.0,Not Rated,Comedy,"Erik Thomson, Melina Vidler, Benson Jack Anthony, Michelle Langstone",7.9,Moderate
Inside Look: The Assassination of Gianni Versace - American Crime Story,2017,60.0,Not Rated,Documentary,"Darren Criss, Ricky Martin, Penélope Cruz, Edgar Ramírez",7.7,Moderate
Catfish: The TV Show,2012,60.0,Not Rated,Reality-TV,"Nev Schulman, Max Joseph, Kamie Crawford, Bettina Kenney",7.1,Moderate
Bless This Mess,2019,542.0,Not Rated,Comedy,"Dax Shepard, Lake Bell, David Koechner, JT Neal",6.9,Low
Still Standing,2002,22.0,Not Rated,Comedy,"Mark Addy, Jami Gertz, Jennifer Irwin, Taylor Ball",7.5,Moderate
Baptiste,2019,30.0,Not Rated,Crime,"Tchéky Karyo, Anastasia Hille, Tom Hollander, Barbara Sarafian",7.3,Moderate
I'm Dying Up Here,2017,24.0,Not Rated,Comedy,"Melissa Leo, Ari Graynor, Michael Angarano, Clark Duke",7.5,Moderate
Dogs of Berlin,2018,30.0,Not Rated,Action,"Felix Kramer, Fahri Yardim, Samy Abdel Fattah, Mohamed Issa",7.6,Moderate
Dragons: Race to the Edge,2013,45.0,Not Rated,Animation,"Jay Baruchel, America Ferrera, Zack Pearlman, Christopher Mintz-Plasse",8.3,High
LazyTown,2002,40.0,Not Rated,Adventure,"Lorraine Parsloe, Magnús Scheving, Stefán Karl Stefánsson, Julianna Rose Mauriello",5.9,Low
Dungeon ni Deai wo Motomeru no wa Machigatteiru Darou ka,2015,75.0,Not Rated,Animation,"Bryson Baugus, Luci Christian, Hilary Haag, Yoshitsugu Matsuoka",7.4,Moderate
Overlord,2015,24.0,Not Rated,Animation,"Satoshi Hino, Chris Guerrero, Elizabeth Maxwell, Yumi Hara",7.8,Moderate
The Secret Circle,2011,30.0,Not Rated,Drama,"Britt Robertson, Thomas Dekker, Phoebe Tonkin, Shelley Hennig",7.3,Moderate
Jersey Shore,2009,30.0,Not Rated,Comedy,"""Paul Pauly D DelVecchio"", ""Sammi Sweetheart Giancola"", Nicole Polizzi, ""Mike The Situation Sorrentino""",3.6,Low
Bap Jal Sajuneun Yeppeun Nuna,2018,352.0,Not Rated,Drama,"Son Ye-jin, Jung Hae-In, Joo Min-Kyung, Kim Chang-wan",8.1,High
Noragami,2014,21.0,Not Rated,Animation,"Hiroshi Kamiya, Maaya Uchida, Yûki Kaji, Bryn Apprill",7.9,Moderate
Sliced,2019,60.0,Not Rated,Comedy,"Samson Kayo, Theo Barklem-Biggs, David Mumeni, Weruche Opia",6.2,Low
The Suite Life on Deck,2008,21.0,Not Rated,Action,"Dylan Sprouse, Cole Sprouse, Brenda Song, Debby Ryan",6.4,Low
The Trial of Christine Keeler,2019,60.0,Not Rated,Drama,"Sophie Cookson, James Norton, Ellie Bamber, Emilia Fox",6.9,Low
The Grinder,2015,30.0,Not Rated,Comedy,"Rob Lowe, Fred Savage, Mary Elizabeth Ellis, Hana Hayes",7.1,Moderate
Robin Hood,2006,30.0,Not Rated,Action,"Jonas Armstrong, Gordon Kennedy, Sam Troughton, Joe Armstrong",7.4,Moderate
Ki Hwanghoo,2013,45.0,Not Rated,Action,"Ha Ji-Won, Hye-Rin Han, Ju Jin-Mo, Ji Chang-Wook",8.5,High
Faking It,2014,60.0,Not Rated,Comedy,"Rita Volk, Katie Stevens, Gregg Sulkin, Bailey De Young",7.4,Moderate
The K2,2016,30.0,Not Rated,Drama,"Ji Chang-Wook, Song Yun-ah, Im Yoon-ah, Jo Sung-ha",7.8,Moderate
Would I Lie to You?,2007,30.0,Not Rated,Comedy,"David Mitchell, Lee Mack, Rob Brydon, Paul Ridley",8.1,High
Now Apocalypse,2019,44.0,Not Rated,Comedy,"Avan Jogia, Kelli Berglund, Beau Mirchoff, Roxane Mesquida",6.2,Low
Parfum,2018,43.0,Not Rated,Drama,"Friederike Becht, Natalia Belitski, Oskar Belton, Leon Lukas Blaschke",7.1,Moderate
Invasion,2005,30.0,Not Rated,Drama,"William Fichtner, Eddie Cibrian, Kari Matchett, Lisa Sheridan",7.5,Moderate
The Hills,2006,5.0,Not Rated,Drama,"Audrina Patridge, Heidi Montag, Lauren Conrad, Spencer Pratt",3.6,Low
Ninjago: Masters of Spinjitzu,2011,60.0,Not Rated,Animation,"Michael Adamthwaite, Kelly Metzger, Kirby Morrow, Vincent Tong",7.1,Moderate
Hoarders,2009,629.0,Not Rated,Documentary,"Robin Zasio, Matt Paxton, Dorothy Breininger, Cory Chalmers",6.4,Low
Emergence,2019,30.0,Not Rated,Drama,"Allison Tolman, Alexa Swinton, Owain Yeoman, Ashley Aufderheide",7.2,Moderate
K.C. Undercover,2015,30.0,Not Rated,Action,"Zendaya, Veronica Dunne, Kamil McFadden, Trinitee",6.2,Low
Inside Look: The People v. O.J. Simpson - American Crime Story,2016,43.0,Not Rated,Documentary,"Sarah Paulson, Sterling K. Brown, Nina Jacobson, Brad Simpson",8.4,High
MasterChef Australia,2009,30.0,Not Rated,Reality-TV,"Gary Mehigan, George Calombaris, Matt Preston, Nick McKay",8.3,High
Soupçons,2004,60.0,Not Rated,Documentary,"Michael Peterson, David Rudolf, Ron Guerette, Martha Ratliff",7.9,Moderate
Timewasters,2017,22.0,Not Rated,Comedy,"Daniel Lawrence Taylor, Kadiff Kirwan, Adelayo Adedayo, Samson Kayo",6.5,Low
Goblin Slayer,2018,57.0,Not Rated,Animation,"Yuichiro Umehara, Yui Ogura, Hayden Daviau, Brad Hawkins",7.5,Moderate
The Tomorrow People,2013,30.0,Not Rated,Action,"Robbie Amell, Peyton List, Luke Mitchell, Aaron Yoo",7.2,Moderate
White Gold,2017,85.0,Not Rated,Comedy,"Ed Westwick, James Buckley, Joe Thomas, Linzey Cocker",7.4,Moderate
El Señor de los Cielos,2013,30.0,Not Rated,Action,"Rafael Amaya, Carmen Aub, Fernanda Castillo, Lisa Owen",6.8,Low
Home Town,2016,25.0,Not Rated,Reality-TV,"Ben Napier, Erin Napier, Amber Hayes, Kelvin Robinson",8.0,High
Grounded for Life,2001,30.0,Not Rated,Comedy,"Donal Logue, Megyn Price, Kevin Corrigan, Lynsey Bartilson",7.4,Moderate
The Doctor Blake Mysteries,2013,22.0,Not Rated,Crime,"Nadine Garner, Craig McLachlan, Charlie Cousins, Joel Tobeck",8.1,High
People Just Do Nothing,2014,52.0,Not Rated,Comedy,"Allan Mustafa, Hugo Chegwin, Asim Chaudhry, Steve Stamp",8.5,High
90 Day Fiancé,2014,23.0,Not Rated,Reality-TV,"Natalie Podiakova, Mike Youngquist, Nicole Nafziger, Azan Tefou",6.4,Low
No Good Nick,2019,60.0,Not Rated,Comedy,"Siena Agudong, Lauren Lindsey Donzis, Kalama Epstein, Sean Astin",6.0,Low
Black Lagoon,2006,51.0,Not Rated,Animation,"Megumi Toyoguchi, Daisuke Namikawa, Maryke Hendrikse, Brad Swaile",8.0,High
SMILF,2017,30.0,Not Rated,Comedy,"Frankie Shaw, Miguel Gomez, Samara Weaving, Anna Chanel Reimer",6.7,Low
The Cleveland Show,2009,30.0,Not Rated,Animation,"Mike Henry, Sanaa Lathan, Kevin Michael Richardson, Jason Sudeikis",5.5,Low
Borgia,2011,11.0,Not Rated,Biography,"Mark Ryder, Isolda Dychauk, Diarmuid Noyes, John Doman",7.8,Moderate
Derek,2012,30.0,Not Rated,Comedy,"Ricky Gervais, Kerry Godliman, David Earl, Tim Barlow",8.0,High
Nightflyers,2018,22.0,Not Rated,Drama,"Eoin Macken, David Ajala, Jodie Turner-Smith, Angus Sampson",5.9,Low
Lodge 49,2018,27.0,Not Rated,Comedy,"Wyatt Russell, Brent Jennings, Sonya Cassidy, Linda Emond",7.7,Moderate
Swedish Dicks,2016,45.0,Not Rated,Comedy,"Peter Stormare, Johan Glans, Vivian Bang, Felisha Cooper",6.8,Low
Not Going Out,2006,45.0,Not Rated,Comedy,"Lee Mack, Sally Bretton, Katy Wix, Tim Vine",7.6,Moderate
NTSF:SD:SUV,2011,23.0,Not Rated,Comedy,"Paul Scheer, Brandon Johnson, June Diane Raphael, Kate Mulgrew",7.3,Moderate
Dangshini Jamdeun Saie,2017,24.0,Not Rated,Comedy,"Bae Suzy, Lee Jong-Suk, Jung Hae-In, Lee Sang-Yeob",8.4,High
Lab Rats,2012,50.0,Not Rated,Action,"William Brent, Spencer Boldman, Kelli Berglund, Tyrel Jackson Williams",6.6,Low
Odd Squad,2014,54.0,Not Rated,Action,"Millie Davis, Sean Michael Kyer, Dalila Bela, Filip Geljo",6.5,Low
Pretty Little Liars: The Perfectionists,2019,60.0,Not Rated,Crime,"Sasha Pieterse, Janel Parrish, Sofia Carson, Sydney Park",7.1,Moderate
Northern Rescue,2019,60.0,Not Rated,Drama,"William Baldwin, Kathleen Robertson, Amalia Williamson, Spencer Macpherson",7.1,Moderate
Ultimate Spider-Man,2012,25.0,Not Rated,Animation,"Drake Bell, Ogie Banks, Chi McBride, Logan Miller",7.2,Moderate
Elena of Avalor,2016,30.0,Not Rated,Animation,"Aimee Carrero, Jenna Ortega, Christian Lanz, Jillian Rose Reed",6.4,Low
Magic City,2012,45.0,Not Rated,Crime,"Jeffrey Dean Morgan, Olga Kurylenko, Steven Strait, Jessica Marais",7.6,Moderate
The Code,2014,60.0,Not Rated,Drama,"Dan Spielman, Ashley Zukerman, Adele Perovic, Michael Denkha",7.4,Moderate
Dalui Yeonin - Bobogyungsim Ryeo,2016,312.0,Not Rated,Drama,"Lee Joon-Gi, Lee Ji-eun, Kang Ha-Neul, Nam Joo-Hyuk",8.7,High
Wisting,2019,45.0,Not Rated,Crime,"Sven Nordin, Thea Green Lundberg, Mads Ousdal, Gard B. Eidsvold",7.3,Moderate
Andi Mack,2017,30.0,Not Rated,Comedy,"Peyton Elizabeth Lee, Joshua Rush, Sofia Wylie, Asher Angel",7.3,Moderate
Room 104,2017,85.0,Not Rated,Comedy,"Jennifer Lafleur, Jon Bass, Jenny Leonhardt, Kristina Harrison",6.1,Low
Inside Edge,2017,30.0,Not Rated,Drama,"Richa Chadha, Angad Bedi, Tanuj Virwani, Sayani Gupta",8.0,High
Damnation,2017,45.0,Not Rated,Crime,"Logan Marshall-Green, Killian Scott, Sarah Jones, Chasten Harmon",7.7,Moderate
Capitani,2019,60.0,Not Rated,Crime,"Luc Schiltz, Sophie Mousel, Claude De Demo, Joe Dennenwald",6.6,Low
Origin,2018,43.0,Not Rated,Horror,"Natalia Tena, Tom Felton, Sen Mitsuji, Nora Arnezeder",7.1,Moderate
Craig of the Creek,2018,43.0,Not Rated,Animation,"Philip Solomon, Michael Croner, Noël Wells, Ben Levin",7.4,Moderate
90 Day Fiancé: Happily Ever After?,2016,43.0,Not Rated,Reality-TV,"Paola Mayfield, Russ Mayfield, Chantel Everett, Pedro Jimeno",6.3,Low
Angie Tribeca,2016,43.0,Not Rated,Action,"Rashida Jones, Jere Burns, Andree Vermeulen, Deon Cole",7.0,Moderate
Why Are You Like This?,2018,43.0,Not Rated,Comedy,"Naomi Higgins, Olivia Junkeer, Wil King, Lawrence Leung",6.5,Low
Sin Senos No Hay Paraíso,2008,43.0,Not Rated,Action,"Carmen Villalobos, Catherine Siachoque, María Fernanda Yepes, Fabián Ríos",7.1,Moderate
The Passage,2019,43.0,Not Rated,Action,"Mark-Paul Gosselaar, Saniyya Sidney, Jamie McShane, Caroline Chikezie",7.3,Moderate
Forged in Fire,2015,42.0,Not Rated,Game-Show,"Wil Willis, David Lain Baker, Doug Marcaida, J. Neilson",8.4,High
Falsa Identidad,2018,32.0,Not Rated,Crime,"Luis Ernesto Franco, Samadhi Zendejas, Eduardo Yáñez, Barbie Casillas",7.1,Moderate
I Love Dick,2016,60.0,Not Rated,Comedy,"Kevin Bacon, Kathryn Hahn, Griffin Dunne, Roberta Colindrez",6.3,Low
Wildfire,2005,60.0,Not Rated,Drama,"Genevieve Padalecki, Nicole Tubiola, Nana Visitor, Greg Serano",7.6,Moderate
I Am the Night,2019,30.0,Not Rated,Crime,"Chris Pine, India Eisley, Jefferson Mays, Leland Orser",7.0,Moderate
Life on Top,2009,60.0,Not Rated,Comedy,"Heather Vandeven, Brandin Rackley, Daniel Messier, Mary LeGault",6.5,Low
Knight Rider,2008,30.0,Not Rated,Adventure,"Justin Bruening, Deanna Russo, Paul Campbell, Smith Cho",5.6,Low
Wet Hot American Summer: First Day of Camp,2015,25.0,Not Rated,Comedy,"Marguerite Moreau, Zak Orth, Paul Rudd, Michael Showalter",7.4,Moderate
First Wives Club,2019,45.0,Not Rated,Comedy,"Jill Scott, Michelle Buteau, RonReaco Lee, Mark Tallman",7.3,Moderate
Kiru ra kiru: KILL la KILL,2013,60.0,Not Rated,Animation,"Ami Koshimizu, Aya Suzaki, Toshihiko Seki, ""Shinichirô Miki""",7.9,Moderate
Queer Eye,2018,60.0,Not Rated,Reality-TV,"Bobby Berk, Karamo Brown, Tan France, Antoni Porowski",8.5,High
Vexed,2010,70.0,Not Rated,Comedy,"Toby Stephens, Ronny Jhutti, Roger Griffiths, Miranda Raison",7.3,Moderate
Trust,2018,47.0,Not Rated,Biography,"Harris Dickinson, Donald Sutherland, Hilary Swank, Luca Marinelli",7.6,Moderate
Naui Ajusshi,2018,60.0,Not Rated,Drama,"Sun-kyun Lee, Lee Ji-eun, Ji-Ah Lee, Park Ho-San",9.1,High
My Mad Fat Diary,2013,52.0,Not Rated,Comedy,"Ciara Baxendale, Dan Cohen, Jodie Comer, Darren Evans",8.4,High
Masters of Horror,2005,42.0,Not Rated,Horror,"Karen Elizabeth Austin, J. Winston Carroll, Miho Ninagawa, Anthony Harrison",7.5,Moderate
Profilage,2009,23.0,Not Rated,Crime,"Jean-Michel Martial, Raphaël Ferret, Philippe Bas, Valérie Dashwood",7.5,Moderate
To Tell the Truth,2016,120.0,Not Rated,Comedy,"Anthony Anderson, Doris Bowman, Sherri Shepherd, Nikki Glaser",6.2,Low
Gabby Duran & The Unsittables,2019,42.0,Not Rated,Comedy,"Kylie Cantrall, Maxwell Acee Donovan, Coco Christo, Nathan Lovejoy",5.5,Low
Co-Ed Confidential,2007,181.0,Not Rated,Comedy,"Kevin Patrick, Michelle Maylene, Bradley Joseph, Hannah Harper",6.5,Low
Kuzgun,2019,23.0,Not Rated,Action,"Baris Arduç, Burcu Biricik, Hatice Aslan, Caner Sahin",7.7,Moderate
Temptation Island,2019,42.0,Not Rated,Reality-TV,"Mark L. Walberg, David Benavidez, Javen Butler, Kate Griffith",6.0,Low
Cheat,2019,25.0,Not Rated,Thriller,"Katherine Kelly, Molly Windsor, Tom Goodman-Hill, Lorraine Ashbourne",6.7,Low
Spirit Riding Free,2017,24.0,Not Rated,Animation,"Amber Frank, Bailey Gambertoglio, Sydney Park, Nolan North",6.6,Low
Cedar Cove,2013,42.0,Not Rated,Drama,"Andie MacDowell, Dylan Neal, Sarah Smyth, Teryl Rothery",6.9,Low
The Bureau of Magical Things,2018,21.0,Not Rated,Fantasy,"Kimie Tsukakoshi, Elizabeth Cullen, Mia Milnes, Julian Cullen",6.7,Low
Yahari ore no seishun rabukome wa machigatteiru.,2013,60.0,Not Rated,Animation,"Takuya Eguchi, Saori Hayami, Nao Tôyama, Melissa Molano",7.9,Moderate
Dallas,2012,25.0,Not Rated,Drama,"Josh Henderson, Jesse Metcalfe, Jordana Brewster, Julie Gonzalo",7.1,Moderate
Tangled: The Series,2017,30.0,Not Rated,Animation,"Mandy Moore, Zachary Levi, Eden Espinosa, Paul F. Tompkins",7.7,Moderate
Kitchen Nightmares,2007,80.0,Not Rated,Reality-TV,"Gordon Ramsay, Arthur Smith, Kim Seeley, Michael Cabbibo",7.5,Moderate
The Boss Baby: Back in Business,2018,45.0,Not Rated,Animation,"JP Karliak, David W. Collins, Flula Borg, Pierce Gagnon",6.5,Low
Stuck in the Middle,2016,60.0,Not Rated,Comedy,"Jenna Ortega, Isaak Presley, Ariana Greenblatt, Kayla Maisonet",6.1,Low
Sigeuneol,2016,30.0,Not Rated,Crime,"Lee Jehoon, Kim Hye-su, Cho Jin-woong, Hyun-Sung Jang",8.6,High
The First,2018,23.0,Not Rated,Drama,"Sean Penn, Natascha McElhone, LisaGay Hamilton, Hannah Ware",6.7,Low
Kyle XY,2006,60.0,Not Rated,Drama,"Matt Dallas, Marguerite MacIntyre, Bruce Thomas, April Matson",7.4,Moderate
Chemistry,2011,44.0,Not Rated,Comedy,"Jonathan Chase, Ana Alexander, Ragan Wallake, Jeremy Kent Jackson",5.5,Low
The Inbetweeners,2012,30.0,Not Rated,Comedy,"Bubba Lewis, Zack Pearlman, Joey Pollari, Mark L. Young",3.0,Low
Pitch,2016,23.0,Not Rated,Drama,"Kylie Bunbury, Mark-Paul Gosselaar, Mark Consuelos, Mo McRae",7.4,Moderate
Intelligence,2005,43.0,Not Rated,Crime,"Ian Tracey, Klea Scott, John Cassini, Matt Frewer",8.2,High
Blackout,2019,26.0,Not Rated,Drama,"T.C. Carter, Seychelle Gabriel, Caroline Newton, Chloe Brooks",8.2,High
QI,2003,43.0,Not Rated,Comedy,"Alan Davies, Stephen Fry, Sandi Toksvig, Phill Jupitus",8.6,High
Avengers Assemble,2012,48.0,Not Rated,Animation,"Roger Craig Smith, Troy Baker, Fred Tatasciore, Travis Willingham",7.0,Moderate
Real Detective,2016,4.0,Not Rated,Documentary,"Michael Douglas Cake, Liana Montoro, Tyrone Benskin, Mizinga Mwinga",8.1,High
Mrs. Brown's Boys,2011,60.0,Not Rated,Comedy,"""Brendan OCarroll"", Jennifer Gibney, ""Eilish OCarroll"", Paddy Houlihan",7.2,Moderate
Criminal Minds: Beyond Borders,2016,40.0,Not Rated,Action,"Gary Sinise, Alana De La Garza, Daniel Henney, Tyler James Williams",6.2,Low
Rosemary & Thyme,2003,30.0,Not Rated,Crime,"Felicity Kendal, Pam Ferris, Ryan Philpott, Daisy Dunlop",7.6,Moderate
Vikings: Athelstan's Journal,2015,45.0,Not Rated,Action,"George Blagden, Travis Fimmel, Jennie Jacques, John Kavanagh",8.1,High
Pooreun Badaui Junsul,2016,30.0,Not Rated,Comedy,"Jun Ji-Hyun, Lee Min-Ho, Lee Hee-joon, Shin Won Ho",8.1,High
Comrade Detective,2017,45.0,Not Rated,Action,"Channing Tatum, Florin Piersic Jr., Joseph Gordon-Levitt, Corneliu Ulici",7.3,Moderate
Driven,2018,60.0,Not Rated,Romance,"Olivia Grace Applegate, Casey Deidrick, Kenzie Dalton, Christian Ganiere",7.4,Moderate
Mr Selfridge,2013,24.0,Not Rated,Drama,"Ron Cook, Jeremy Piven, Tom Goodman-Hill, Amy Beth Hayes",7.6,Moderate
Speechless,2016,23.0,Not Rated,Comedy,"Minnie Driver, John Ross Bowie, Cedric Yarbrough, Mason Cook",7.6,Moderate
Soy Luna,2016,24.0,Not Rated,Comedy,"Karol Sevilla, Ruggero Pasquarelli, Valentina Zenere, Michael Ronda",6.8,Low
Tyrant,2014,50.0,Not Rated,Action,"Adam Rayner, Jennifer Finnigan, Ashraf Barhom, Moran Atias",7.8,Moderate
Toradora!,2008,60.0,Not Rated,Animation,"Rie Kugimiya, Junji Majima, Yui Horie, Hirofumi Nojima",8.0,High
Mystery 101,2019,24.0,Not Rated,Crime,"Jill Wagner, Kristoffer Polaha, Preston Vanderslice, Robin Thomas",7.6,Moderate
Voltron: Legendary Defender,2016,120.0,Not Rated,Animation,"Jeremy Shada, Bex Taylor-Klaus, Tyler Labine, Kimberly Brooks",8.1,High
Hilda,2018,60.0,Not Rated,Animation,"Bella Ramsey, Ameerah Falzon-Ojo, Oliver Nelson, Daisy Haggard",8.6,High
Teachers,2001,47.0,Not Rated,Comedy,"Ursula Holden Gill, Gillian Bevan, Lloyd McGuire, Ellen Thomas",7.8,Moderate
London Kills,2019,60.0,Not Rated,Crime,"Hugo Speer, Sharon Small, Bailey Patrick, Tori Allen-Martin",6.7,Low
Kangoku gakuen,2015,35.0,Not Rated,Animation,"Hiroshi Kamiya, Katsuyuki Konishi, Kenichi Suzumura, Daisuke Namikawa",7.6,Moderate
Hercai,2019,30.0,Not Rated,Drama,"Akin Akinözü, Ebru Sahin, Ayda Aksel, Macit Sonkan",6.8,Low
Senke nad Balkanom,2017,30.0,Not Rated,Crime,"Andrija Kuzmanovic, Marija Bergam, Dragan Bjelogrlic, Jovana Stojiljkovic",9.0,High
SAS: Who Dares Wins,2015,11.0,Not Rated,Reality-TV,"Ant Middleton, Shaun Dooley, Jason Fox, Mark Billingham",8.5,High
Jett,2019,30.0,Not Rated,Crime,"Carla Gugino, Elena Anaya, Michael Aronov, Gaite Jansen",7.4,Moderate
4 Blocks,2017,30.0,Not Rated,Crime,"Kida Khodr Ramadan, Veysel Gelin, Almila Bagriacik, Sami Nasser",8.2,High
Pure,2019,45.0,Not Rated,Comedy,"Charly Clive, Joe Cole, Kiran Sonia Sawar, Niamh Algar",7.3,Moderate
The Batman,2004,65.0,Not Rated,Animation,"Rino Romano, Alastair Duncan, Evan Sabara, Danielle Judovits",7.3,Moderate
Ridiculousness,2011,24.0,Not Rated,Comedy,"Rob Dyrdek, Chanel West Coast, Sterling Brim, Brendan Schaub",6.4,Low
The Eric Andre Show,2012,22.0,Not Rated,Comedy,"Eric André, Hannibal Buress, Robert Smith, Tom Ato",8.6,High
The Lion Guard,2015,60.0,Not Rated,Animation,"Max Charles, Joshua Rush, Diamond White, Atticus Shaffer",6.4,Low
Divorce,2016,60.0,Not Rated,Comedy,"Sarah Jessica Parker, Thomas Haden Church, Molly Shannon, Talia Balsam",6.8,Low
Reaper,2007,60.0,Not Rated,Adventure,"Bret Harrison, Tyler Labine, Rick Gonzalez, Missy Peregrym",7.7,Moderate
Kurtlar Vadisi,2003,90.0,Not Rated,Action,"Necati Sasmaz, Özgü Namal, Gürkan Uygun, Erdem Ergüney",7.6,Moderate
Kuroshitsuji,2008,28.0,Not Rated,Animation,"Michael C. Pizzuto, J. Michael Tatum, Brina Palencia, Daisuke Ono",7.8,Moderate
Go On,2012,45.0,Not Rated,Comedy,"Matthew Perry, Laura Benanti, Julie White, Suzy Nakamura",7.5,Moderate
Lucky Man,2016,30.0,Not Rated,Action,"James Nesbitt, Sienna Guillory, Darren Boyd, Amara Karan",7.2,Moderate
Strange Angel,2018,59.0,Not Rated,Drama,"Jack Reynor, Bella Heathcote, Peter Mark Kendall, Greg Wise",7.0,Moderate
Ashes to Ashes,2008,60.0,Not Rated,Crime,"Philip Glenister, Keeley Hawes, Dean Andrews, Marshall Lancaster",8.2,High
Dominion,2014,30.0,Not Rated,Action,"Christopher Egan, Tom Wisdom, Roxanne McKee, Luke Allen-Gale",6.8,Low
Horrible Histories,2009,47.0,Not Rated,Comedy,"Jim Howick, Simon Farnaby, Mathew Baynton, Martha Howe-Douglas",8.8,High
Maria Wern,2008,12.0,Not Rated,Crime,"Eva Röse, Allan Svensson, Peter Perski, Oscar Pettersson",6.7,Low
Degrassi: Next Class,2016,150.0,Not Rated,Drama,"""Nakuset Gould"", Amanda Arcuri, Sara Waisglass, Ehren Kassam",6.9,Low
Hunted,2012,60.0,Not Rated,Action,"Melissa George, Adam Rayner, Patrick Malahide, Morven Christie",7.4,Moderate
Byeol-e-seo on geu-dae,2013,70.0,Not Rated,Comedy,"Jun Ji-Hyun, Kim Soo-hyun, Park Hae-Jin, Yoo In-Na",8.2,High
Jugar con Fuego,2019,276.0,Not Rated,Drama,"Jason Day, Margarita Rosa de Francisco, Carlos Ponce, Laura Perico",5.9,Low
The Guest Book,2017,43.0,Not Rated,Comedy,"Carly Jibson, Eddie Steeples, Charles Robinson, Lou Wilson",7.2,Moderate
Leah Remini: Scientology and the Aftermath,2016,2.0,Not Rated,Documentary,"Leah Remini, Mike Rinder, Mary Kahn, Claire Headley",9.0,High
Ben 10,2016,60.0,Not Rated,Animation,"Tara Strong, Montse Hernandez, David Kaye, Roger Craig Smith",2.7,Low
Sefirin Kizi,2019,60.0,Not Rated,Drama,"Engin Akyürek, Erdal Küçükkömürcü, Konca Cilasun, Dogukan Polat",6.0,Low
The First 48,2004,30.0,Not Rated,Crime,"Dion Graham, Dave Walker, Nathan Schilling, Jason White",8.2,High
Kkotboda namja,2009,23.0,Not Rated,Comedy,"Ku Hye-Sun, Lee Min-Ho, Kim Hyun-joong, Kim Bum",7.9,Moderate
The Forsyte Saga,2002,24.0,Not Rated,Drama,"Damian Lewis, Rupert Graves, Gina McKee, Amanda Root",8.1,High
No Tomorrow,2016,42.0,Not Rated,Comedy,"Joshua Sasse, Tori Anderson, Jonathan Langdon, Sarayu Blue",7.3,Moderate
Love Advent,2011,27.0,Not Rated,Action,"Kendall Jenner, Emily Ratajkowski, Bella Hadid, Daisy Lowe",4.2,Low
La reina del flow,2018,27.0,Not Rated,Drama,"Carolina Ramírez, Carlos Torres, Andres Sandoval, Lucho Velasco",7.9,Moderate
Wanderlust,2018,44.0,Not Rated,Drama,"Toni Collette, Steven Mackintosh, Joe Hurst, ""Emma DArcy""",7.1,Moderate
Sick Note,2017,22.0,Not Rated,Comedy,"Rupert Grint, Nick Frost, Pippa Bennett-Warner, Marama Corlett",6.8,Low
Monster Musume no Iru Nichijou,2015,60.0,Not Rated,Animation,"Junji Majima, Sora Amamiya, Bryson Baugus, Allison L. Sumrall",6.7,Low
Fate/stay night: Unlimited Blade Works,2014,60.0,Not Rated,Animation,"Mela Lee, Bryce Papenbrook, Noriaki Sugiyama, Kana Ueda",8.0,High
Conan,2010,45.0,Not Rated,Comedy,"""Conan OBrien"", Andy Richter, Jimmy Vivino and the Basic Cable Band, Jimmy Vivino",8.1,High
Utopia,2014,60.0,Not Rated,Comedy,"Rob Sitch, Celia Pacquola, Dave Lawson, Emma-Louise Wilson",8.3,High
Z: The Beginning of Everything,2015,45.0,Not Rated,Biography,"Christina Ricci, David Hoflin, Kristine Nielsen, David Strathairn",7.1,Moderate
Being Human,2011,24.0,Not Rated,Drama,"Sam Witwer, Meaghan Rath, Sam Huntington, Kristen Hager",7.5,Moderate
Great News,2017,22.0,Not Rated,Comedy,"Briga Heelan, Andrea Martin, Adam Campbell, Nicole Richie",7.1,Moderate
Shades of Blue,2016,44.0,Not Rated,Action,"Jennifer Lopez, Ray Liotta, Drea de Matteo, Dayo Okeniyi",7.0,Moderate
The Bachelor,2002,50.0,Not Rated,Drama,"Chris Harrison, Brad Womack, Sean Lowe, Ben Higgins",3.2,Low
Okkupert,2015,60.0,Not Rated,Drama,"Henrik Mestad, Ane Dahl Torp, Eldar Skar, Ingeborga Dapkunaite",7.7,Moderate
The Moment of Truth,2008,45.0,Not Rated,Game-Show,"Mark L. Walberg, Angela Donahue, Kris Mohandie, Catherine R. Seldon",5.1,Low
Almost Human,2013,24.0,Not Rated,Action,"Karl Urban, Michael Ealy, Minka Kelly, Mackenzie Crook",8.0,High
Umbre,2014,44.0,Not Rated,Crime,"Serban Pavlu, Maria Obretin, Andreea Vasile, Madalina Craiu",8.8,High
Gullak,2019,11.0,Not Rated,Comedy,"Jameel Khan, Geetanjali Kulkarni, Vaibhav Raj Gupta, Harsh Mayar",9.2,High
Galavant,2015,30.0,Not Rated,Adventure,"Joshua Sasse, Timothy Omundson, Vinnie Jones, Mallory Jansen",8.1,High
MythBusters,2003,42.0,Not Rated,Documentary,"Robert Lee, Jamie Hyneman, Adam Savage, Kari Byron",8.3,High
Joahamyeon Ullineun,2019,30.0,Not Rated,Comedy,"Kim So-Hyun, Song Kang, Ga-ram Jung, Go Min-Si",7.1,Moderate
Making It,2018,60.0,Not Rated,Comedy,"Amy Poehler, Nick Offerman, Simon Doonan, Dayna Isom Johnson",7.9,Moderate
The Bletchley Circle,2012,22.0,Not Rated,Crime,"Rachael Stirling, Julie Graham, Sophie Rundle, Anna Maxwell Martin",7.9,Moderate
The New Legends of Monkey,2018,26.0,Not Rated,Action,"Chai Hansen, Luciane Buchanan, Josh Thomson, Emilie Cocquerel",6.5,Low
Hazbin Hotel,2019,30.0,Not Rated,Animation,"Jill Harris, Elsie Lovelock, Michael Kovach, Monica Franco",8.1,High
Sin Senos Sí Hay Paraíso,2016,30.0,Not Rated,Action,"Fabián Ríos, Carolina Gaitan, Majida Issa, Catherine Siachoque",6.7,Low
Ninjago,2019,300.0,Not Rated,Animation,"Kelly Metzger, Michael Adamthwaite, Sam Vincent, Vincent Tong",8.1,High
The Detour,2016,45.0,Not Rated,Adventure,"Jason Jones, Natalie Zea, Ashley Gerasimovich, Liam Carroll",7.7,Moderate
Seeking Sister Wife,2018,15.0,Not Rated,Reality-TV,"Jeff Alldredge, Sharis Alldredge, Vanessa Alldredge, Ashley Kapri Snowden",4.2,Low
Selling Sunset,2019,60.0,Not Rated,Reality-TV,"Mary Fitzgerald, Chrishell Stause, Brett Oppenheim, Jason Oppenheim",6.3,Low
Chambers,2019,60.0,Not Rated,Drama,"Sivan Alyra Rose, Marcus LaVoi, Nicholas Galitzine, Kyanna Simone Simpson",6.5,Low
Whose Line Is It Anyway?,2013,20.0,Not Rated,Comedy,"Colin Mochrie, Aisha Tyler, Ryan Stiles, Wayne Brady",8.4,High
Kath & Kim,2002,25.0,Not Rated,Comedy,"Jane Turner, Gina Riley, Glenn Robbins, Peter Rowsthorn",8.3,High
She's Gotta Have It,2017,42.0,Not Rated,Comedy,"DeWanda Wise, Anthony Ramos, Lyriq Bent, Cleo Anthony",6.7,Low
8 Out of 10 Cats Does Countdown,2012,45.0,Not Rated,Comedy,"Susie Dent, Jimmy Carr, Rachel Riley, John Pohlhammer",8.1,High
Anazâ,2012,46.0,Not Rated,Animation,"Atsushi Abe, Natsumi Takamori, Tomoaki Maeno, Greg Ayres",7.6,Moderate
Queens of Mystery,2019,7.0,Not Rated,Crime,"Julie Graham, Siobhan Redmond, Martin Trenaman, Sarah Woodward",7.4,Moderate
House of Anubis,2011,25.0,Not Rated,Adventure,"Brad Kavanagh, Jade Ramsey, Tasie Lawrence, Eugene Simon",7.4,Moderate
Bloom,2019,50.0,Not Rated,Drama,"Bryan Brown, Phoebe Tonkin, Genevieve Morris, Terry Norris",6.7,Low
Bulletproof,2018,30.0,Not Rated,Action,"Noel Clarke, Ashley Walters, Jason Maza, Lindsey Coulson",6.6,Low
Comedians in Cars Getting Coffee,2012,60.0,Not Rated,Animation,"Jerry Seinfeld, Michael Richards, Mario Joyner, Jimmy Fallon",8.1,High
Mirai nikki,2011,469.0,Not Rated,Animation,"Josh Grelle, Brina Palencia, Leah Clark, Emily Neves",7.6,Moderate
Murder in the First,2014,30.0,Not Rated,Crime,"Taye Diggs, Kathleen Robertson, Ian Anthony Dale, Raphael Sbarge",7.3,Moderate
Jenni Rivera: Mariposa de Barrio,2017,45.0,Not Rated,Drama,"Gabriel Porras, Rosalinda Rodríguez, Angélica Celaya, Adrian Carvajal",7.4,Moderate
Gang Related,2014,50.0,Not Rated,Action,"Ramon Rodriguez, Jay Hernandez, RZA, Sung Kang",7.6,Moderate
Chicken Girls,2017,43.0,Not Rated,Comedy,"Hayley LeBlanc, Jules LeBlanc, Brooke Elizabeth Butler, Indiana Massara",6.5,Low
Winx Club,2004,60.0,Not Rated,Animation,"Letizia Ciampa, Gemma Donati, ""Domitilla DAmico"", Perla Liberatori",6.1,Low
The Rook,2019,23.0,Not Rated,Drama,"Emma Greenwell, Joely Richardson, Jon Fletcher, Ronan Raftery",6.8,Low
Pawn Stars,2009,60.0,Not Rated,Reality-TV,"Rick Harrison, Corey Harrison, ""Austin Chumlee Russell"", Richard Harrison",7.2,Moderate
Republic of Doyle,2010,24.0,Not Rated,Comedy,"Allan Hawco, Krystin Pellerin, ""Mark OBrien"", Marthe Bernard",7.3,Moderate
Cranford,2007,60.0,Not Rated,Drama,"Judi Dench, Julia McKenzie, Imelda Staunton, Lisa Dillon",8.3,High
Game Shakers,2015,60.0,Not Rated,Comedy,"Cree Cicchino, Madisyn Shipman, Benjamin Flores Jr., Thomas Kuc",4.5,Low
Bard of Blood,2019,22.0,Not Rated,Action,"Emraan Hashmi, Sobhita Dhulipala, Jaideep Ahlawat, Shishir Sharma",6.9,Low
Hache,2019,30.0,Not Rated,Crime,"Adriana Ugarte, Eduardo Noriega, Marc Martínez, Pep Ambròs",6.5,Low
God Friended Me,2018,60.0,Not Rated,Comedy,"Brandon Micheal Hall, Violett Beane, Suraj Sharma, Javicia Leslie",6.9,Low
"Midnight, Texas",2017,22.0,Not Rated,Drama,"François Arnaud, Dylan Bruce, Parisa Fitz-Henley, Arielle Kebbel",7.4,Moderate
Light as a Feather,2018,11.0,Not Rated,Drama,"Liana Liberato, Haley Ramm, Brianne Tju, Jordan Rodrigues",6.6,Low
Hit the Floor,2013,30.0,Not Rated,Drama,"Katherine Bailess, McKinley Freeman, ""Jonathan Lil J McDaniel"", Carly Anderson",7.1,Moderate
Tengen toppa gurren lagann,2007,45.0,Not Rated,Animation,"Yuri Lowenthal, Kana Asumi, Steve Blum, Johnny Yong Bosch",8.3,High
The Innocents,2018,24.0,Not Rated,Drama,"Sorcha Groundsell, Percelle Ascott, Guy Pearce, Jóhannes Haukur Jóhannesson",6.3,Low
Between,2015,30.0,Not Rated,Drama,"Jennette McCurdy, Jesse Carere, Justin Kelly, Kyle Mac",6.0,Low
Storage Wars,2010,40.0,Not Rated,Reality-TV,"Brandi Passante, Jarrod Schulz, Laura Dotson, Dan Dotson",6.3,Low
Better Off Ted,2009,45.0,Not Rated,Comedy,"Jay Harrington, Portia de Rossi, Andrea Anders, Jonathan Slavin",8.2,High
The Dead Zone,2002,55.0,Not Rated,Drama,"Anthony Michael Hall, Nicole de Boer, Chris Bruno, John L. Adams",7.4,Moderate
Red Rock,2015,41.0,Not Rated,Crime,"Patrick Ryan, Andrea Irvine, David Crowley, Jane McGrath",7.7,Moderate
Estoy vivo,2017,60.0,Not Rated,Action,"Javier Gutiérrez, Alejo Sauras, Fele Martínez, Alfonso Bassave",7.6,Moderate
Metalocalypse,2006,90.0,Not Rated,Animation,"Brendon Small, Tommy Blacha, Mark Hamill, Victor Brandt",8.2,High
Schooled,2019,24.0,Not Rated,Comedy,"Tim Meadows, Bryan Callen, AJ Michalka, Brett Dier",6.9,Low
Home Fires,2015,120.0,Not Rated,Drama,"Clare Calbraith, Brian Fletcher, Samantha Bond, Ruth Gemmell",8.2,High
Ôran kôkô hosutobu,2006,277.0,Not Rated,Animation,"Maaya Sakamoto, Mamoru Miyano, Masaya Matsukaze, Kenichi Suzumura",8.2,High
Weird City,2019,24.0,Not Rated,Comedy,"Cynthy Wu, LeVar Burton, Anthony Holiday, Emily Kosloski",6.0,Low
Ingobernable,2017,30.0,Not Rated,Crime,"Kate del Castillo, Leah Allers, Eréndira Ibarra, Alberto Guerra",7.2,Moderate
Der Bergdoktor,2008,60.0,Not Rated,Drama,"Hans Sigl, Heiko Ruprecht, Monika Baumgartner, Ronja Forcher",6.4,Low
Sangsogjadeul,2013,43.0,Not Rated,Comedy,"Lee Min-Ho, Park Shin-Hye, Woo-bin Kim, Kim Ji-Won",7.5,Moderate
24: Legacy,2016,29.0,Not Rated,Action,"Corey Hawkins, Miranda Otto, Anna Diop, Teddy Sears",6.2,Low
The Amazing Race,2001,5.0,Not Rated,Adventure,"Phil Keoghan, Joyce Agu, Uchenna Agu, Jet McCoy",7.6,Moderate
Vienna Blood,2019,30.0,Not Rated,Crime,"Matthew Beard, Jürgen Maurer, Jessica De Gouw, Charlene McKenna",7.4,Moderate
Blue's Clues & You!,2019,30.0,Not Rated,Animation,"Joshua Dela Cruz, Traci Paige Johnson, Doug Murray, Brad Adamson",6.9,Low
Kengan Ashura,2019,225.0,Not Rated,Animation,"Kaiji Tang, Michael C. Pizzuto, Keith Silverstein, Erika Harlacher",8.0,High
Mucize Doktor,2019,23.0,Not Rated,Drama,"Taner Ölmez, Onur Tuna, Sinem Ünsal, Hazal Türesan",7.1,Moderate
The Hot Zone,2019,46.0,Not Rated,Drama,"Julianna Margulies, Noah Emmerich, Topher Grace, Liam Cunningham",7.3,Moderate
Owari no serafu,2015,42.0,Not Rated,Animation,"Miyu Irino, Micah Solusod, Saori Hayami, Nobuhiko Okamoto",7.5,Moderate
Splitting Up Together,2018,30.0,Not Rated,Comedy,"Jenna Fischer, Oliver Hudson, Olivia Keville, Van Crosby",6.9,Low
Sue Thomas: F.B.Eye,2002,60.0,Not Rated,Crime,"Deanne Bray, Yannick Bisson, Rick Peters, Marc Gomes",7.3,Moderate
The Brave,2017,44.0,Not Rated,Action,"Anne Heche, Mike Vogel, Tate Ellington, Demetrius Grosse",7.6,Moderate
The Other One,2017,56.0,Not Rated,Comedy,"Ellie White, Lauren Socha, Siobhan Finneran, Rebecca Front",7.5,Moderate
Breaking Bad: Original Minisodes,2009,45.0,Not Rated,Short,"Bob Odenkirk, Matt Jones, Aaron Paul, Bryan Cranston",7.9,Moderate
Flowers,2016,42.0,Not Rated,Comedy,"Sophia Di Martino, Olivia Colman, Julian Barratt, Daniel Rigby",8.2,High
Cartel Crew,2019,30.0,Not Rated,Reality-TV,"Stephanie Acevedo, Michael Blanco, Dayana Castellanos, Kat Flores",3.5,Low
Land Girls,2009,120.0,Not Rated,Drama,"Becci Gemmell, Susan Cookson, Mark Benton, Mykola Allen",7.0,Moderate
The Spectacular Spider-Man,2008,30.0,Not Rated,Animation,"Josh Keaton, Lacey Chabert, Joshua LeBar, Grey Griffin",8.2,High
Kurt Seyit ve Sura,2014,44.0,Not Rated,Drama,"Kivanç Tatlitug, Farah Zeynep Abdullah, Caglar Ertugrul, Demet Özdemir",7.2,Moderate
Powers,2015,23.0,Not Rated,Action,"Sharlto Copley, Susan Heyward, Noah Taylor, Eddie Izzard",6.7,Low
The Worst Witch,2017,55.0,Not Rated,Family,"Raquel Cassidy, Jenny Richardson, Clare Higgins, Dagny Rollins",7.3,Moderate
Here and Now,2018,60.0,Not Rated,Comedy,"Tim Robbins, Holly Hunter, Daniel Zovatto, Jerrika Hinton",6.8,Low
The Finder,2012,24.0,Not Rated,Comedy,"Geoff Stults, Maddie Hasson, Mercedes Mason, Michael Clarke Duncan",7.7,Moderate
Soundtrack,2019,120.0,Not Rated,Drama,"Paul James, Callie Hernandez, Marianne Jean-Baptiste, Jenna Dewan",6.8,Low
Star Trek Continues,2013,43.0,Not Rated,Action,"Vic Mignogna, Todd Haberkorn, Christopher Doohan, Grant Imahara",8.0,High
Eyewitness,2016,30.0,Not Rated,Crime,"Julianne Nicholson, Tyler Young, James Paxton, Gil Bellows",7.7,Moderate
Disjointed,2017,60.0,Not Rated,Comedy,"Kathy Bates, Aaron Moten, Elizabeth Alderfer, Tone Bell",6.8,Low
Çarpisma,2018,60.0,Not Rated,Action,"Kivanç Tatlitug, Elçin Sangu, Alperen Duymaz, Melisa Pamuk",7.6,Moderate
School of Rock,2016,45.0,Not Rated,Comedy,"Breanna Yde, Ricardo Hurtado, Jade Pettyjohn, Lance Lim",4.5,Low
The Real Housewives of Atlanta,2008,11.0,Not Rated,Reality-TV,"Kandi Burruss, Cynthia Bailey, NeNe Leakes, Kenya Moore",4.3,Low
Fast & Furious Spy Racers,2019,60.0,Not Rated,Animation,"Tyler Posey, Charlet Takahashi Chung, Jorge Diaz, Luke Youngblood",5.5,Low
Manhattan,2014,420.0,Not Rated,Drama,"Rachel Brosnahan, Michael Chernus, Christopher Denham, Katja Herbers",7.8,Moderate
W - Du gaeui segye,2016,60.0,Not Rated,Drama,"Han Hyo-joo, Lee Jong-Suk, Jeong Eu-Gene, Eui-sung Kim",8.1,High
Megalo Box,2018,30.0,Not Rated,Animation,"Yoshimasa Hosoya, Michiyo Murase, Shirô Saitô, Hiroki Yasumoto",7.8,Moderate
Yasak Elma,2018,50.0,Not Rated,Drama,"Sevval Sam, Eda Ece, Safak Pekdemir, Baris Aytac",5.7,Low
For the People,2018,50.0,Not Rated,Drama,"Hope Davis, Ben Shenkman, Jasmin Savoy Brown, Susannah Flood",7.3,Moderate
A.N.T. Farm,2011,50.0,Not Rated,Comedy,"China Anne McClain, Sierra McCormick, Jake Short, Stefanie Scott",5.1,Low
Good Behavior,2016,30.0,Not Rated,Crime,"Michelle Dockery, Juan Diego Botto, Terry Kinney, Lusia Strus",8.1,High
Hilleo,2014,13.0,Not Rated,Action,"Ji Chang-Wook, Park Min-Young, Tae-Mi, Jeong Gyu-Su",8.5,High
Outrageous Fortune,2005,60.0,Not Rated,Comedy,"Robyn Malcolm, Antony Starr, Siobhan Marshall, Antonia Prebble",8.3,High
Childrens Hospital,2008,60.0,Not Rated,Comedy,"Rob Huebel, Rob Corddry, Ken Marino, Erinn Hayes",7.8,Moderate
Secret Bridesmaids' Business,2019,28.0,Not Rated,Drama,"Abbie Cornish, Katie McGrath, Georgina Haig, Alexander England",7.2,Moderate
Little Dorrit,2008,30.0,Not Rated,Drama,"Claire Foy, Matthew Macfadyen, Tom Courtenay, Judy Parfitt",8.2,High
Shark Tank,2009,30.0,Not Rated,Family,"""Kevin OLeary"", Phil Crowley, Mark Cuban, Robert Herjavec",7.6,Moderate
Uncle,2012,52.0,Not Rated,Comedy,"Nick Helm, Elliot Speller-Gillott, Daisy Haggard, Daniel Lawrence Taylor",7.9,Moderate
Rogue,2013,30.0,Not Rated,Action,"Cole Hauser, Thandiwe Newton, Sergio Di Zio, Sarah Jeffery",6.9,Low
Rojst,2018,30.0,Not Rated,Crime,"Dawid Ogrodnik, Andrzej Seweryn, Zofia Wichlacz, Magdalena Walach",6.9,Low
Impulse,2018,30.0,Not Rated,Action,"Maddie Hasson, Sarah Desjardins, Enuka Okuma, Craig Arnold",7.4,Moderate
Bad Education,2012,41.0,Not Rated,Comedy,"Jack Binstead, Mathew Horne, Ethan Lawrence, Kae Alexander",7.4,Moderate
RWBY,2012,25.0,Not Rated,Animation,"Lindsay Jones, Kara Eberle, Barbara Dunkelman, Arryn Zech",7.9,Moderate
How the Universe Works,2010,42.0,Not Rated,Documentary,"Phil Plait, Michelle Thaller, Mike Rowe, Hakeem Oluseyi",8.9,High
The Good Karma Hospital,2017,40.0,Not Rated,Drama,"Amanda Redman, Amrita Acharia, James Krishna Floyd, Darshan Jariwala",7.9,Moderate
Bored to Death,2009,52.0,Not Rated,Comedy,"Jason Schwartzman, Zach Galifianakis, Ted Danson, Heather Burns",7.9,Moderate
The Shop,2018,30.0,Not Rated,Talk-Show,"Maverick Carter, LeBron James, Paul Rivera, Jerrod Carmichael",6.6,Low
Just Tattoo of Us,2017,23.0,Not Rated,Comedy,"Atom, Stephen Bear, Cally-Jo, Charlotte Crosby",3.8,Low
Kirgin Çiçekler,2015,23.0,Not Rated,Crime,"Arif Diren, Gökçe Akyildiz, Mehmet Aykaç, Veda Yurtsever Ipek",5.7,Low
The Get Down,2016,122.0,Not Rated,Drama,"Justice Smith, Shameik Moore, Herizen F. Guardiola, Skylan Brooks",8.3,High
Stath Lets Flats,2018,60.0,Not Rated,Comedy,"Jamie Demetriou, Al Roberts, Natasia Demetriou, Kiell Smith-Bynoe",7.6,Moderate
The Bernie Mac Show,2001,60.0,Not Rated,Comedy,"Bernie Mac, Kellita Smith, Jeremy Suarez, Dee Dee Davis",7.0,Moderate
Back to Life,2019,52.0,Not Rated,Comedy,"Daisy Haggard, Geraldine James, Richard Durden, Liam Williams",7.5,Moderate
Somewhere Between,2017,43.0,Not Rated,Drama,"Paula Patton, Devon Sawa, Aria Birch, Catherine Barroll",6.2,Low
Dead Pixels,2019,30.0,Not Rated,Comedy,"Alexa Davies, Will Merrick, Charlotte Ritchie, Sargon Yelda",7.4,Moderate
The Crossing,2018,47.0,Not Rated,Adventure,"Steve Zahn, Natalie Martinez, Tommy Bastow, Rob Campbell",7.2,Moderate
Lore,2017,30.0,Not Rated,Documentary,"Aaron Mahnke, Steven Berkoff, Josh Bowman, Paula Malcomson",6.7,Low
Unité 42,2017,30.0,Not Rated,Crime,"Patrick Ridremont, Constance Gay, Tom Audenaert, Roda Fawaz",7.0,Moderate
Wrecked,2016,60.0,Not Rated,Action,"Zach Cregger, Asif Ali, Brian Sacca, Ally Maki",7.3,Moderate
Drifters,2013,30.0,Not Rated,Comedy,"Jessica Knappett, Lydia Rose Bewley, ""Lauren ORourke"", Bobby Hirston",7.1,Moderate
1000 Ways to Die,2008,45.0,Not Rated,Documentary,"Alisdair Simpson, Ron Perlman, Khyber Zaffarkhan, Boyd Flinders",6.9,Low
Ao Haru Ride,2014,7.0,Not Rated,Animation,"Yûki Kaji, Tsubasa Honda, Ai Kayano, Masahiro Higashide",7.5,Moderate
Pasión de Gavilanes,2003,30.0,Not Rated,Drama,"Danna García, Paola Rey, Mario Cimarro, Jorge Cao",7.9,Moderate
Brotherhood,2006,60.0,Not Rated,Crime,"Jason Isaacs, Jason Clarke, Annabeth Gish, Kevin Chapman",7.7,Moderate
Le chalet,2017,43.0,Not Rated,Drama,"Chloé Lambert, Philippe Dusseau, Blanche Veisberg, Eric Savin",7.0,Moderate
Tru Calling,2003,43.0,Not Rated,Drama,"Eliza Dushku, Shawn Reaves, Zach Galifianakis, A.J. Cook",7.4,Moderate
Top Coppers,2015,43.0,Not Rated,Comedy,"John Kearns, Steen Raskopoulos, Donovan Blackwood, Gabby Best",6.3,Low
The Almighty Johnsons,2011,43.0,Not Rated,Comedy,"Emmett Skilton, Timothy Balme, ""Dean OGorman"", Jared Turner",8.2,High
If Loving You Is Wrong,2014,43.0,Not Rated,Drama,"Edwina Findley, Heather Hemmens, April Parker Jones, Aiden Turner",5.8,Low
The Mighty Boosh,2003,43.0,Not Rated,Comedy,"Julian Barratt, Noel Fielding, Michael Fielding, Rich Fulcher",8.3,High
Expedition Unknown,2015,43.0,Not Rated,Adventure,"Josh Gates, Tony Sam, Evan B. Stone, Brian C. Weed",8.2,High
Femme Fatales,2011,43.0,Not Rated,Crime,"Tanit Phoenix, Catherine Annette, Ellie Cornell, Christine Donlon",6.0,Low
Rebecka Martinsson,2017,43.0,Not Rated,Crime,"Eva Melander, Jakob Öhrman, Ardalan Esmaili, Thomas Oredsson",7.2,Moderate
Hey Duggee,2014,43.0,Not Rated,Animation,"Alexander Armstrong, Jasmine Bartholomew, Alfie Sanderson, Poppie Boyes",8.9,High
College Romance,2018,43.0,Not Rated,Comedy,"Manjot Singh, Apoorva Arora, Keshav Sadhna, Gagan Arora",8.9,High
Whiskey Cavalier,2019,43.0,Not Rated,Action,"Scott Foley, Lauren Cohan, Ana Ortiz, Tyler James Williams",7.1,Moderate
Life Below Zero,2013,44.0,Not Rated,Documentary,"James Franzo, Sue Aikens, Agnes Hailstone, Chip Hailstone",8.0,High
Made in Abyss,2017,325.0,Not Rated,Animation,"Miyu Tomita, Mariya Ise, Luci Christian, Brittany Lauda",8.4,High
Kadin,2017,120.0,Not Rated,Drama,"Özge Özpirinçci, Seray Kaya, Kubra Suzgun, Ali Semi Sefil",6.7,Low
The Arrangement,2017,60.0,Not Rated,Drama,"Josh Henderson, Christine Evangelista, Lexa Doig, Carra Patterson",6.6,Low
El internado,2007,75.0,Not Rated,Drama,"Marta Torné, Martiño Rivas, Raúl Fernández de Pablo, Yon González",8.2,High
Il giovane Montalbano,2012,120.0,Not Rated,Crime,"Andrea Tidona, Michele Riondino, Fabrizio Pizzuto, Alessio Piazza",7.7,Moderate
Human Target,2010,60.0,Not Rated,Action,"Mark Valley, Chi McBride, Jackie Earle Haley, Indira Varma",7.7,Moderate
Wilfred,2011,22.0,Not Rated,Comedy,"Elijah Wood, Jason Gann, Fiona Gubelmann, Dorian Brown Pham",7.8,Moderate
Secrets and Lies,2015,43.0,Not Rated,Crime,"Ryan Phillippe, Juliette Lewis, KaDee Strickland, Natalie Martinez",7.6,Moderate
The Grim Adventures of Billy & Mandy,2001,30.0,Not Rated,Animation,"Greg Eagles, Richard Steven Horvitz, Grey Griffin, Vanessa Marshall",7.7,Moderate
R.L. Stine's The Haunting Hour,2010,23.0,Not Rated,Action,"Jeny Cassady, Dan Payne, Emma Grabinsky, Geoff Redknap",7.9,Moderate
Indian Summers,2015,52.0,Not Rated,Drama,"Henry Lloyd-Hughes, Jemima West, Julie Walters, Rick Warden",7.3,Moderate
Christina on the Coast,2019,30.0,Not Rated,Reality-TV,"Christina Anstead, Cassie Zebisch, Ant Anstead, Walter Buttkus Iii",3.6,Low
Ao no ekusoshisuto,2011,30.0,Not Rated,Animation,"Nobuhiko Okamoto, Bryce Papenbrook, Jun Fukuyama, Johnny Yong Bosch",7.5,Moderate
Club de Cuervos,2015,40.0,Not Rated,Comedy,"Luis Gerardo Méndez, Mariana Treviño, Jesús Zavala, Antonio de la Vega",8.2,High
Leonning maen,2010,80.0,Not Rated,Comedy,"Jae-Suk Yoo, Jong-Kook Kim, Haha, Kwang-Soo Lee",9.0,High
Evil Lives Here,2016,43.0,Not Rated,Documentary,"T.J. Craig, Robert Levey II, Brian Vadim, David Wenzel",8.0,High
"What's New, Scooby-Doo?",2002,30.0,Not Rated,Animation,"Frank Welker, Mindy Cohn, Casey Kasem, Arturo Mercado",7.3,Moderate
Girlboss,2017,26.0,Not Rated,Comedy,"Britt Robertson, Ellie Reed, Johnny Simmons, Alphonso McAuley",7.0,Moderate
Mountain Men,2012,42.0,Not Rated,Reality-TV,"Tom Oar, Eustace Conway, D.B. Sweeney, Marty Meierotto",7.3,Moderate
Out of Love,2019,50.0,Not Rated,Thriller,"Rasika Dugal, Purab Kohli, Suhaas Ahuja, Harsh Chhaya",7.1,Moderate
Autopsy: The Last Hours of,2014,45.0,Not Rated,Documentary,"Michael Hunter, Eric Meyers, Linda Papadopoulos, Iain Glen",7.7,Moderate
Behzat Ç.: Bir Ankara Polisiyesi,2010,90.0,Not Rated,Crime,"Erdal Besikçioglu, Inanç Konukçu, Ege Aydan, Berkan Sal",8.8,High
Phil of the Future,2004,25.0,Not Rated,Adventure,"Raviv Ullman, Amy Bruckner, Craig Anton, Lise Simms",7.0,Moderate
Togetherness,2015,30.0,Not Rated,Comedy,"Mark Duplass, Melanie Lynskey, Amanda Peet, Steve Zissis",7.5,Moderate
Stitchers,2015,60.0,Not Rated,Crime,"Emma Ishta, Kyle Harris, Ritesh Rajan, Salli Richardson-Whitfield",6.9,Low
The Looney Tunes Show,2011,23.0,Not Rated,Animation,"Jeff Bergman, Bob Bergen, Fred Armisen, Kristen Wiig",7.5,Moderate
The Listener,2009,42.0,Not Rated,Crime,"Craig Olejnik, Ennis Esmer, Lauren Lee Smith, Rainbow Sun Francks",6.8,Low
Count Arthur Strong,2013,30.0,Not Rated,Comedy,"Steve Delaney, Rory Kinnear, Zahra Ahmadi, Andy Linden",7.6,Moderate
Charité,2017,45.0,Not Rated,Drama,"Alicia von Rittberg, Mala Emde, Nina Gummich, Maximilian Meyer-Bretschneider",7.9,Moderate
Carmen Sandiego,2019,22.0,Not Rated,Animation,"Finn Wolfhard, Gina Rodriguez, ""Liam OBrien"", Abby Trott",7.9,Moderate
L'art du crime,2017,50.0,Not Rated,Crime,"Nicolas Gob, Eléonore Bernheim, Benjamin Egner, Philippe Duclos",7.0,Moderate
The Late Late Show with James Corden,2015,60.0,Not Rated,Comedy,"James Corden, Reggie Watts, Louis Waymouth, Allison Janney",6.1,Low
Informer,2018,60.0,Not Rated,Crime,"Paddy Considine, Nabhaan Rizwan, Bel Powley, Reiss Jeram",7.8,Moderate
Green Wing,2004,65.0,Not Rated,Comedy,"Sally Bretton, Oliver Chris, Olivia Colman, Michelle Gomez",8.3,High
"Nuevo rico, nuevo pobre",2007,50.0,Not Rated,Comedy,"Martín Karpan, Carolina Acevedo, Jhon Álex Toro, María Cecilia Botero",7.2,Moderate
Beulraek,2017,360.0,Not Rated,Crime,"Song Seung-heon, Go Ara, Lee El, Jo Jae-yoon",8.0,High
Bakemonogatari,2009,185.0,Not Rated,Animation,"Hiroshi Kamiya, Eri Kitamura, Yuka Iguchi, Chiwa Saitô",8.0,High
Judge John Deed,2001,24.0,Not Rated,Crime,"Martin Shaw, Jenny Seagrove, Barbara Thorn, Simon Chandler",7.6,Moderate
Kaichou wa meido-sama!,2010,90.0,Not Rated,Animation,"David Matranga, Monica Rial, Ayumi Fujimura, Nobuhiko Okamoto",8.0,High
Ask-i Memnu,2008,60.0,Not Rated,Drama,"Beren Saat, Kivanç Tatlitug, Nebahat Çehre, Hazal Kaya",7.4,Moderate
Roadies,2016,60.0,Not Rated,Comedy,"Carla Gugino, Luke Wilson, Imogen Poots, Rafe Spall",7.4,Moderate
Last Resort,2012,22.0,Not Rated,Action,"Andre Braugher, Scott Speedman, Daisy Betts, Camille De Pazzis",7.4,Moderate
Undeclared,2001,10.0,Not Rated,Comedy,"Jay Baruchel, Carla Gallo, Charlie Hunnam, Monica Keena",7.9,Moderate
State of the Union,2019,56.0,Not Rated,Short,"""Chris ODowd"", Rosamund Pike, Patricia Clarkson, Brendan Gleeson",7.9,Moderate
Boss,2011,45.0,Not Rated,Crime,"Kelsey Grammer, Connie Nielsen, Hannah Ware, Jeff Hephner",8.1,High
Wolf Creek,2016,30.0,Not Rated,Horror,"John Jarratt, Lucy Fry, Dustin Clare, Tess Haubrich",7.2,Moderate
The Avengers: Earth's Mightiest Heroes,2010,30.0,Not Rated,Animation,"Eric Loomis, ""Colleen OShaughnessey"", Brian Bloom, Rick D. Wasserman",8.3,High
The Windsors,2016,30.0,Not Rated,Comedy,"Celeste Dring, Louise Ford, Hugh Skinner, Ellie White",7.1,Moderate
Forever,2018,43.0,Not Rated,Comedy,"Maya Rudolph, Fred Armisen, Catherine Keener, Noah Robbins",7.2,Moderate
Touch,2012,44.0,Not Rated,Drama,"Kiefer Sutherland, David Mazouz, Gugu Mbatha-Raw, Lukas Haas",7.3,Moderate
Spider-Man,2017,60.0,Not Rated,Animation,"Robbie Daymond, Nadji Jeter, Fred Tatasciore, Laura Bailey",6.1,Low
Saving Grace,2007,30.0,Not Rated,Drama,"Holly Hunter, Leon Rippy, Kenny Johnson, Bailey Chase",7.6,Moderate
Work in Progress,2019,45.0,Not Rated,Comedy,"Abby McEnany, Karin Anglin, Celeste Pechous, Julia Sweeney",7.3,Moderate
Dark Heart,2016,16.0,Not Rated,Crime,"Tom Riley, Joseph Teague, Anjli Mohindra, Charlotte Riley",6.6,Low
Little Things,2016,60.0,Not Rated,Comedy,"Dhruv Sehgal, Mithila Palkar, Abhishek Bhalerao, Rishi Deshpande",8.3,High
Outcast,2016,60.0,Not Rated,Drama,"Patrick Fugit, Philip Glenister, Wrenn Schmidt, Reg E. Cathey",7.4,Moderate
Tabula Rasa,2017,60.0,Not Rated,Drama,"Veerle Baetens, Stijn Van Opstal, Jeroen Perceval, Gene Bervoets",8.0,High
Chopped,2007,42.0,Not Rated,Reality-TV,"Ted Allen, Amanda Freitag, Alex Guarnaschelli, Marc Murphy",7.5,Moderate
Briarpatch,2019,25.0,Not Rated,Crime,"Rosario Dawson, Jay R. Ferguson, Edi Gathegi, Brian Geraghty",6.5,Low
Ghostwriter,2019,21.0,Not Rated,Family,"Isaac Arellanes, Amadi Chapata, Hannah Levinson, Justin Sanchez",5.6,Low
Big Hero 6: The Series,2017,60.0,Not Rated,Animation,"Scott Adsit, Ryan Potter, Brooks Wheelan, Khary Payton",7.2,Moderate
The Paradise,2012,60.0,Not Rated,Drama,"Joanna Vanderham, Emun Elliott, Stephen Wight, Sonya Cassidy",7.7,Moderate
Bedrag,2016,21.0,Not Rated,Crime,"Esben Smed, Thomas Hwan, Thomas Bo Larsen, Natalie Madueño",7.6,Moderate
Man Seeking Woman,2015,30.0,Not Rated,Comedy,"Jay Baruchel, Eric André, Britt Lower, Robin Duke",7.8,Moderate
Lingerie,2009,60.0,Not Rated,Drama,"Jennifer Korbin, Michael Murray Scratch, Geoff Stevens, Lana Tailor",6.6,Low
Il cacciatore,2018,62.0,Not Rated,Action,"Francesco Montanari, Miriam Dalmazio, Edoardo Pesce, Francesco Foti",7.3,Moderate
19-Feb,2014,46.0,Not Rated,Crime,"Adrian Holmes, Jared Keeso, Mylène Dinh-Robic, Benz Antoine",8.2,High
Romaenseuneun Byulchaekboorok,2019,44.0,Not Rated,Romance,"Lee Na-Young, Lee Jong-Suk, Jeong Eu-Gene, Wi Ha-Joon",8.1,High
Above Suspicion,2009,60.0,Not Rated,Crime,"Kelly Reilly, Ciarán Hinds, Shaun Dingwall, Amanda Lawrence",7.2,Moderate
CSI: Cyber,2015,44.0,Not Rated,Crime,"Patricia Arquette, James Van Der Beek, Shad Moss, Charley Koontz",5.5,Low
Dokyumentaru,2016,60.0,Not Rated,Comedy,"Hitoshi Matsumoto, Toshifumi Fujimoto, Jimmy Ohnishi, Kunihiro Kawashima",8.0,High
Alhambeura Goongjeonui Chooeok,2018,60.0,Not Rated,Drama,"Park Shin-Hye, Hyun Bin, Jin-Woong Min, Park Hoon",7.8,Moderate
Love It or List It,2008,44.0,Not Rated,Reality-TV,"Hilary Farr, David Visentin, Jason Byrd, Eric Eremita",6.3,Low
Nangmandakteo Kimsaboo,2016,55.0,Not Rated,Drama,"Han Suk-kyu, Woo-min Byeon, Jin Kyung, Min-Jae Kim",8.3,High
The Tonight Show Starring Jimmy Fallon,2014,40.0,Not Rated,Comedy,"Jimmy Fallon, The Roots, Steve Higgins, Questlove",7.2,Moderate
Alphas,2011,24.0,Not Rated,Action,"David Strathairn, Ryan Cartwright, Warren Christie, Azita Ghanizada",7.2,Moderate
Good Girls Revolt,2015,60.0,Not Rated,Drama,"Genevieve Angelson, Anna Camp, Erin Darke, Hunter Parrish",8.2,High
Helix,2014,30.0,Not Rated,Drama,"Billy Campbell, Kyra Zagorsky, Mark Ghanimé, Jordan Hayes",6.8,Low
PJ Masks,2015,60.0,Not Rated,Animation,"Addison Holley, Kyle Breitkopf, Juan Luis Bonilla, Brianna Daguanno",5.5,Low
The Chase,2013,23.0,Not Rated,Game-Show,"Brooke Burns, Mark Labbett, Shawn Parr, Cory Anotado",7.4,Moderate
Teenage Mutant Ninja Turtles,2003,60.0,Not Rated,Animation,"Michael Sinterniklaas, Wayne Grayson, Gregory Abbey, Sam Riegel",7.8,Moderate
Znaki,2018,44.0,Not Rated,Crime,"Andrzej Konopka, Helena Sujecka, Jen Fiskum, Magdalena Zak",6.2,Low
Guy's Grocery Games,2013,11.0,Not Rated,Game-Show,"Guy Fieri, Troy Johnson, Aarti Sequeira, Catherine McCord",6.6,Low
Sonny with a Chance,2009,60.0,Not Rated,Comedy,"Demi Lovato, Tiffany Thornton, Sterling Knight, Brandon Mychal Smith",6.1,Low
Moonlight,2007,60.0,Not Rated,Drama,"""Alex OLoughlin"", Sophia Myles, Jason Dohring, Shannyn Sossamon",7.6,Moderate
The Real Housewives of New Jersey,2009,138.0,Not Rated,Reality-TV,"Teresa Giudice, Melissa Gorga, Jacqueline Laurita, Joe Gorga",4.0,Low
Camp Camp,2016,30.0,Not Rated,Animation,"Michael Jones, Elizabeth Maxwell, Miles Luna, Yuri Lowenthal",8.0,High
Caprica,2009,21.0,Not Rated,Action,"Eric Stoltz, Esai Morales, Paula Malcomson, Alessandra Torresani",7.1,Moderate
Ghost Hunters,2004,43.0,Not Rated,Thriller,"Jason Hawes, Steve Gonsalves, Grant Wilson, Dave Tango",6.2,Low
Blue Murder,2003,60.0,Not Rated,Crime,"Caroline Quentin, Ian Kelsey, Paul Loughran, Nicholas Murchie",7.2,Moderate
Soosanghan Pateuneo,2017,23.0,Not Rated,Comedy,"Ji Chang-Wook, Nam Ji-Hyun, Choi Tae-Joon, Nara",7.9,Moderate
Detroiters,2017,44.0,Not Rated,Comedy,"Sam Richardson, Tim Robinson, Pat Vern Harris, Lailani Ledesma",7.9,Moderate
Vanderpump Rules,2013,30.0,Not Rated,Reality-TV,"Katie Maloney, Kristen Doute, Stassi Schroeder, Scheana Shay",5.4,Low
Tangle,2009,24.0,Not Rated,Drama,"Justine Clarke, Catherine McClements, Matt Day, Kat Stewart",7.6,Moderate
Given,2019,40.0,Not Rated,Animation,"Takuya Eguchi, Masatomo Nakazawa, Yuma Uchida, Shogo Yano",8.4,High
Ransom,2017,60.0,Not Rated,Action,"Luke Roberts, Brandon Jay McLaren, Nazneen Contractor, Sarah Greene",6.6,Low
House of Mouse,2001,22.0,Not Rated,Animation,"Wayne Allwine, Bill Farmer, Rod Roddy, Corey Burton",7.5,Moderate
Bubble Guppies,2011,30.0,Not Rated,Animation,"Brianna Gentilella, Cynthia de Graaff, Tino Insana, Jacob Bertrand",6.4,Low
American Ninja Warrior,2009,24.0,Not Rated,Animation,"Matt Iseman, Akbar Gbajabiamila, Jenn Brown, Kristine Leahy",6.8,Low
Mocro Maffia,2018,61.0,Not Rated,Crime,"Robert de Hoog, Achmed Akkabi, Nasrdin Dchar, Walid Benmbarek",8.2,High
Brickleberry,2012,60.0,Not Rated,Animation,"Daniel Tosh, Roger Black, David Herman, Tom Kenny",7.3,Moderate
The Casagrandes,2019,300.0,Not Rated,Animation,"Carlos Alazraqui, Alex Cazares, Sonia Manzano, Izabella Alvarez",6.3,Low
Difficult People,2015,60.0,Not Rated,Comedy,"Julie Klausner, Billy Eichner, James Urbaniak, Andrea Martin",7.0,Moderate
3Below: Tales of Arcadia,2018,60.0,Not Rated,Animation,"Tatiana Maslany, Diego Luna, Nick Offerman, Frank Welker",7.7,Moderate
The Last Tycoon,2016,60.0,Not Rated,Drama,"Matt Bomer, Kelsey Grammer, Lily Collins, Dominique McElligott",7.7,Moderate
Janet King,2014,30.0,Not Rated,Crime,"Marta Dusseldorp, Damian Walshe-Howling, Hamish Michael, Andrea Demetriades",7.8,Moderate
Five Days,2007,321.0,Not Rated,Crime,"Suranne Jones, Lee Massey, Michelle Bonnard, David Oyelowo",6.7,Low
Unsolved,2018,60.0,Not Rated,Biography,"Josh Duhamel, Bokeem Woodbine, Wavyy Jonez, Marcc Rose",7.9,Moderate
Blood Drive,2017,43.0,Not Rated,Action,"Alan Ritchson, Christina Ochoa, Thomas Dominique, Marama Corlett",7.3,Moderate
Fear Factor,2001,60.0,Not Rated,Game-Show,"Joe Rogan, Meghan Allen, Meg Daleske, Monica Gonzales",5.6,Low
The Repair Shop,2017,30.0,Not Rated,Documentary,"Jay Blades, Steven Fletcher, William Kirk, Bill Paterson",8.7,High
DNA,2019,20.0,Not Rated,Crime,"Anders W. Berthelsen, Zofia Wichlacz, Charlotte Rampling, Olivia Joof Lewerissa",7.3,Moderate
Legends,2014,43.0,Not Rated,Action,"Sean Bean, Morris Chestnut, Ali Larter, Tina Majorino",7.5,Moderate
BH90210,2019,240.0,Not Rated,Comedy,"Gabrielle Carteris, Shannen Doherty, Jennie Garth, Brian Austin Green",6.9,Low
Upstairs Downstairs,2010,60.0,Not Rated,Drama,"Keeley Hawes, Ed Stoppard, Adrian Scarborough, Neil Jackson",7.4,Moderate
Codename: Kids Next Door,2002,43.0,Not Rated,Animation,"Dee Bradley Baker, Ben Diskin, Lauren Tom, Cree Summer",7.2,Moderate
Grey's Anatomy: B-Team,2018,60.0,Not Rated,Drama,"Sarkis Ninos, Jeanine Mason, Jake Borelli, Sophia Ali",8.1,High
Breakout Kings,2011,70.0,Not Rated,Crime,"Domenick Lombardozzi, Brooke Nevin, Malcolm Goodwin, Jimmi Simpson",7.3,Moderate
Our Yorkshire Farm,2018,30.0,Not Rated,Documentary,"Ralf Little, Amanda Owen, Clive Owen",9.2,High
Franklin & Bash,2011,22.0,Not Rated,Comedy,"Mark-Paul Gosselaar, Breckin Meyer, Reed Diamond, Malcolm McDowell",7.6,Moderate
Vampire Academy: the Officially Unofficial Fan Series,2016,20.0,Not Rated,Adventure,"Ashley Lyn Blair, Jennifer Studnicki, Justin David, Courtney Dietz",6.3,Low
Der Pass,2018,60.0,Not Rated,Crime,"Julia Jentsch, Nicholas Ofczarek, Franz Hartwig, Hanno Koffler",8.0,High
The Street,2006,50.0,Not Rated,Drama,"Timothy Spall, Ger Ryan, Lee Ingleby, Christine Bottomley",8.3,High
"Ssam, Maiwei",2017,21.0,Not Rated,Comedy,"Seo Jun Park, Kim Ji-Won, Jae-hong Ahn, Song Ha-Yoon",8.1,High
The Real O'Neals,2016,26.0,Not Rated,Comedy,"Martha Plimpton, Jay R. Ferguson, Noah Galvin, Matt Shively",7.1,Moderate
Hunter Street,2017,47.0,Not Rated,Adventure,"Kyra Isako Smith, Daan Creyghton, Tooske Ragas, Kate Bensdorp",7.2,Moderate
Two Sentence Horror Stories,2017,24.0,Not Rated,Drama,"Lauri Hendler, Wei-Yi Lin, Mardy Ma, Hannah Barlow",5.5,Low
No Ordinary Family,2010,42.0,Not Rated,Action,"Michael Chiklis, Julie Benz, Kay Panabaker, Jimmy Bennett",6.9,Low
Chef's Table,2015,120.0,Not Rated,Documentary,"Dan Barber, Massimo Bottura, Bill Buford, Lara Gilmore",8.5,High
Another Period,2013,24.0,Not Rated,Comedy,"Natasha Leggero, Riki Lindhome, Armen Weitzman, Michael Ian Black",7.2,Moderate
Trollied,2011,30.0,Not Rated,Comedy,"Rita May, Jason Watkins, Faye McKeever, Carl Rice",7.3,Moderate
Wild at Heart,2006,24.0,Not Rated,Drama,"Stephen Tompkinson, Deon Stewardson, Nomsa Xaba, Thapelo Mokoena",7.4,Moderate
Sôru îtâ,2008,21.0,Not Rated,Animation,"Laura Bailey, Chiaki Omigawa, Micah Solusod, Brittney Karbowski",7.8,Moderate
Sister Wives,2010,30.0,Not Rated,Reality-TV,"Meri Brown, Kody Brown, Christine Brown, Janelle Brown",4.4,Low
Hekimoglu,2019,22.0,Not Rated,Comedy,"Timuçin Esen, Okan Yalabik, Kaan Yildirim, Aytaç Sasmaz",7.3,Moderate
Arslan Senki,2015,60.0,Not Rated,Animation,"Jerry Jewell, Ryan Reynolds, Rachel Robinson, Christopher Bevins",7.6,Moderate
Gossip Boy,2011,30.0,Not Rated,Drama,"Daniel Landroche, Matthew Arnett, Angela Henderson, Christopher Sams",5.4,Low
Stan Against Evil,2016,44.0,Not Rated,Comedy,"John C. McGinley, Janet Varney, Deborah Baker Jr., Nate Mooney",7.3,Moderate
Back,2017,30.0,Not Rated,Comedy,"David Mitchell, Robert Webb, Louise Brealey, Penny Downie",7.4,Moderate
Nana,2006,52.0,Not Rated,Animation,"Romi Pak, Kaori, Brian Drummond, Toshiyuki Morikawa",8.4,High
Kristin,2001,293.0,Not Rated,Comedy,"Kristin Chenoweth, Jon Tenney, Larry Romano, Ana Ortiz",6.2,Low
Dog with a Blog,2012,60.0,Not Rated,Comedy,"Genevieve Hannelius, Blake Michael, Francesca Capaldi, Stephen Full",4.9,Low
Dirty Money,2018,21.0,Not Rated,Documentary,"Matt Taibbi, Alex Gibney, Anabel Hernández, Fahmi Quadir",8.1,High
Pup Academy,2019,22.0,Not Rated,Family,"Christian Convery, Chance Hurstfield, Dylan Schombing, Travis Turner",6.7,Low
Creeped Out,2017,43.0,Not Rated,Drama,"Victoria Diamond, William Romain, Jaiden Cannatelli, Lukas Engel",6.6,Low
Dwight in Shining Armor,2019,29.0,Not Rated,Adventure,"Sloane Morgan Siegel, Caitlin Carmichael, Joel McCrary, Danielle Bisutti",7.5,Moderate
Shahs of Sunset,2012,42.0,Not Rated,Reality-TV,"Asa Soltan Rahmati, Reza Farahan, Golnesa Gharachedaghi, Mercedes Javid",4.7,Low
One on One,2001,44.0,Not Rated,Comedy,"Kyla Pratt, ""Robert Richard"", Flex Alexander, Kelly Perine",7.1,Moderate
Un village français,2009,60.0,Not Rated,Drama,"Robin Renucci, Audrey Fleurot, Thierry Godard, Marie Kremer",8.4,High
Mr. Sunshine,2011,30.0,Not Rated,Comedy,"Matthew Perry, Andrea Anders, James Lesure, Nate Torrence",6.7,Low
Boiseu,2017,12.0,Not Rated,Action,"Lee Hana, Eun-seo Son, Lee Jin-Wook, Kim Woo-Seok",7.7,Moderate
Man Like Mobeen,2017,30.0,Not Rated,Comedy,"Guz Khan, Tez Ilyas, Dúaa Karim, Tolu Ogunmefun",8.0,High
Urban Myths,2017,22.0,Not Rated,Adventure,"Robbie Coltrane, David Avery, Saoirse-Monica Jackson, Paul Kaye",7.4,Moderate
The Real Housewives of Orange County,2006,45.0,Not Rated,Reality-TV,"Vicki Gunvalson, Tamra Judge, Shannon Storms Beador, Heather Dubrow",4.1,Low
Upstart Crow,2016,12.0,Not Rated,Comedy,"David Mitchell, Gemma Whelan, Rob Rouse, Liza Tarbuck",7.6,Moderate
Chicago Justice,2017,24.0,Not Rated,Crime,"Philip Winchester, Jon Seda, Joelle Carter, Monica Barbaro",6.8,Low
Hamilton,2020,43.0,Not Rated,Action,"Jakob Oftebro, Krister Henriksson, Peter Andersson, Annika Hallin",6.9,Low
Twisted,2013,30.0,Not Rated,Drama,"Avan Jogia, Maddie Hasson, Ashton Moio, Kimberly Quinn",7.3,Moderate
Outnumbered,2007,30.0,Not Rated,Comedy,"Hugh Dennis, Claire Skinner, Tyger Drew-Honey, Daniel Roche",8.0,High
Mike Tyson Mysteries,2014,60.0,Not Rated,Animation,"Mike Tyson, Norm MacDonald, Rachel Ramras, Jim Rash",8.1,High
The Big C,2010,60.0,Not Rated,Comedy,"Laura Linney, Oliver Platt, Gabriel Basso, John Benjamin Hickey",8.1,High
Drawn Together,2004,120.0,Not Rated,Animation,"Adam Carolla, Jess Harnell, Abbey McBride, Jack Plotnick",7.0,Moderate
Being Erica,2009,42.0,Not Rated,Adventure,"Erin Karpluk, Reagan Pasternak, Michael Riley, Kathleen Laskey",7.5,Moderate
Looney Tunes Cartoons,2019,43.0,Not Rated,Animation,"Eric Bauza, Jeff Bergman, Bob Bergen, Fred Tatasciore",8.1,High
Satsuriku no Tenshi,2018,40.0,Not Rated,Animation,"Haruka Chisuga, Meg McClain, Dallas Reid, Derick Snow",6.4,Low
Underground,2016,60.0,Not Rated,Adventure,"Jurnee Smollett, Aldis Hodge, Jessica De Gouw, Alano Miller",7.8,Moderate
A Little Late with Lilly Singh,2019,23.0,Not Rated,Comedy,"Lilly Singh, Alison Sieke, Henry Dittman, Rainn Wilson",1.6,Low
Danny Phantom,2004,70.0,Not Rated,Animation,"David Kaufman, Grey Griffin, ""Rickey DShon Collins"", Rob Paulsen",7.1,Moderate
The Royal,2003,90.0,Not Rated,Drama,"Robert Daws, Linda Armstrong, Amy Robbins, Denis Lill",7.4,Moderate
Anthony Bourdain: No Reservations,2005,30.0,Not Rated,Adventure,"Anthony Bourdain, Tom Vitale, Zamir Gotta, Todd Liebler",8.5,High
Very Scary People,2019,60.0,Not Rated,Documentary,"Donnie Wahlberg, Sam Amirante, Michael Bonnin, John Butkovich",7.5,Moderate
Kurtlar Vadisi: Pusu,2007,42.0,Not Rated,Action,"Necati Sasmaz, Erhan Ufak, Cahit Kayaoglu, Adnan Erdogan",6.2,Low
Criminal Minds: Suspect Behavior,2011,44.0,Not Rated,Action,"Forest Whitaker, Janeane Garofalo, Michael Kelly, Beau Garrett",6.3,Low
American Crime,2015,60.0,Not Rated,Crime,"Felicity Huffman, Regina King, Timothy Hutton, Richard Cabral",7.8,Moderate
Harper's Island,2009,60.0,Not Rated,Drama,"Elaine Cassidy, Christopher Gorham, Matt Barr, Gina Holden",7.5,Moderate
Dickensian,2015,43.0,Not Rated,Drama,"Tuppence Middleton, Sophie Rundle, Alexandra Moen, Joseph Quinn",7.6,Moderate
Ano hi mita hana no namae o bokutachi wa mada shiranai.,2011,42.0,Not Rated,Animation,"Miyu Irino, Ai Kayano, Haruka Tomatsu, Takahiro Sakurai",8.2,High
El ministerio del tiempo,2015,60.0,Not Rated,Adventure,"Cayetana Guillén Cuervo, Juan Gea, Francesca Piñón, Jaime Blanch",8.2,High
Les petits meurtres d'Agatha Christie,2009,56.0,Not Rated,Comedy,"Blandine Bellavoir, Samuel Labarthe, Elodie Frenck, Dominique Thomas",7.6,Moderate
That '80s Show,2002,33.0,Not Rated,Comedy,"Glenn Howerton, Tinsley Grimes, Chyler Leigh, Eddie Shin",4.8,Low
Beat Shazam,2017,60.0,Not Rated,Game-Show,"Jamie Foxx, Corinne Foxx, DJ Irie, October Gonzalez",6.0,Low
Sea Patrol,2007,30.0,Not Rated,Action,"John Batchelor, Matthew Holmes, Lisa McCune, Kristian Schmid",7.5,Moderate
Backstrom,2015,120.0,Not Rated,Comedy,"Rainn Wilson, Genevieve Angelson, Kristoffer Polaha, Page Kennedy",7.4,Moderate
30 for 30,2009,60.0,Not Rated,Documentary,"Dick Vitale, Brent Musburger, William C. Rhoden, Mike Tyson",8.8,High
The Dresden Files,2007,30.0,Not Rated,Action,"Paul Blackthorne, Valerie Cruz, Terrence Mann, Raoul Bhaneja",7.7,Moderate
The Enemy Within,2019,60.0,Not Rated,Drama,"Jennifer Carpenter, Morris Chestnut, Raza Jaffrey, Kelli Garner",7.1,Moderate
Skins,2011,30.0,Not Rated,Comedy,"Danny Flaherty, Ron Mustafa, James Newman, Jesse Carere",3.9,Low
Notorious,2016,44.0,Not Rated,Drama,"Piper Perabo, Daniel Sunjata, Kate Jennings Grant, Aimee Teegarden",6.6,Low
Mad Dogs,2015,43.0,Not Rated,Comedy,"Ben Chaplin, Michael Imperioli, Romany Malco, Steve Zahn",7.5,Moderate
Nailed It!,2018,60.0,Not Rated,Reality-TV,"Nicole Byer, Jacques Torres, Weston Bahr, Charity George",7.4,Moderate
The Hour,2011,30.0,Not Rated,Drama,"Romola Garai, Ben Whishaw, Dominic West, Anna Chancellor",8.0,High
"Diners, Drive-ins and Dives",2006,43.0,Not Rated,Reality-TV,"Guy Fieri, Hunter Fieri, Ryder Fieri, Lori Fieri",7.3,Moderate
Cesur Ve Güzel,2016,120.0,Not Rated,Crime,"Kivanç Tatlitug, Tuba Büyüküstün, Tamer Levent, Erkan Avci",7.1,Moderate
The Playboy Club,2011,30.0,Not Rated,Crime,"Randy Steinmeyer, Eddie Cibrian, David Krumholtz, Laura Benanti",6.3,Low
Wild 'N Out,2005,30.0,Not Rated,Comedy,"Nick Cannon, DJ D-Wrek, Chico Bean, Emmanuel Hudson",6.4,Low
Mutant X,2001,60.0,Not Rated,Action,"Victoria Pratt, Forbes March, Victor Webster, John Shea",5.9,Low
Transformers Prime,2010,20.0,Not Rated,Animation,"Peter Cullen, Sumalee Montano, Jeffrey Combs, Frank Welker",7.9,Moderate
Heder,2019,42.0,Not Rated,Crime,"Julia Dufvenius, Anja Lundqvist, Alexandra Rapaport, Eva Röse",6.3,Low
Clique,2017,90.0,Not Rated,Drama,"Rachel Hurd-Wood, Synnove Karlsen, Sophia Brown, Izuka Hoyle",7.0,Moderate
Containment,2016,22.0,Not Rated,Drama,"David Gyasi, Christina Moses, Chris Wood, Claudia Black",7.2,Moderate
The Real Bros of Simi Valley,2017,60.0,Not Rated,Comedy,"Nick Colletti, Cody Ko, Getter, Colleen Donovan",9.1,High
Million Dollar Listing New York,2012,60.0,Not Rated,Reality-TV,"Fredrik Eklund, Ryan Serhant, Luis D. Ortiz, Steve Gold",7.3,Moderate
Avlu,2018,60.0,Not Rated,Crime,"Demet Evgar, Ceren Moray, Nursel Köse, Çagdas Onur Öztürk",7.2,Moderate
Yeh Meri Family,2018,24.0,Not Rated,Comedy,"Vishesh Bansal, Mona Singh, Akarsh Khurana, Ahan Nirban",9.1,High
Mosaic,2018,60.0,Not Rated,Crime,"Jennifer Ferrin, Frederick Weller, Paul Reubens, Sharon Stone",6.4,Low
De Dag,2018,28.0,Not Rated,Action,"Jeroen Perceval, Liesa Van der Aa, Sofie Decleir, Dolores Bouckaert",8.4,High
Skam France,2018,30.0,Not Rated,Drama,"Axel Auriant, Lula Cotton-Frapier, Coline Preher, Philippine Stindel",8.2,High
The Slap,2015,75.0,Not Rated,Drama,"Brian Cox, Melissa George, Lucas Hedges, Marin Ireland",6.1,Low
Wallander,2005,60.0,Not Rated,Crime,"Krister Henriksson, Fredrik Gunnarsson, Mats Bergman, Douglas Johansson",7.6,Moderate
Inside Amy Schumer,2013,44.0,Not Rated,Comedy,"Amy Schumer, Kevin Kane, Kyle Dunnigan, Kim Caramele",5.9,Low
Dancing with the Stars,2005,26.0,Not Rated,Family,"Carrie Ann Inaba, Bruno Tonioli, Tom Bergeron, Len Goodman",4.7,Low
Tian sheng chang ge,2018,60.0,Not Rated,Drama,"Kun Chen, Hong Yuan, Ni Ni, Ou Wang",8.6,High
The Sarah Jane Adventures,2007,13.0,Not Rated,Family,"Elisabeth Sladen, Daniel Anthony, Alexander Armstrong, Tommy Knight",7.4,Moderate
At Home with Amy Sedaris,2017,30.0,Not Rated,Comedy,"Amy Sedaris, Cole Escola, Ana Fabrega, Heather Lawless",7.8,Moderate
Yeokdoyojeong Gim Bokju,2016,52.0,Not Rated,Comedy,"Lee Song-Kyoung, Nam Joo-Hyuk, Jae-yoon Lee, Hye-Jung Cho",8.4,High
Enlightened,2011,30.0,Not Rated,Comedy,"Laura Dern, Diane Ladd, Sarah Burns, Luke Wilson",7.5,Moderate
American Woman,2018,30.0,Not Rated,Comedy,"Alicia Silverstone, Mena Suvari, Jennifer Bartels, Makenna James",6.3,Low
Hwayugi,2017,50.0,Not Rated,Comedy,"Lee Seung-gi, Seung-Won Cha, Yeon-Seo Oh, Hong-ki Lee",8.1,High
Stella,2012,30.0,Not Rated,Comedy,"Karen Paullada, Ruth Jones, Craig Gallivan, Justin Davies",8.0,High
Bad Girls Club,2006,60.0,Not Rated,Drama,"Tanisha Thomas, Natalie Nunn, Neveen Ismael, Kerry Harvick",4.7,Low
Green Eggs and Ham,2019,60.0,Not Rated,Animation,"Michael Douglas, Adam Devine, Ilana Glazer, Diane Keaton",8.2,High
Siffredi Late Night - Hard Academy,2017,25.0,Not Rated,Documentary,Rocco Siffredi,5.7,Low
Kings,2009,60.0,Not Rated,Drama,"Ian McShane, Christopher Egan, Susanna Thompson, Allison Miller",8.2,High
Scissor Seven,2018,42.0,Not Rated,Animation,"Jas Patrick, Ronny Chieng, Jake Green, Aleks Le",8.2,High
Beat Bobby Flay,2013,60.0,Not Rated,Reality-TV,"Bobby Flay, Alex Guarnaschelli, Scott Conant, Anne Burrell",6.3,Low
Les Revenants,2012,75.0,Not Rated,Drama,"Anne Consigny, Clotilde Hesme, Frédéric Pierrot, Céline Sallette",8.1,High
Steins;Gate 0,2018,25.0,Not Rated,Animation,"J. Michael Tatum, Monica Rial, Tyson Rinehart, Cherami Leigh",8.4,High
Couples Therapy,2019,60.0,Not Rated,Reality-TV,"Orna Guralnik, Virginia Goldner, Kirkland Vaughans",7.8,Moderate
"Hispania, la leyenda",2010,42.0,Not Rated,History,"Roberto Enríquez, Juan José Ballesta, Nathalie Poza, Jesús Olmedo",6.3,Low
"Perpetual Grace, LTD",2019,24.0,Not Rated,Comedy,"Ben Kingsley, Jimmi Simpson, Luis Guzmán, Damon Herriman",7.6,Moderate
Playmate Playback,2015,30.0,Not Rated,Documentary,"Amanda Cerny, Raquel Pomplun, Kennedy Summers, Emily Agnes",6.0,Low
Verdades Secretas,2015,24.0,Not Rated,Drama,"Reynaldo Gianecchini, Camila Queiroz, Marieta Severo, Rodrigo Lombardi",8.3,High
Wild Bill,2019,44.0,Not Rated,Crime,"Rob Lowe, Bronwyn James, Tony Pitts, Aloreia Spencer",6.8,Low
The Graham Norton Show,2007,60.0,Not Rated,Comedy,"Graham Norton, Ricky Gervais, Judi Dench, Jack Whitehall",8.4,High
Date a Live,2013,30.0,Not Rated,Animation,"Nobunaga Shimazaki, Marina Inoue, Misuzu Togashi, Ayana Taketatsu",7.0,Moderate
Curfew,2019,43.0,Not Rated,Action,"Phoebe Fox, Andi Osho, Billy Zane, Aimee-Ffion Edwards",6.1,Low
60 Days In,2016,43.0,Not Rated,Reality-TV,"Dion Shepherd Jr., Zachary Holland Baker, Monalisa Johnson, Tami Ferraiuolo",7.7,Moderate
Silk,2011,43.0,Not Rated,Drama,"Maxine Peake, Rupert Penry-Jones, Neil Stuke, Theo Barklem-Biggs",8.0,High
SKY Castle,2018,43.0,Not Rated,Drama,"Jung-ah Yum, Tae-ran Lee, Yun Se-ah, Na-ra Oh",8.7,High
SKAM Italia,2018,43.0,Not Rated,Drama,"Ludovica Martino, Beatrice Bruschi, Greta Ragusa, Federico Cesari",7.5,Moderate
A Haunting,2005,43.0,Not Rated,Documentary,"Anthony D. Call, Andrew Ragan, Kelley Davis, Terry Jernigan",8.0,High
The Best Sex Ever,2002,43.0,Not Rated,Adventure,"Angela Nicholas, Syren, Dru Berrymore, Jezebelle Bond",5.8,Low
The Mysteries of Laura,2014,43.0,Not Rated,Comedy,"Debra Messing, Laz Alonso, Josh Lucas, Janina Gavankar",6.8,Low
Kôkaku kidôtai: Stand Alone Complex,2002,43.0,Not Rated,Animation,"Shirô Saitô, Mary Elizabeth McGlynn, William Frederick Knight, Richard Epcar",8.5,High
The Dumping Ground,2013,43.0,Not Rated,Family,"Kia Pegg, Sarah Rayson, Stacy Liu, Miles Butler-Hughton",6.9,Low
Travel Man: 48 Hours in...,2015,43.0,Not Rated,Documentary,"Richard Ayoade, Joe Lycett, Greg Davies, Noel Fielding",8.3,High
The Lying Game,2011,43.0,Not Rated,Drama,"Alexandra Chando, Andy Buckley, Allie Gonino, Alice Greczyn",7.3,Moderate
Necessary Roughness,2011,43.0,Not Rated,Comedy,"Callie Thorne, Scott Cohen, Mehcad Brooks, Marc Blucas",7.0,Moderate
Wolfblood,2012,43.0,Not Rated,Family,"Gabrielle Green, Leona Vaughan, Shorelle Hepkin, Mark Fleischmann",7.6,Moderate
The Accident,2019,188.0,Not Rated,Drama,"Sarah Lancashire, Sidse Babett Knudsen, Joanna Scanlan, Genevieve Barr",6.2,Low
The War at Home,2005,30.0,Not Rated,Comedy,"Michael Rapaport, Anita Barone, Kaylee DeFer, Kyle Sullivan",7.5,Moderate
Mr. Pickles,2013,15.0,Not Rated,Animation,"Dave Stewart, Kaitlyn Robrock, Will Carsola, Jay Johnston",7.4,Moderate
X Company,2015,44.0,Not Rated,Drama,"Evelyne Brochu, Jack Laskey, Warren Brown, Hugh Dillon",7.7,Moderate
La catedral del mar,2018,55.0,Not Rated,Drama,"Jordi Aguilar, Aitor Luna, Pablo Derqui, Ginés García Millán",7.5,Moderate
GCB,2012,430.0,Not Rated,Comedy,"Leslie Bibb, Jennifer Aspen, Marisol Nichols, Miriam Shor",7.0,Moderate
The Last O.G.,2018,30.0,Not Rated,Comedy,"Tracy Morgan, Tiffany Haddish, Ryan Gaul, Dante Hoagland",6.9,Low
Beyond,2016,43.0,Not Rated,Drama,"Burkely Duffield, Dilan Gwyn, Jonathan Whitesell, Michael McGrady",7.0,Moderate
Kingdom,2012,43.0,Not Rated,Animation,"Adam Fedyk, Masakazu Morita, Jun Fukuyama, Akio Kato",8.1,High
David Makes Man,2019,24.0,Not Rated,Drama,"Akili McDowell, Alana Arenas, Travis Coles, Cayden K. Williams",7.3,Moderate
Tokyo Ghoul: Root A,2015,24.0,Not Rated,Animation,"Brina Palencia, Michelle Rojas, Austin Tindle, Morgan Laure",7.6,Moderate
Hyouka,2012,30.0,Not Rated,Animation,"Yûichi Nakamura, Satomi Sato, Felecia Angelle, Tia Lynn Ballard",7.8,Moderate
Champions,2018,30.0,Not Rated,Comedy,"Anders Holm, Fortune Feimster, Andy Favreau, Josie Totah",6.1,Low
Corporate,2018,15.0,Not Rated,Comedy,"Matt Ingebretson, Jake Weisman, Adam Lustick, Anne Dudek",7.7,Moderate
Thundercats,2011,30.0,Not Rated,Animation,"Will Friedle, Matthew Mercer, Kevin Michael Richardson, Emmanuelle Chriqui",7.8,Moderate
The Birch,2019,60.0,Not Rated,Drama,"Xaria Dotson, Brady Romberg, Dempsey Bryk, Quincy Dunn-Baker",6.7,Low
Happily Divorced,2011,54.0,Not Rated,Comedy,"Fran Drescher, John Michael Higgins, Tichina Arnold, Valente Rodriguez",6.8,Low
Rebelde,2004,43.0,Not Rated,Comedy,"Estefania Villarreal, Anahí, Dulce María, Alfonso Herrera",7.2,Moderate
Velvet Colección,2017,44.0,Not Rated,Comedy,"Marta Hazas, Asier Etxeandia, Adrián Lastra, Diego Martín",7.2,Moderate
Awake,2012,29.0,Not Rated,Drama,"Jason Isaacs, Laura Allen, Steve Harris, Dylan Minnette",7.9,Moderate
CollegeHumor Originals,2006,60.0,Not Rated,Comedy,"Mike Trapp, ""Grant OBrien"", Katie Marovitch, Zac Oyama",7.6,Moderate
Jägarna,2018,62.0,Not Rated,Drama,"Rolf Lassgård, Johan Marenius Nordahl, Annika Nordin, Caroline Johansson Kuhmunen",7.4,Moderate
Mock the Week,2005,60.0,Not Rated,Comedy,"Dara O Briain, Hugh Dennis, Andy Parsons, Ed Byrne",7.8,Moderate
24,2013,43.0,Not Rated,Action,"Anil Kapoor, Neil Bhoopalam, Raaghavv Chanana, Anita Raj",8.2,High
Summer Camp Island,2018,60.0,Not Rated,Animation,"Oona Laurence, Julia Pott, Elliott Smith, Sam Lavagnino",7.4,Moderate
Dolly Parton's Heartstrings,2019,30.0,Not Rated,Comedy,"Dolly Parton, Delta Burke, Julianne Hough, Melissa Leo",7.6,Moderate
Ellen: The Ellen DeGeneres Show,2003,60.0,Not Rated,Comedy,"Ellen DeGeneres, Stephen Boss, Andy Lassner, Kym Douglas",6.8,Low
Take Two,2018,22.0,Not Rated,Comedy,"Rachel Bilson, Eddie Cibrian, Xavier de Guzman, Alice Lee",7.3,Moderate
Running Wild with Bear Grylls,2014,123.0,Not Rated,Adventure,"Bear Grylls, Channing Tatum, Bobby Bones, Tom Arnold",7.7,Moderate
Happyish,2015,60.0,Not Rated,Comedy,"Kathryn Hahn, Steve Coogan, Sawyer Shipman, Bradley Whitford",7.3,Moderate
The Village,2013,45.0,Not Rated,Drama,"David Ryall, Maxine Peake, John Simm, Charlie Murphy",7.7,Moderate
Baroness Von Sketch Show,2016,23.0,Not Rated,Comedy,"Carolyn Taylor, Meredith MacNeill, Aurora Browne, Jennifer Whalen",6.2,Low
Poyraz Karayel,2015,44.0,Not Rated,Action,"Ilker Kaleli, Burçin Terzioglu, Musa Uzunlar, Ali Il",8.1,High
Case Histories,2011,60.0,Not Rated,Crime,"Jason Isaacs, Amanda Abbington, Zawe Ashton, Millie Innes",7.9,Moderate
Gold Rush: Alaska,2010,25.0,Not Rated,Reality-TV,"Paul Christie, Parker Schnabel, Tony Beets, Chris Doumitt",7.3,Moderate
Arifureta Shokugyou de Sekai Saikyou,2019,60.0,Not Rated,Animation,"Tia Lynn Ballard, Matt Shipman, AmaLee, Patrick Seitz",6.9,Low
Springfloden,2016,24.0,Not Rated,Crime,"Julia Ragnarsson, Kjell Bergqvist, Cecilia Nilsson, Dar Salim",7.5,Moderate
Jimmy Kimmel Live!,2003,88.0,Not Rated,Comedy,"Jimmy Kimmel, Cleto and the Cletones, Guillermo Rodriguez, Cleto Escobedo III",6.5,Low
Vampirina,2017,11.0,Not Rated,Animation,"Isabella Crovetti, Jordan Alexa Davis, Lauren Graham, Wanda Sykes",6.7,Low
Cracked,2013,30.0,Not Rated,Crime,"David Sutcliffe, ""Luisa dOliveira"", Dayo Ade, Karen LeBlanc",7.0,Moderate
"The Adventures of Jimmy Neutron, Boy Genius",2002,43.0,Not Rated,Animation,"Debi Derryberry, Jeffrey Garcia, Rob Paulsen, Carolyn Lawrence",6.7,Low
Star Trek: Renegades,2015,25.0,Not Rated,Action,"Walter Koenig, Adrienne Wilkinson, Manu Intiraymi, Corin Nemec",4.9,Low
Doc McStuffins,2012,75.0,Not Rated,Animation,"Lara Jill Miller, Loretta Devine, Robbie Rist, Jess Harnell",6.6,Low
Foster's Home for Imaginary Friends,2004,42.0,Not Rated,Animation,"Keith Ferguson, Grey Griffin, Candi Milo, Tom Kenny",7.6,Moderate
Rosario Tijeras,2016,43.0,Not Rated,Action,"Bárbara de Regil, Sebastian Martínez, Harold Azuara, José María de Tavira",6.2,Low
Danganronpa: Kibô no gakuen to zetsubô no kôkôsei - The animation,2013,60.0,Not Rated,Animation,"Megumi Ogata, Yôko Hikasa, Chiwa Saitô, Nobuyo Ôyama",6.9,Low
La que se avecina,2007,120.0,Not Rated,Comedy,"Ricardo Arroyo, Pablo Chiapella, José Luis Gil, Nacho Guerreros",7.4,Moderate
Black Widows,2016,50.0,Not Rated,Crime,"Cecilia Forss, Beate Bille, Synnøve Macody Lund, Kyrre Hellum",6.5,Low
The InBetween,2019,24.0,Not Rated,Crime,"Harriet Dyer, Justin Cornwell, Cindy Luna, Anne-Marie Johnson",7.1,Moderate
The Oath,2018,60.0,Not Rated,Crime,"Ryan Kwanten, Katrina Law, Cory Hardrict, Joseph Julian Soria",6.5,Low
Halka,2019,43.0,Not Rated,Action,"Serkan Çayoglu, Hande Erçel, Kaan Yildirim, Hazal Subasi",8.8,High
Oogappels,2019,30.0,Not Rated,Drama,"Bracha van Doesburgh, Ramsey Nasr, Malou Gorter, Jeroen Spitzenberger",8.0,High
Charlotte,2015,90.0,Not Rated,Animation,"Koki Uchiyama, Ayane Sakura, Momo Asakura, Takahiro Mizushima",7.6,Moderate
Taineun Jiokida,2019,42.0,Not Rated,Crime,"Si-wan Yim, Lee Dong-Wook, Rae-Hyung Cha, Lee Jeong-eun",7.9,Moderate
Pit Bulls and Parolees,2009,23.0,Not Rated,Drama,"Tia Torres, Mariah Torres, Tania Torres, Kanani",8.0,High
The Exes,2011,60.0,Not Rated,Comedy,"Donald Faison, Wayne Knight, David Alan Basche, Kelly Stables",6.7,Low
Meurtres à...,2013,11.0,Not Rated,Crime,"Vanessa Liautey, David Faure, Franck Beckmann, Frédéric Diefenthal",6.3,Low
The Indian Doctor,2010,45.0,Not Rated,Drama,"Sanjeev Bhaskar, Ayesha Dharker, Jacob Oakley, Mali Harries",7.9,Moderate
1000-lb Sisters,2020,43.0,Not Rated,Reality-TV,"Amy Slaton, Tammy Slaton, Michael Halterman, Chris Combs",5.5,Low
Girls Hostel,2018,24.0,Not Rated,Comedy,"Srishti Shrivastava, Parul Gulati, Ahsaas Channa, Simran Natekar",8.2,High
The Code,2019,51.0,Not Rated,Drama,"Anna Wood, Ato Essandoh, Phillipa Soo, Raffi Barsoumian",6.3,Low
The Penguins of Madagascar,2008,24.0,Not Rated,Animation,"John DiMaggio, Tom McGrath, Jeff Bennett, James Patrick Stuart",7.6,Moderate
Rush,2008,24.0,Not Rated,Crime,"Rodger Corser, Callan Mulvey, Nicole da Silva, Ashley Zukerman",7.6,Moderate
Homicide Hunter: Lt. Joe Kenda,2011,60.0,Not Rated,Documentary,"Josh Casaubon, Joe Kenda, Carl Marino, Sandra Mann",8.8,High
Ask the StoryBots,2016,60.0,Not Rated,Animation,"Judy Greer, Erin Fitzgerald, Fred Tatasciore, Jeff Gill",8.4,High
Love/Hate,2010,56.0,Not Rated,Crime,"Tom Vaughan-Lawlor, Killian Scott, Aoibhinn McGinnity, Charlie Murphy",8.5,High
Toraburu,2008,120.0,Not Rated,Animation,"Akeno Watanabe, Haruka Tomatsu, Sayuri Yahagi, Satomi Arai",6.6,Low
Dragon Ball Kai: Doragon bôru kai,2009,44.0,Not Rated,Animation,"Masako Nozawa, Jôji Yanami, Sean Schemmel, Richard Ian Cox",8.2,High
Somebody Feed Phil,2018,22.0,Not Rated,Documentary,"Phil Rosenthal, Monica Horan, Judy Gold, Julia Reed",8.2,High
Fi,2017,70.0,Not Rated,Drama,"Ozan Güven, Serenay Sarikaya, Mehmet Günsür, Berrak Tüzünataç",7.8,Moderate
Zasada przyjemnosci,2019,90.0,Not Rated,Crime,"Malgorzata Buczkowska, Karel Roden, Sergey Strelnikov, Robert Gonera",6.7,Low
Kizim,2018,24.0,Not Rated,Drama,"Bugra Gülsoy, Beren Gokyildiz, Leyla Lydia Tugutlu, Serhat Teoman",6.4,Low
BrainDead,2016,90.0,Not Rated,Comedy,"Mary Elizabeth Winstead, Danny Pino, Aaron Tveit, Tony Shalhoub",8.1,High
Kuzu no honkai,2017,24.0,Not Rated,Animation,"Chika Anzai, Shintarô Asanuma, Greg Cote, Maggie Flecknoe",6.9,Low
Ibeon Saengeun Cheoeumira,2017,23.0,Not Rated,Comedy,"Lee Min-ki, Jung So-Min, Esom, Byeong-eun Park",8.1,High
Jack Taylor,2010,41.0,Not Rated,Crime,"Iain Glen, Nora-Jane Noone, Killian Scott, Paraic Breathnach",7.5,Moderate
Generator Rex,2010,28.0,Not Rated,Animation,"Daryl Sabara, Grey Griffin, John DiMaggio, Wally Kurth",7.6,Moderate
Yemin,2019,30.0,Not Rated,Drama,"Gokberk Demirci, Can Verel, Ceyda Olguner, Cansin Mina Gür",6.7,Low
Fruits Basket,2001,35.0,Not Rated,Animation,"Eric Vale, Laura Bailey, Yui Horie, Aya Hisakawa",7.9,Moderate
Clarence,2013,60.0,Not Rated,Animation,"Spencer Rothbell, Katie Crown, Tom Kenny, Sean Giambrone",6.6,Low
The Late Show with Stephen Colbert,2015,41.0,Not Rated,Comedy,"Stephen Colbert, Jon Batiste, Stay Human, Jen Spyra",7.2,Moderate
Cubicles,2019,50.0,Not Rated,Comedy,"Abhishek Chauhan, Nidhi Bisht, Arnav Bhasin, Badri Chavan",8.3,High
FETCH! with Ruff Ruffman,2006,60.0,Not Rated,Animation,"Jim Conroy, Rosario Corso, Marc Prophet, Madi Bader",7.5,Moderate
Abhay,2019,44.0,Not Rated,Crime,"Kunal Khemu, Ratnesh Mani, Sandeepa Dhar, Elnaaz Norouzi",8.0,High
Black Earth Rising,2018,60.0,Not Rated,Thriller,"John Goodman, Michaela Coel, Noma Dumezweni, Lucian Msamati",7.5,Moderate
Deception,2018,60.0,Not Rated,Crime,"Jack Cutmore-Scott, Ilfenesh Hadera, Lenora Crichlow, Justin Chon",7.5,Moderate
El embarcadero,2019,60.0,Not Rated,Drama,"Álvaro Morte, Verónica Sánchez, Irene Arcos, Roberto Enríquez",7.2,Moderate
Teoneol,2017,59.0,Not Rated,Crime,"Choi Jin-Hyuk, Hie-bong Jo, Hyun-min Yoon, Kang Ki-Young",8.3,High
The Incredible Dr. Pol,2011,45.0,Not Rated,Documentary,"Jan Pol, Ari Rubin, Diane Pol, Charles Pol",8.6,High
The Name of the Rose,2019,44.0,Not Rated,Drama,"John Turturro, Rupert Everett, Damian Hardung, Fabrizio Bentivoglio",7.0,Moderate
Shark,2006,30.0,Not Rated,Crime,"James Woods, Danielle Panabaker, Sophina Brown, Sarah Carter",7.1,Moderate
The Good Cop,2018,43.0,Not Rated,Comedy,"Tony Danza, Josh Groban, Monica Barbaro, Isiah Whitlock Jr.",7.0,Moderate
Pinocchio,2014,24.0,Not Rated,Drama,"Lee Jong-Suk, Park Shin-Hye, Kim Hae-sook, Byun Hee-Bong",8.1,High
Shut Eye,2016,70.0,Not Rated,Crime,"Jeffrey Donovan, KaDee Strickland, Angus Sampson, David Zayas",7.3,Moderate
Nightwatch,2015,30.0,Not Rated,Reality-TV,"Gavin Istre, Dan Flynn, Nick Manning, Titus Tero",8.8,High
Upper Middle Bogan,2013,30.0,Not Rated,Comedy,"Annie Maynard, Patrick Brammall, Robyn Malcolm, Michala Banas",8.0,High
Rush Hour,2016,60.0,Not Rated,Action,"Justin Hires, Jonathan Patrick Foo, Aimee Garcia, Page Kennedy",5.7,Low
Yôkoso jitsuryoku shijô shugi no kyôshitsu e,2017,5.0,Not Rated,Animation,"Felecia Angelle, Justin Briner, Amber Lee Connors, Brandon McInnis",7.5,Moderate
Mar de plástico,2015,45.0,Not Rated,Action,"Rodolfo Sancho, Pedro Casablanc, Luis Fernández, Nya de la Rubia",7.2,Moderate
Clannad,2007,120.0,Not Rated,Animation,"Yûichi Nakamura, David Matranga, Mai Nakahara, Luci Christian",7.9,Moderate
The Saddle Club,2001,24.0,Not Rated,Adventure,"Kia Luby, Sophie Bennett, Keenan Macwilliam, Lara Jean Marshall",6.0,Low
Satisfaction,2007,30.0,Not Rated,Drama,"Kestie Morassi, Madeleine West, Alison Whyte, Diana Glenn",7.3,Moderate
PG Porn,2008,30.0,Not Rated,Short,"Belladonna, Sean Gunn, James Gunn, Steven Hogan",7.6,Moderate
"Gordon, Gino & Fred's Road Trip",2018,45.0,Not Rated,Adventure,"Gordon Ramsay, ""Gino DAcampo"", Fred Sirieix, Luke Campbell",8.5,High
Dolunay,2017,42.0,Not Rated,Comedy,"Özge Gürel, Can Yaman, Hakan Kurtas, Necip Memili",6.7,Low
Dance Academy,2010,60.0,Not Rated,Drama,"Xenia Goodwin, Alicia Banit, Dena Kaplan, Jordan Rodrigues",8.1,High
Queen America,2018,42.0,Not Rated,Comedy,"Belle Shouse, Catherine Zeta-Jones, Teagle F. Bougere, Rana Roy",7.2,Moderate
American Dragon: Jake Long,2005,60.0,Not Rated,Animation,"Dante Basco, Charlie Finn, kittie KaBoom, Keone Young",6.6,Low
Gåsmamman,2015,85.0,Not Rated,Crime,"Alexandra Rapaport, Clara Christiansson Drake, Edvin Ryding, Joel Lützow",7.5,Moderate
Alaskan Bush People,2014,25.0,Not Rated,Reality-TV,"Joshua Bam Bam Brown, Gabe Brown, Bear Brown, Noah Brown",6.1,Low
Summerland,2004,60.0,Not Rated,Drama,"Lori Loughlin, Merrin Dungey, Ryan Kwanten, Jesse McCartney",6.9,Low
The Astronaut Wives Club,2015,43.0,Not Rated,Drama,"JoAnna Garcia Swisher, Yvonne Strahovski, Dominique McElligott, Odette Annable",7.3,Moderate
The Great Pottery Throw Down,2015,60.0,Not Rated,Game-Show,"Keith Brymer Jones, Richard Miller, Sara Cox, Kate Olivia Malone",8.6,High
My 600-lb Life,2012,45.0,Not Rated,Reality-TV,"Younan Nowzaradan, Lola Clay, Melissa Morris, Donald Shelton",6.6,Low
Boku wa tomodachi ga sukunai,2011,60.0,Not Rated,Animation,"Ryohei Kimura, Marina Inoue, Kanae Itô, Jerry Jewell",7.1,Moderate
Women's Murder Club,2007,75.0,Not Rated,Crime,"Angie Harmon, Laura Harris, Paula Newsome, Aubrey Dollar",7.2,Moderate
The Event,2010,45.0,Not Rated,Crime,"Jason Ritter, Sarah Roemer, Ian Anthony Dale, Zeljko Ivanek",7.0,Moderate
Four More Shots Please!,2019,25.0,Not Rated,Comedy,"Sayani Gupta, Maanvi Gagroo, Kirti Kulhari, Gurbani",6.5,Low
Apharan,2018,30.0,Not Rated,Action,"Arunoday Singh, Mahie Gill, Nidhi Singh, Monica Chaudhary",8.3,High
Chasing Life,2014,22.0,Not Rated,Drama,"Italia Ricci, Mary Page Keller, Richard Brancatisano, Haley Ramm",7.8,Moderate
Isabel,2011,60.0,Not Rated,Biography,"Michelle Jenner, Ramon Madaula, Rodolfo Sancho, Jordi Díaz",8.3,High
Lang ya bang,2015,90.0,Not Rated,Action,"Kei Gambit, Ge Hu, Yongdai Ding, Kai Wang",9.0,High
Chuunibyou demo koi ga shitai!,2012,60.0,Not Rated,Animation,"Jun Fukuyama, Maaya Uchida, Chinatsu Akasaki, Leraldo Anzaldua",7.4,Moderate
Laguna Beach: The Real Orange County,2004,60.0,Not Rated,Drama,"Kristin Cavallari, Talan Torriero, Stephen Colletti, Lauren Conrad",4.8,Low
Moominvalley,2019,60.0,Not Rated,Animation,"Matt Berry, Warwick Davis, Taron Egerton, Edvin Endre",7.3,Moderate
Star-Crossed,2014,22.0,Not Rated,Drama,"Aimee Teegarden, Matt Lanter, Grey Damon, Greg Finley",7.3,Moderate
The Last Detective,2003,42.0,Not Rated,Comedy,"Peter Davison, Sean Hughes, Rob Spendlove, ""Charles DeAth""",7.7,Moderate
City Homicide,2007,21.0,Not Rated,Crime,"Shane Bourne, Nadine Garner, Aaron Pedersen, Damien Richardson",7.5,Moderate
Aranyélet,2015,60.0,Not Rated,Action,"Szabolcs Thuróczy, Eszter Ónodi, Renátó Olasz, Laura Döbrösi",8.7,High
Black Scorpion,2001,24.0,Not Rated,Action,"Michelle Lintel, Scott Valentine, BT, Enya Flack",6.1,Low
The Erotic Traveler,2007,42.0,Not Rated,Adventure,"Divini Rae, Kaylani Lei, Tabitha Stevens, Frankie Cullen",5.8,Low
Teen Mom 2,2011,22.0,Not Rated,Documentary,"Kailyn Lowry, Jenelle Evans, Chelsea DeBoer, Leah Messer",4.3,Low
Kung Fu Panda: Legends of Awesomeness,2011,44.0,Not Rated,Animation,"Mick Wingert, Kari Wahlgren, Fred Tatasciore, Max Koch",7.1,Moderate
Wipeout,2008,18.0,Not Rated,Comedy,"John Henson, John Anderson, Jill Wagner, Vanessa Lachey",6.6,Low
Power Rangers Beast Morphers,2019,23.0,Not Rated,Action,"Rorrie D. Travis, Jasmeet Baduwalia, Jacqueline Scislowski, Abraham Rodriguez",6.8,Low
Family Business,2019,42.0,Not Rated,Comedy,"Jonathan Cohen, Gérard Darmon, Julia Piaton, Liliane Rovère",7.4,Moderate
Alcatraz,2012,22.0,Not Rated,Action,"Sarah Jones, Jorge Garcia, Jonny Coyne, Parminder Nagra",7.0,Moderate
Hataraku Saibou,2018,90.0,Not Rated,Animation,"Karen Strassman, Mamiko Noto, Morgan Berry, Griffin Burns",7.6,Moderate
De viaje con los Derbez,2019,11.0,Not Rated,Comedy,"Eugenio Derbez, Alessandra Rosaldo, Aislinn Derbez, Vadhir Derbez",6.4,Low
History of Horror,2018,22.0,Not Rated,Documentary,"Eli Roth, Alan Maxson, Greg Nicotero, Rob Zombie",8.1,High
Selfie,2014,47.0,Not Rated,Comedy,"Karen Gillan, John Cho, Allyn Rachel, ""DaVine Joy Randolph""",7.2,Moderate
Almost Family,2019,60.0,Not Rated,Drama,"Brittany Snow, Timothy Hutton, Megalyn Echikunwoke, Emily Osment",6.4,Low
T@gged,2016,35.0,Not Rated,Thriller,"Lulu Antariksa, Katelyn Nacon, Nick Fink, Timothy Granaderos",7.3,Moderate
"Welcome to Demon-School, Iruma-kun",2019,60.0,Not Rated,Animation,"Daisuke Ono, Ayumu Murase, Ryohei Kimura, Saori Hayami",7.7,Moderate
Finding Carter,2014,90.0,Not Rated,Drama,"Kathryn Prescott, Cynthia Watros, Anna Jacoby-Heron, Alex Saxon",7.5,Moderate
So Random!,2011,12.0,Not Rated,Comedy,"Tiffany Thornton, Doug Brochu, Brandon Mychal Smith, Allisyn Snyder",4.6,Low
Den som dræber,2011,60.0,Not Rated,Action,"Laura Bach, Jakob Cedergren, Lars Mikkelsen, Lærke Winther",7.2,Moderate
The Marvelous Misadventures of Flapjack,2008,21.0,Not Rated,Animation,"Brian Doyle-Murray, Thurop Van Orman, Jeff Bennett, Steve Little",7.8,Moderate
Blaze and the Monster Machines,2014,45.0,Not Rated,Animation,"Nolan North, Nat Faxon, Kevin Michael Richardson, Dee Bradley Baker",5.6,Low
Instinto,2019,30.0,Not Rated,Drama,"Mario Casas, Ingrid García Jonsson, Silvia Alonso, Miryam Gallego",6.2,Low
American Dreams,2002,50.0,Not Rated,Drama,"""Gail OGrady"", Tom Verica, Brittany Snow, Jonathan Adams",7.6,Moderate
Roboti Aniya,2017,30.0,Not Rated,Comedy,"Seung-eon Hwang, Se-wan Park, Yoo Seung-ho, Chae Soo-bin",8.0,High
Dead Lucky,2018,23.0,Not Rated,Crime,"Rachel Griffiths, Yoson An, Mojean Aria, Ian Meadows",6.8,Low
Seulgirowun Gamppangsaenghwal,2017,42.0,Not Rated,Comedy,"Hae-soo Park, Jung Kyung-ho, Krystal Jung, Kyoo-hyung Lee",8.4,High
Con Man,2015,3.0,Not Rated,Comedy,"Alan Tudyk, Mindy Sterling, Nathan Fillion, Casper Van Dien",7.8,Moderate
Life Unexpected,2010,90.0,Not Rated,Drama,"Shiri Appleby, Kristoffer Polaha, Britt Robertson, Kerr Smith",7.5,Moderate
Mixology,2013,22.0,Not Rated,Comedy,"Adam Campbell, Adan Canto, Alexis Carra, Craig Frank",7.3,Moderate
Safe House,2015,90.0,Not Rated,Crime,"Stephen Moyer, Zoë Tapper, Jason Watkins, Sunetra Sarker",6.4,Low
"Lady, La Vendedora de Rosas",2015,60.0,Not Rated,Biography,"Natalia Reyes, Majida Issa, Ernesto Benjumea, Viña Machado",8.3,High
W1A,2014,30.0,Not Rated,Comedy,"Hugh Bonneville, Monica Dolan, Sarah Parish, Jason Watkins",7.8,Moderate
Striking Out,2017,24.0,Not Rated,Drama,"Amy Huberman, Rory Keenan, Emmet Byrne, Neil Morrissey",7.7,Moderate
Smosh,2005,12.0,Not Rated,Comedy,"Ian Hecox, Anthony Padilla, Courtney Miller, Shayne Topp",6.8,Low
Sex Ed,2009,44.0,Not Rated,Comedy,"Casey Graf, Joanna Cassidy, Annie Abrams, Matt Barr",6.5,Low
Burning Love,2012,30.0,Not Rated,Comedy,"Michael Ian Black, June Diane Raphael, Ken Marino, Abigail Spencer",8.0,High
Intelligence,2014,50.0,Not Rated,Action,"Josh Holloway, Meghan Ory, John Billingsley, P.J. Byrne",6.9,Low
IMDbrief,2018,60.0,Not Rated,Short,"Alex Logan, Lizzie Bassett, Ana de Armas, Naomie Harris",6.4,Low
Hailey Dean Mystery,2016,60.0,Not Rated,Crime,"Kellie Martin, Viv Leacock, Matthew MacCaull, Lucia Walters",7.6,Moderate
My Babysitter's a Vampire,2011,60.0,Not Rated,Action,"Matthew Knight, Vanessa Morgan, Atticus Mitchell, Cameron Kennedy",7.0,Moderate
Non uccidere,2015,49.0,Not Rated,Crime,"Miriam Leone, Matteo Martari, Thomas Trabacchi, Luca Terracciano",7.0,Moderate
The Firm,2012,22.0,Not Rated,Action,"Josh Lucas, Callum Keith Rennie, Molly Parker, Juliette Lewis",7.1,Moderate
Adam Ruins Everything,2015,43.0,Not Rated,Animation,"Adam Conover, Adam Lustick, Emily Axford, Amos Vernon",7.9,Moderate
Deadman Wonderland,2011,60.0,Not Rated,Animation,"Greg Ayres, Kana Hanazawa, Romi Pak, Monica Rial",7.2,Moderate
Milo Murphy's Law,2016,22.0,Not Rated,Animation,"""Weird Al Yankovic"", Sabrina Carpenter, Mekai Curtis, Dan Povenmire",7.6,Moderate
Beowulf: Return to the Shieldlands,2016,60.0,Not Rated,Action,"Kieran Bew, Joanne Whalley, Ed Speleers, Laura Donnelly",5.8,Low
Review,2014,50.0,Not Rated,Comedy,"Andrew Daly, Jessica St. Clair, Megan Stevenson, Michael Croner",8.4,High
Love My Way,2004,80.0,Not Rated,Drama,"Claudia Karvan, Asher Keddie, Brendan Cowell, Dan Wyllie",8.3,High
Being Mary Jane,2013,24.0,Not Rated,Drama,"Gabrielle Union, Lisa Vidal, Raven Goodwin, Margaret Avery",7.5,Moderate
Sikeurit Gadeun,2010,10.0,Not Rated,Comedy,"Ha Ji-Won, Hyun Bin, Yoon Sang-Hyun, Sa-rang Kim",8.1,High
New Amsterdam,2008,60.0,Not Rated,Crime,"Nikolaj Coster-Waldau, Zuleikha Robinson, Alexie Gilmore, Stephen McKinley Henderson",7.4,Moderate
You Are Wanted,2017,45.0,Not Rated,Drama,"Matthias Schweighöfer, Alexandra Maria Lara, Catrin Striebeck, Franz Hagn",6.0,Low
Slugterra,2012,43.0,Not Rated,Animation,"Lee Tockar, Sam Vincent, Andrew Francis, Shannon Chan-Kent",6.4,Low
Southern Charm,2013,30.0,Not Rated,Reality-TV,"Kathryn Dennis, Shep Rose, Craig Conover, Cameran Eubanks",6.2,Low
Project Runway,2004,42.0,Not Rated,Game-Show,"Nina Garcia, Tim Gunn, Heidi Klum, Michael Kors",7.3,Moderate
Totally Spies!,2001,52.0,Not Rated,Animation,"Janice Kawaye, Charlie Schlatter, Andrea Baker, Jennifer Hale",7.0,Moderate
Clone High,2002,30.0,Not Rated,Animation,"Will Forte, Phil Lord, Michael McDonald, Christa Miller",8.1,High
Prey,2014,60.0,Not Rated,Crime,"Rosie Cavaliero, Daniel Jillings, Darren Whitfield, John Simm",7.2,Moderate
Celebrity Gogglebox,2019,22.0,Not Rated,Reality-TV,"Craig Cash, Gyles Brandreth, Liv Grimshaw, Nick Grimshaw",6.9,Low
Naui Nara,2019,30.0,Not Rated,Action,"Yang Se-Jong, Woo Do-Hwan, Jang Hyuk, Seol-Hyun Kim",8.3,High
Akagami no Shirayuki-hime,2015,25.0,Not Rated,Animation,"Saori Hayami, Ryôta Ôsaka, Yuichiro Umehara, Kaori Nazuka",7.8,Moderate
Ben & Holly's Little Kingdom,2009,60.0,Not Rated,Animation,"Preston Nyman, Sarah Ann Kennedy, Sian Taylor, Ian Puleston-Davies",7.4,Moderate
Ssawooja Gwishina,2016,29.0,Not Rated,Comedy,"Taecyeon, Kim So-Hyun, Lee Da-wit, Kang Ki-Young",7.7,Moderate
My Girlfriend Is an Alien,2019,25.0,Not Rated,Comedy,"Hsu Thassapak, Peng Wan, Yue Yang",8.5,High
Bering Sea Gold,2012,41.0,Not Rated,Reality-TV,"Shawn Pomrenke, Emily Riedel, Mike Rowe, Kris Kelly",6.6,Low
The Proud Family,2001,45.0,Not Rated,Animation,"Kyla Pratt, Tommy Davidson, Jo Marie Payton, Paula Jai Parker",6.4,Low
Little Einsteins,2005,42.0,Not Rated,Animation,"David Jason, Aiden Pompey, Jesse Schwartz, Natalia Wojcik",6.3,Low
Botched,2014,26.0,Not Rated,Reality-TV,"Paul Nassif, Terry J. Dubrow, Rajee Narinesingh, Janice Dickinson",6.8,Low
Il processo,2019,22.0,Not Rated,Crime,"Vittoria Puccini, Francesco Scianna, Camilla Filippi, Simone Colombari",7.0,Moderate
Heathers,2018,120.0,Not Rated,Comedy,"Grace Victoria Cox, Melanie Field, James Scully, Brendan Scannell",5.6,Low
Falling Water,2016,44.0,Not Rated,Drama,"David Ajala, Lizzie Brocheré, Will Yun Lee, Kai Lennox",6.5,Low
Rise of the Teenage Mutant Ninja Turtles,2018,60.0,Not Rated,Animation,"Ben Schwartz, Brandon Mychal Smith, Omar Benson Miller, Josh Brener",5.5,Low
Half & Half,2002,24.0,Not Rated,Comedy,"Essence Atkins, Rachel True, Chico Benymon, Valarie Pettiford",7.0,Moderate
ImMATURE,2019,22.0,Not Rated,Comedy,"Rashmi Agdekar, Omkar Kulkarni, Chinmay Chandraunshuh, Visshesh Tiwari",8.9,High
Katorse,2009,60.0,Not Rated,Drama,"Erich Gonzales, Enchong Dee, Ejay Falcon, Xian Lim",8.8,High
Lip Service,2010,21.0,Not Rated,Drama,"Fiona Button, Heather Peace, James Anthony Pearson, ""Natasha OKeeffe""",7.4,Moderate
Little Britain,2003,22.0,Not Rated,Comedy,"Matt Lucas, David Walliams, Tom Baker, Paul Putner",7.6,Moderate
Ergo Proxy,2006,115.0,Not Rated,Animation,"Kôji Yusa, Akiko Yajima, Rachel Hirschfeld, ""Liam OBrien""",8.0,High
Fairly Legal,2011,90.0,Not Rated,Comedy,"Sarah Shahi, Michael Trucco, Virginia Williams, Baron Vaughn",7.3,Moderate
Besa,2018,30.0,Not Rated,Crime,"Radivoje Bukvic, Arben Bajraktaraj, Milos Timotijevic, Lana Baric",8.7,High
"Little People, Big World",2006,11.0,Not Rated,Reality-TV,"Matthew Roloff, Amy Roloff, Jeremy Roloff, Molly Roloff",6.1,Low
Daniel Tiger's Neighborhood,2012,24.0,Not Rated,Animation,"Addison Holley, Amariah Faulkner, Ted Dykstra, Heather Bambrick",7.4,Moderate
Marlon,2017,23.0,Not Rated,Comedy,"Marlon Wayans, Essence Atkins, Bresha Webb, Diallo Riddle",7.1,Moderate
Dogdugun Ev Kaderindir,2019,60.0,Not Rated,Drama,"Demet Özdemir, Zuhal Gencer, Senan Kara, Fatih Koyunoglu",6.1,Low
America's Book of Secrets,2012,22.0,Not Rated,Documentary,"Jonathan Adams, Barry Aird, Ronald Kessler, Alex Jones",6.8,Low
Grenseland,2017,120.0,Not Rated,Crime,"Tobias Santelmann, Ellen Dorrit Petersen, Benjamin Helstad, Eivind Sander",6.8,Low
Akatsuki no Yona,2014,26.0,Not Rated,Animation,"Monica Rial, Christopher Sabat, Chiwa Saitô, Tomoaki Maeno",8.1,High
Pair of Kings,2010,30.0,Not Rated,Comedy,"Ryan Ochoa, Kelsey Asbille, Larramie Doc Shaw, Geno Segers",5.8,Low
Life on Mars,2008,47.0,Not Rated,Crime,"""Jason OMara"", Michael Imperioli, Gretchen Mol, Jonathan Murphy",7.4,Moderate
Flip or Flop,2013,45.0,Not Rated,Reality-TV,"Tarek El Moussa, Christina Anstead, Taylor El Moussa, Kevin Htain",6.0,Low
Dragons: Riders of Berk,2012,853.0,Not Rated,Animation,"Jay Baruchel, Christopher Mintz-Plasse, T.J. Miller, America Ferrera",8.0,High
Eastsiders,2012,43.0,Not Rated,Drama,"Kit Williamson, Van Hansis, Matthew McKelligon, John Halbach",6.9,Low
Kuzey Güney,2011,120.0,Not Rated,Drama,"Kivanç Tatlitug, Bugra Gülsoy, Öykü Karayel, Mustafa Avkiran",7.6,Moderate
Hope & Faith,2003,21.0,Not Rated,Comedy,"Faith Ford, Kelly Ripa, Macey Cruthird, Ted McGinley",5.5,Low
The Octonauts,2010,60.0,Not Rated,Animation,"Ross Breen, Keith Wickham, Jo Wyatt, Simon Greenall",7.6,Moderate
Hudson,2019,20.0,Not Rated,Drama,"Madison Cheeatow, Sam Robert Muik, Bianca Caroca, Michelle Morgan",7.0,Moderate
Clannad: After Story,2008,30.0,Not Rated,Animation,"Yûichi Nakamura, David Matranga, Luci Christian, Mai Nakahara",8.6,High
Sekirei,2008,30.0,Not Rated,Animation,"Joel McDonald, Alexis Tipton, Tia Lynn Ballard, Leah Clark",7.4,Moderate
North Shore,2004,60.0,Not Rated,Drama,"Kristoffer Polaha, Brooke Burns, Corey Sevier, Nikki Deloach",6.8,Low
Wheeler Dealers,2003,52.0,Not Rated,Documentary,"Mike Brewer, Edd China, Ant Anstead, Paul Brackley",8.2,High
Kaçak Gelinler,2014,24.0,Not Rated,Comedy,"Selin Sekerci, Deniz Baysal, Açelya Topaloglu, Firat Albayram",5.5,Low
Au service de la France,2015,45.0,Not Rated,Comedy,"Hugo Becker, Wilfred Benaïche, Christophe Kourotchkine, Karim Barras",7.8,Moderate
Sacred Lies,2018,30.0,Not Rated,Drama,"Elena Kampouris, Kevin Carroll, Kiana Madeira, Ryan Robbins",7.6,Moderate
Made in Chelsea,2011,30.0,Not Rated,Documentary,"Jamie Laing, Mark-Francis Vandelli, Louise Thompson, Sam Thompson",4.7,Low
Dirty Sexy Money,2007,30.0,Not Rated,Drama,"Peter Krause, Donald Sutherland, William Baldwin, Natalie Zea",7.2,Moderate
El tiempo entre costuras,2013,43.0,Not Rated,Adventure,"Adriana Ugarte, Mari Carmen Sánchez, Tristán Ulloa, Francesc Garrido",8.3,High
Million Dollar Listing Los Angeles,2006,43.0,Not Rated,Reality-TV,"Josh Flagg, Josh Altman, Madison Hildebrand, James Harris",6.0,Low
Bir Zamanlar Çukurova,2018,43.0,Not Rated,Drama,"Hilal Altinbilek, Murat Ünalmis, Bülent Polat, Sibel Tasçioglu",5.6,Low
Power Rangers Ninja Steel,2017,43.0,Not Rated,Action,"William Shewfelt, Nico Greetham, Zoë Robins, Peter Adrian Sudarso",6.0,Low
The Dead Files,2011,43.0,Not Rated,Horror,"Amy Allan, Steve DiSchiavi, Matthew Anderson, Amy Allen",6.8,Low
Mahabharat,2013,43.0,Not Rated,Drama,"Saurabh Raj Jain, Shaheer Sheikh, Pooja Sharma, Aham Sharma",8.9,High
Sunday,2019,43.0,Not Rated,Comedy,"Melvin Kakooza, Anders Brink Madsen, Thue Ersted Rasmussen, Per Teglhus",7.7,Moderate
Kroll Show,2013,43.0,Not Rated,Comedy,"Nick Kroll, Jon Daly, Jenny Slate, John Mulaney",6.8,Low
wtFOCK,2018,43.0,Not Rated,Drama,"Veerle Dejaeger, Yara Veyt, Nona Janssens, Nora Dari",8.2,High
Camping,2018,43.0,Not Rated,Comedy,"Jennifer Garner, David Tennant, Juliette Lewis, Chris Sullivan",4.9,Low
Fast n' Loud,2012,43.0,Not Rated,Reality-TV,"Richard Rawlings, Aaron Kaufmann, Christie Brimberry, K.C. Mathieu",7.5,Moderate
Luck,2011,43.0,Not Rated,Drama,"Dustin Hoffman, Dennis Farina, John Ortiz, Richard Kind",7.5,Moderate
Hataraku Maou-sama!,2013,43.0,Not Rated,Animation,"Ryôta Ôsaka, Yôko Hikasa, Nao Tôyama, Yuki Ono",7.7,Moderate
Beecham House,2019,43.0,Not Rated,Drama,"Tom Bateman, Lesley Nicol, Leo Suter, Dakota Blue Richards",6.7,Low
The Fresh Beat Band,2009,43.0,Not Rated,Family,"Jon Beavers, Yvette Gonzalez-Nacer, Thomas Hobson, Dioni Michelle Collins",6.3,Low
Batman: The Brave and the Bold,2008,43.0,Not Rated,Animation,"Diedrich Bader, John DiMaggio, James Arnold Taylor, Dee Bradley Baker",7.3,Moderate
Living with Fran,2005,43.0,Not Rated,Comedy,"Fran Drescher, Ryan McPartlin, Misti Traya, Ben Feldman",5.9,Low
The Flemish Bandits,2018,45.0,Not Rated,Adventure,"Matteo Simoni, Stef Aerts, Jeroen Perceval, Dirk Roofthooft",6.8,Low
Trust Me,2017,55.0,Not Rated,Drama,"Jodie Whittaker, Emun Elliott, Lois Chimimba, Summer Mason",7.0,Moderate
Training Day,2017,42.0,Not Rated,Action,"Bill Paxton, Justin Cornwell, Katrina Law, Drew Van Acker",6.0,Low
Missions,2017,26.0,Not Rated,Drama,"Giorgia Sinicorni, Ben Homewood, Hélène Viviès, Clément Aubert",6.7,Low
Life with Derek,2005,22.0,Not Rated,Comedy,"Michael Seater, Ashley Leggat, Jordan Todosey, Daniel Magder",7.3,Moderate
Hellcats,2010,60.0,Not Rated,Comedy,"Aly Michalka, Ashley Tisdale, Robbie Jones, Heather Hemmens",6.7,Low
Everyone Is Doing Great,2018,37.0,Not Rated,Comedy,"James Lafferty, Stephen Colletti, Alexandra Park, Cariba Heine",7.7,Moderate
How to Make It in America,2010,30.0,Not Rated,Comedy,"Bryan Greenberg, Victor Rasuk, Lake Bell, Eddie Kaye Thomas",7.9,Moderate
Klem,2017,45.0,Not Rated,Drama,"Barry Atsma, Jacob Derwig, Georgina Verbaan, Marie-Mae van Zuilen",7.8,Moderate
Modus,2015,45.0,Not Rated,Crime,"Melinda Kinnaman, Henrik Norlén, Esmeralda Struwe, Simon J. Berger",6.8,Low
Sugar Rush,2005,24.0,Not Rated,Drama,"Olivia Hallinan, Lenora Crichlow, Richard Lumsden, Sara Stewart",7.7,Moderate
Free!,2013,24.0,Not Rated,Animation,"Jamie Marchi, Johnny Yong Bosch, Akeno Watanabe, Nobunaga Shimazaki",7.4,Moderate
Mars,2016,60.0,Not Rated,Adventure,"Jihae, Alberto Ammann, Clémentine Poidatz, Sammi Rotibi",7.5,Moderate
Mum,2016,30.0,Not Rated,Comedy,"Lesley Manville, Peter Mullan, Sam Swainsbury, Lisa McGrillis",8.2,High
A Gifted Man,2011,45.0,Not Rated,Drama,"Patrick Wilson, Jennifer Ehle, Margo Martindale, Pablo Schreiber",7.0,Moderate
See No Evil,2014,43.0,Not Rated,Documentary,"Ross Huguet, Danielle Powers, Matthew MacCallum, Drew Riedstra",8.0,High
O Negócio,2013,51.0,Not Rated,Comedy,"Rafaela Mandelli, Juliana Schalch, Michelle Batista, Gabriel Godoy",8.1,High
Last Chance U,2016,55.0,Not Rated,Documentary,"Ron Ollie, John III Franklin, Buddy Stephens, Brittany Wagner",8.4,High
The Young Offenders,2018,30.0,Not Rated,Comedy,"Alex Murphy, Chris Walley, Hilary Rose, Dominic MacHale",8.0,High
Payitaht Abdülhamid,2017,120.0,Not Rated,Action,"Bülent Inal, Bahadir Yenisehirlioglu, Hakan Boyav, Duygu Gürcan",5.3,Low
De Twaalf,2019,50.0,Not Rated,Drama,"Luc De Ruelle, Maaike Neuville, Tom Vermeir, Peter Gorissen",7.5,Moderate
Sisyphus,2017,44.0,Not Rated,Fantasy,"Lee Aggiem, Ruoxuan Chen, Cui De",5.5,Low
Satisfaction,2014,70.0,Not Rated,Drama,"Matt Passmore, Stephanie Szostak, Blair Redford, Katherine LaNasa",7.2,Moderate
Tiempos de guerra,2017,22.0,Not Rated,Drama,"Amaia Salamanca, Álex García, Verónica Sánchez, Álex Gadea",7.6,Moderate
Sirens,2014,11.0,Not Rated,Comedy,"Michael Mosley, Kevin Daniels, Kevin Bigley, Jessica McNamee",7.8,Moderate
Sonic Boom,2014,60.0,Not Rated,Animation,"Roger Craig Smith, Cindy Robinson, ""Colleen OShaughnessey"", Travis Willingham",7.0,Moderate
Worst Cooks in America,2010,42.0,Not Rated,Comedy,"Anne Burrell, Tyler Florence, Bobby Flay, Rachael Ray",6.4,Low
Valor,2017,60.0,Not Rated,Drama,"Christina Ochoa, Matt Barr, Charlie Barnett, Nigel Thatch",6.0,Low
Stalker,2014,22.0,Not Rated,Crime,"Dylan McDermott, Maggie Q, Victor Rasuk, Mariana Klaveno",7.5,Moderate
Samantha Who?,2007,30.0,Not Rated,Comedy,"Christina Applegate, Jennifer Esposito, Kevin Dunn, Melissa McCarthy",7.3,Moderate
Psychoville,2009,26.0,Not Rated,Comedy,"Reece Shearsmith, Steve Pemberton, Daniel Kaluuya, Daisy Haggard",7.9,Moderate
Wild Kratts,2010,45.0,Not Rated,Animation,"Chris Kratt, Martin Kratt, Jonathan Malen, Athena Karkanis",7.7,Moderate
Delicious,2016,30.0,Not Rated,Comedy,"Iain Glen, Dawn French, Emilia Fox, Tanya Reynolds",7.0,Moderate
The Haunted Hathaways,2013,22.0,Not Rated,Comedy,"Chico Benymon, Ginifer King, Amber Frank, Breanna Yde",5.2,Low
Guardians of the Galaxy,2015,120.0,Not Rated,Animation,"Kevin Michael Richardson, Vanessa Marshall, David Sobolov, Will Friedle",7.3,Moderate
Bu Sehir Arkandan Gelecek,2017,43.0,Not Rated,Drama,"Kerem Bürsin, Gürkan Uygun, Leyla Lydia Tugutlu, Osman Alkas",6.2,Low
Resurrection,2013,25.0,Not Rated,Drama,"Omar Epps, Frances Fisher, Matt Craven, Devin Kelley",7.3,Moderate
Magi: The Labyrinth of Magic,2012,42.0,Not Rated,Animation,"Kaori Ishihara, Yûki Kaji, Haruka Tomatsu, Erik Scott Kimerer",7.8,Moderate
Undercover Billionaire,2019,60.0,Not Rated,Reality-TV,"Grant Cardone, Elaine Culotti, Monique Mosley, Glenn Stearns",7.6,Moderate
Murphy's Law,2003,172.0,Not Rated,Crime,"James Nesbitt, Del Synnott, Claudia Harrison, Mark Benton",7.7,Moderate
The Trip,2010,40.0,Not Rated,Comedy,"Steve Coogan, Rob Brydon, Claire Keelan, Rebecca Johnson",8.0,High
Yankee,2019,30.0,Not Rated,Drama,"Pablo Lyle, Ana Layevska, Pamela Almanza, Sebastián Ferrat",5.9,Low
Fam,2019,60.0,Not Rated,Comedy,"Nina Dobrev, Tone Bell, Odessa A’zion, Sheryl Lee Ralph",6.2,Low
Duck Dynasty,2012,44.0,Not Rated,Comedy,"Jase Robertson, Si Robertson, Willie Robertson, Korie Robertson",6.2,Low
Crikey! It's the Irwins,2018,60.0,Not Rated,Documentary,"Terri Irwin, Bindi Irwin, Robert Clarence Irwin, Chandler Powell",8.4,High
Intervention,2005,11.0,Not Rated,Documentary,"Candy Finnigan, Jeff VanVonderen, Ken Seeley, Donna Chavous",7.8,Moderate
Mount Pleasant,2011,18.0,Not Rated,Comedy,"Sally Lindsay, Daniel Ryan, Ainsley Howard, Neil Fitzmaurice",7.4,Moderate
Dream Corp LLC,2016,3.0,Not Rated,Comedy,"Jon Gries, Nicholas Rutherford, Ahmed Bharoocha, Mark Proksch",7.2,Moderate
Explained,2018,45.0,Not Rated,Documentary,"Estelle Caswell, Maria Bello, Kristen Bell, Rachel Bloom",8.1,High
Gay of Thrones,2013,43.0,Not Rated,Comedy,"Jonathan Van Ness, Jeffery Self, Bryan Safi, Erin Gibson",5.8,Low
When Heroes Fly,2018,70.0,Not Rated,Action,"Tomer Capon, Ninet Tayeb, Michael Aloni, Nadav Netz",7.2,Moderate
Camp,2013,42.0,Not Rated,Comedy,"Rachel Griffiths, Thom Green, Dena Kaplan, Tim Pocock",7.3,Moderate
Byuti Insaideu,2018,42.0,Not Rated,Drama,"Hyeon-jin Seo, Lee Min-ki, Lee Da-hee, Ahn Jae-Hyun",7.5,Moderate
Dr. Pimple Popper,2018,120.0,Not Rated,Reality-TV,"Sandra Lee, Lucinda Buescher, Kevin Olaeta, Jeffrey Rebish",6.8,Low
Love Island,2019,43.0,Not Rated,Reality-TV,"Matthew Hoffman, Kaitlynn Anderson, Mackenzie Dipman, Moira Tumas",5.0,Low
Älska mig,2019,30.0,Not Rated,Comedy,"Josephine Bornebusch, Johan Ulveson, Gustav Lindh, Sverrir Gudnason",7.9,Moderate
Married at First Sight Australia,2015,30.0,Not Rated,Reality-TV,"Tracey Jewel, Sarah Roza, Gabrielle Bartlett, Erin Bateman",5.0,Low
Muhtesem Yüzyil: Kösem,2015,23.0,Not Rated,Drama,"Hakan Sahin, Sener Savas, Nurgül Yesilçay, Ece Çesmioglu",6.3,Low
Paranormal Caught on Camera,2019,120.0,Not Rated,Documentary,"Brian J. Cano, Mark Moran, Sapphire Sandalo, Susan Slaughter",6.1,Low
Sex Games Vegas,2005,60.0,Not Rated,Drama,"Chloe Nicole, Daniel D. Anderson, Glen Meadows, Michelle Lay",6.2,Low
Life's Too Short,2011,45.0,Not Rated,Comedy,"Warwick Davis, Ricky Gervais, Stephen Merchant, Rosamund Hanson",7.5,Moderate
IMDb Supercuts,2018,30.0,Not Rated,Documentary,Unknown,5.9,Low
Kamisama hajimemashita,2012,60.0,Not Rated,Animation,"Tia Lynn Ballard, Luci Christian, J. Michael Tatum, Josh Grelle",8.1,High
All Elite Wrestling: Dynamite,2019,10.0,Not Rated,Action,"Tony Schiavone, Chris Jericho, Aubrey Edwards, BrookLynn Ramsey",8.6,High
Cinderellawa Ne Myungui Gisa,2016,60.0,Not Rated,Comedy,"Il-Woo Jung, Ahn Jae-Hyun, So-dam Park, Jung Shin Lee",7.4,Moderate
The King's Avatar,2019,43.0,Not Rated,Action,"Yang Yang, Kei Gambit, Shuying Jiang, Daisy Li",8.2,High
Sally4Ever,2018,60.0,Not Rated,Comedy,"Julian Barratt, Julia Davis, Felicity Montagu, Catherine Shepherd",6.6,Low
Chase,2010,60.0,Not Rated,Action,"Kelli Giddish, Cole Hauser, Jesse Metcalfe, Amaury Nolasco",7.1,Moderate
Star Trek: Short Treks,2018,25.0,Not Rated,Short,"Anson Mount, Ethan Peck, Rebecca Romijn, Jenette Goldstein",7.0,Moderate
Eli Stone,2008,47.0,Not Rated,Comedy,"Jonny Lee Miller, Natasha Henstridge, Loretta Devine, Matt Letscher",7.7,Moderate
Deadly Women,2008,35.0,Not Rated,Documentary,"Lynnanne Zager, Candice DeLong, Janis Amatuzio, Paul Godfrey",8.0,High
Goo-hae-jwo,2017,110.0,Not Rated,Mystery,"Jo Jae-yoon, Ho-jin Chun, Tae-goo Eom, Esom",8.1,High
The Apprentice,2004,22.0,Not Rated,Game-Show,"Donald Trump, Kendra Todd, Tana Goertz, Ivanka Trump",4.8,Low
Ultraman,2019,24.0,Not Rated,Animation,"Josh Hutcherson, Ryohei Kimura, D.C. Douglas, Takuya Eguchi",6.9,Low
Keizersvrouwen,2019,22.0,Not Rated,Crime,"Karina Smulders, Susan Radder, Matteo van der Grijn, Kit Sheehan",6.2,Low
Bombam,2019,24.0,Not Rated,Drama,"Jung Hae-In, Han Ji-min, Jun-han Kim, Yi-An Ha",7.9,Moderate
Filinta,2014,21.0,Not Rated,History,"Cem Uçan, Onur Tuna, Gökhan Bozkurt, Kamil Güler",6.8,Low
Mahouka koukou no rettousei,2014,30.0,Not Rated,Animation,"Yûichi Nakamura, Saori Hayami, Yumi Uchiyama, Kana Hanazawa",7.2,Moderate
Zombieland Saga,2018,27.0,Not Rated,Animation,"Rika Kinugawa, Kaede Hondo, Asami Tano, Risa Taneda",7.0,Moderate
The Girls Next Door,2005,60.0,Not Rated,Comedy,"Hugh Hefner, Holly Madison, Bridget Marquardt, Kendra Wilkinson",5.4,Low
8 Out of 10 Cats,2005,30.0,Not Rated,Comedy,"Jimmy Carr, John Pohlhammer, Sean Lock, Jon Richardson",7.7,Moderate
Permanent Roommates,2014,20.0,Not Rated,Comedy,"Sumeet Vyas, Nidhi Singh, Deepak Kumar Mishra, Shishir Sharma",8.6,High
Running Wilde,2010,47.0,Not Rated,Comedy,"Will Arnett, Keri Russell, Stefania LaVie Owen, Mel Rodriguez",6.8,Low
Plan Coeur,2018,11.0,Not Rated,Comedy,"Joséphine Draï, Zita Hanrot, Sabrina Ouazani, Marc Ruchmann",7.2,Moderate
Wicked Tuna,2012,60.0,Not Rated,Reality-TV,"Dave Marciano, Rob Naughton, Dave Carraro, Timothy James Ott",6.6,Low
The Heights,2019,11.0,Not Rated,Drama,"Shari Sebbens, Calen Tassone, Roz Hammond, Bridie McKim",6.7,Low
The Crazy Ones,2013,120.0,Not Rated,Comedy,"Robin Williams, Sarah Michelle Gellar, James Wolk, Hamish Linklater",7.1,Moderate
One Strange Rock,2018,50.0,Not Rated,Documentary,"Will Smith, Chris Hadfield, Jerry Linenger, Mae C. Jemison",8.8,High
Your Pretty Face Is Going to Hell,2013,44.0,Not Rated,Comedy,"Matt Servitto, Henry Zebrowski, Craig Rowin, Hunter Womack",7.7,Moderate
Blade: The Series,2006,42.0,Not Rated,Action,"Sticky Fingaz, Jill Wagner, Nelson Lee, Jessica Gower",6.3,Low
Alvinnn!!! And the Chipmunks,2015,23.0,Not Rated,Animation,"Ross Bagdasarian Jr., Janice Karman, Vanessa Bagdasarian, Bettina Kenney",4.5,Low
Öyle Bir Geçer Zaman ki,2010,30.0,Not Rated,Adventure,"Ayça Bingöl, Yildiz Çagri Atiksoy, Aras Bulut Iynemli, Mete Horozoglu",6.8,Low
Hatufim,2009,22.0,Not Rated,Drama,"Ishai Golan, Yoram Toledano, Yaël Abecassis, Mili Avital",8.4,High
Ringer,2011,23.0,Not Rated,Crime,"Sarah Michelle Gellar, Kristoffer Polaha, Ioan Gruffudd, Nestor Carbonell",6.9,Low
Famous in Love,2017,23.0,Not Rated,Drama,"Bella Thorne, Charlie DePew, Carter Jenkins, Georgie Flores",6.9,Low
Muppet Babies,2018,60.0,Not Rated,Animation,"Matt Danner, Dee Bradley Baker, Eric Bauza, Melanie Harrison",6.9,Low
All Grown Up!,2003,60.0,Not Rated,Animation,"Elizabeth Daily, Kath Soucie, Nancy Cartwright, Tara Strong",5.5,Low
The Millers,2013,30.0,Not Rated,Comedy,"J.B. Smoove, Margo Martindale, Will Arnett, Nelson Franklin",6.0,Low
The Tick,2001,24.0,Not Rated,Action,"Patrick Warburton, David Burke, Liz Vassey, Nestor Carbonell",7.8,Moderate
The Naked Brothers Band,2007,42.0,Not Rated,Comedy,"Nat Wolff, Alex Wolff, Thomas Batuello, Allie DiMeco",3.4,Low
The Red Road,2014,70.0,Not Rated,Crime,"Martin Henderson, Jason Momoa, Julianne Nicholson, Tamara Tunie",7.4,Moderate
Damien,2016,60.0,Not Rated,Drama,"Bradley James, Megalyn Echikunwoke, Omid Abtahi, Barbara Hershey",6.9,Low
The New Normal,2012,45.0,Not Rated,Comedy,"Justin Bartha, Andrew Rannells, Georgia King, Bebe Wood",6.9,Low
Higurashi no naku koro ni,2006,22.0,Not Rated,Animation,"Rebecca Forstadt, Megan Hollingshead, John Snyder, Sôichirô Hoshi",7.9,Moderate
American Idol: The Search for a Superstar,2002,24.0,Not Rated,Game-Show,"Ryan Seacrest, Mark Thompson, Randy Jackson, Simon Cowell",4.1,Low
The Feed,2019,60.0,Not Rated,Drama,"Guy Burnet, David Thewlis, Shaquille Ali-Yebuah, Michelle Fairley",6.3,Low
The Startup,2015,120.0,Not Rated,Comedy,"Parvesh Cheena, Peter Shinkoda, Julia Carpenter, Bryan Coffee",7.4,Moderate
Habaekui Shinboo,2017,60.0,Not Rated,Fantasy,"Nam Joo-Hyuk, Ju-hwan Lim, Kyu Sun Park, Shin Se-Kyung",6.9,Low
Wonderfalls,2004,60.0,Not Rated,Comedy,"Caroline Dhavernas, Katie Finneran, Tyron Leitso, William Sadler",8.2,High
Put Your Head on My Shoulder,2019,30.0,Not Rated,Comedy,"Xing Fei, Lin Yi, Tara Clance, Jingjing Chen",8.0,High
Solsidan,2010,60.0,Not Rated,Comedy,"Felix Herngren, Mia Skäringer, Johan Rheborg, Josephine Bornebusch",8.1,High
Unfabulous,2004,30.0,Not Rated,Comedy,"Emma Roberts, Melise, Jordan Calloway, Brandon Kelly",6.3,Low
Joan of Arcadia,2003,60.0,Not Rated,Comedy,"Amber Tamblyn, Joe Mantegna, Mary Steenburgen, Jason Ritter",7.0,Moderate
Zalim Istanbul,2019,60.0,Not Rated,Drama,"Fikret Kuskan, Deniz Ugur, Ozan Dolunay, Sera Kutlubey",5.7,Low
The Family,2016,25.0,Not Rated,Drama,"Joan Allen, Rupert Graves, Alison Pill, Margot Bingham",7.5,Moderate
Mercy,2009,11.0,Not Rated,Drama,"Taylor Schilling, Michelle Trachtenberg, Jaime Lee Kirchner, James Tupper",7.1,Moderate
Haters Back Off!,2016,24.0,Not Rated,Comedy,"Colleen Ballinger, Angela Kinsey, Francesca Reale, Erik Stocklin",6.0,Low
Eye Candy,2015,60.0,Not Rated,Crime,"Victoria Justice, Casey Deidrick, Harvey Guillén, Marcus Callender",7.2,Moderate
Dating #NoFilter,2019,21.0,Not Rated,Reality-TV,"Cara Connors, Reante Brown, Nina Parker, Kelsey Darragh",7.3,Moderate
The Brink,2015,30.0,Not Rated,Comedy,"Jack Black, Tim Robbins, Pablo Schreiber, Aasif Mandvi",7.8,Moderate
Oh Naui Gwishinnim,2015,58.0,Not Rated,Comedy,"Park Bo-Young, Jo Jung-Suk, Ju-hwan Lim, Seul-gi Kim",8.1,High
The Powerpuff Girls,2016,30.0,Not Rated,Animation,"Nicolas Cantu, Kyla Rae Kowalewski, Amanda Leighton, Natalie Palamides",3.6,Low
Find Me in Paris,2018,60.0,Not Rated,Comedy,"Jessica Lord, Rik Young, Caitlin-Rose Lacey, Eubha Akilade",7.2,Moderate
The Shivering Truth,2018,60.0,Not Rated,Animation,"Vernon Chatman, Janeane Garofalo, Zadie, Rachel Butera",8.1,High
Team Umizoomi,2010,45.0,Not Rated,Animation,"Donovan Patton, P.T. Walkley, Ethan Kempner, Madeleine Yen",6.0,Low
Tarzan,2003,42.0,Not Rated,Action,"Travis Fimmel, Sarah Wayne Callies, Miguel A. Núñez Jr., Mitch Pileggi",6.6,Low
Carol's Second Act,2019,44.0,Not Rated,Comedy,"Patricia Heaton, Ito Aghayere, Lucas Neff, Jean-Luc Bilodeau",5.7,Low
The Job Lot,2013,30.0,Not Rated,Comedy,"Sarah Hadland, Russell Tovey, Angela Curran, Jo Enright",7.1,Moderate
Dirk Gently,2010,30.0,Not Rated,Comedy,"Stephen Mangan, Darren Boyd, Lisa Jackson, Jason Watkins",7.7,Moderate
Boku dake ga inai machi,2017,12.0,Not Rated,Drama,"Yûki Furukawa, Tomoka Kurotani, Reo Uchikawa, Brenda Joan Wong",7.9,Moderate
The Voice,2011,28.0,Not Rated,Game-Show,"Blake Shelton, Carson Daly, Adam Levine, Christina Aguilera",6.5,Low
Island of Bryan,2019,42.0,Not Rated,Adventure,"Bryan Baeumler, Sarah Baeumler, Charlotte Baeumler, Lincoln Baeumler",6.9,Low
Class,2016,22.0,Not Rated,Drama,"Katherine Kelly, Greg Austin, Jordan Renzo, Fady Elsayed",6.9,Low
Second Chance,2016,30.0,Not Rated,Drama,"Robert Kazinsky, Dilshad Vadsaria, Adhir Kalyan, Ciara Bravo",7.5,Moderate
El Final del Paraíso,2019,30.0,Not Rated,Action,"Carmen Villalobos, Kimberly Reyes, Fabián Ríos, Gregorio Pernía",5.6,Low
Whitney,2011,2.0,Not Rated,Comedy,"Whitney Cummings, ""Chris DElia"", Rhea Seehorn, Zoe Lister-Jones",5.7,Low
Forbidden Science,2009,22.0,Not Rated,Drama,"Vanessa Broze, Joanne Alderson, Levi Freeman, Noelle DuBois",5.4,Low
Good Mythical Morning,2012,30.0,Not Rated,Comedy,"Rhett McLaughlin, Link Neal, Stevie Wynne Levine, Chase Hilt",8.6,High
Jamie Johnson,2016,24.0,Not Rated,Family,"Louis Dunn, Jonnie Kimmins, Patrick Ward, Tim Dantay",6.6,Low
Cold Courage,2020,40.0,Not Rated,Crime,"Sofia Pekkari, Pihla Viitala, John Simm, Arsher Ali",7.2,Moderate
Hostages,2019,90.0,Not Rated,Crime,"Ronit Roy, Tisca Chopra, Mohan Kapur, Aashim Gulati",6.9,Low
Taarak Mehta Ka Ooltah Chashmah,2008,21.0,Not Rated,Comedy,"Dilip Joshi, Disha Vakani, Amit Bhatt, Sailesh Lodha",8.1,High
Pulling,2006,60.0,Not Rated,Comedy,"Sharon Horgan, Tanya Franks, Rebekah Staton, Cavan Clerkin",8.0,High
Men at Work,2012,22.0,Not Rated,Comedy,"Danny Masterson, Michael Cassidy, Adam Busch, James Lesure",7.1,Moderate
Princess Rap Battle,2014,22.0,Not Rated,Short,"Whitney Avalon, Alyssa Preston, Ryan McCartan, ""Jim OHeir""",8.1,High
101 Dalmatian Street,2018,42.0,Not Rated,Animation,"Josh Brener, Michaela Dietz, Bert Davis, Abigail Zoe Lewis",6.2,Low
The Chef Show,2019,60.0,Not Rated,Documentary,"Jon Favreau, Roy Choi, Aaron Franklin, Andrew Rea",8.2,High
Gôruden taimu,2013,43.0,Not Rated,Animation,"Yui Horie, Makoto Furukawa, Mike Haimoto, Ai Kayano",7.6,Moderate
Mortel,2019,30.0,Not Rated,Crime,"Ryan Cargill, Georgina Elizabeth Okon, Carl Malapa, Némo Schiffman",6.6,Low
Capitaine Marleau,2014,26.0,Not Rated,Comedy,"Corinne Masiero, Jean-Claude Drouot, Aymeric Demarigny, Jacques Spiesser",6.8,Low
Hot Sluts,2009,45.0,Not Rated,Comedy,"Alison Brie, Angela Sarafyan, Beth Dover, Shvona Lavette Chung",5.4,Low
Yasamayanlar,2018,60.0,Not Rated,Action,"Elçin Sangu, Kerem Bürsin, Birkan Sokullu, Selma Ergeç",5.3,Low
Undateable,2014,30.0,Not Rated,Comedy,"""Chris DElia"", Brent Morin, Bianca Kajlich, Ron Funches",7.3,Moderate
Spicks and Specks,2005,22.0,Not Rated,Comedy,"Adam Hills, Alan Brough, Myf Warhurst, ""Dave ONeil""",8.0,High
Der Usedom-Krimi,2014,22.0,Not Rated,Crime,"Max Hopp, Rainer Sellien, Katrin Saß, Peter Schneider",6.8,Low
Thunderbirds Are Go,2015,25.0,Not Rated,Animation,"Thomas Brodie-Sangster, Rasmus Hardiker, David Menkin, Kayvan Novak",6.8,Low
The Returned,2015,30.0,Not Rated,Drama,"Kevin Alejandro, Agnes Bruckner, India Ennenga, Sandrine Holt",7.1,Moderate
River City,2002,46.0,Not Rated,Drama,"Scott Vickers, Gary Lamont, Rian Gordon, Holly Jack",5.9,Low
Married to Medicine,2013,10.0,Not Rated,Reality-TV,"Quad Webb-Lunceford, Jacqueline Walters, Simone Whitmore, Mariah Huq",5.3,Low
I'm in the Band,2009,30.0,Not Rated,Comedy,"Logan Miller, Steve Valentine, Stephen Full, Greg Baker",6.6,Low
Two Pints of Lager and a Packet of Crisps,2001,25.0,Not Rated,Comedy,"Will Mellor, Natalie Casey, Sheridan Smith, Kathryn Drysdale",7.1,Moderate
Terriers,2010,29.0,Not Rated,Comedy,"Donal Logue, Michael Raymond-James, Laura Allen, Kimberly Quinn",8.4,High
666 Park Avenue,2012,43.0,Not Rated,Drama,"Rachael Taylor, Dave Annable, Robert Buckley, Samantha Logan",6.8,Low
Animals.,2016,38.0,Not Rated,Animation,"Phil Matarese, Mike Luciano, Neil Casey, Katie Aselton",7.3,Moderate
Deadbeat,2014,30.0,Not Rated,Comedy,"Tyler Labine, Lucy DeVito, Brandon T. Jackson, Cat Deeley",7.4,Moderate
The Hillywood Show,2006,60.0,Not Rated,Short,"Hilly Hindi, Hannah Hindi, Drew Lorentz, Osric Chau",8.6,High
Grandfathered,2015,24.0,Not Rated,Comedy,"John Stamos, Paget Brewster, Josh Peck, Christina Milian",6.9,Low
Hello Mini,2019,22.0,Not Rated,Thriller,"Anuja Joshi, Mrinal Dutt, Anshul Pandey, Anjuman Saxena",9.0,High
Still Open All Hours,2013,60.0,Not Rated,Comedy,"James Baxter, Stephanie Cole, Brigit Forsyth, David Jason",6.4,Low
Diablo Guardián,2018,22.0,Not Rated,Action,"Paulina Gaitan, Adrian Ladron, Andrés Almeida, Armando Espitia",6.2,Low
13 Geboden,2017,30.0,Not Rated,Crime,"Dirk van Dijck, Marie Vinck, Karlijn Sileghem, Line Pillet",7.0,Moderate
Stargate Origins,2018,60.0,Not Rated,Short,"Ellie Gall, Aylam Orian, Philip Alexander, Shvan Aladdin",3.9,Low
Curious George,2006,11.0,Not Rated,Animation,"Jeff Bennett, Frank Welker, Rino Romano, Jim Cummings",7.2,Moderate
Sangatsu no Lion,2016,24.0,Not Rated,Animation,"Kengo Kawanishi, Khoi Dao, Ai Kayano, Kana Hanazawa",8.4,High
Home for Christmas,2019,23.0,Not Rated,Comedy,"Ida Elise Broch, Gabrielle Leithaug, Hege Schøyen, Dennis Storhøi",7.7,Moderate
Ravenswood,2013,29.0,Not Rated,Drama,"Nicole Gale Anderson, Tyler Blackburn, Steven Cabral, Brett Dier",6.5,Low
Rust Valley Restorers,2018,30.0,Not Rated,Documentary,"Michael Daingerfield, Connor Hall, Mike Hall, Avery Shoaf",7.8,Moderate
Craig Ross Jr.'s Monogamy,2018,60.0,Not Rated,Drama,"Jill Marie Jones, Vanessa Simmons, Darius McCrary, Caryn Ward",7.1,Moderate
El Recluso,2018,45.0,Not Rated,Drama,"Ignacio Serricchio, Ana Claudia Talancón, Flavio Medina, Luis Felipe Tovar",7.0,Moderate
Kobayashi-san Chi No Maid Dragon,2017,22.0,Not Rated,Animation,"Mutsumi Tamura, Yuuki Kuwahara, Maria Naganawa, Kerstin Julia Dietrich",7.7,Moderate
Richie Rich,2015,11.0,Not Rated,Comedy,"Jake Brennan, Lauren Taylor, Joshua Carlon, Jenna Ortega",3.3,Low
Bruh,2019,44.0,Not Rated,Comedy,"Mahdi Cocci, Alyssa Goss, Phillip Mullings Jr., Monti Washington",4.1,Low
When Hope Calls,2019,52.0,Not Rated,Drama,"Morgan Kohan, Jocelyn Hudon, Ryan-James Hatanaka, Greg Hovanessian",8.1,High
Press Your Luck,2019,80.0,Not Rated,Game-Show,"Elizabeth Banks, Neil Ross, Cathy Cisneros, Theodore Cooper",6.2,Low
Dino Dana,2017,140.0,Not Rated,Short,"Michela Luci, Saara Chaudry, Amish Patel, Nicola Correia-Damude",7.2,Moderate
Lady Dynamite,2016,60.0,Not Rated,Comedy,"Maria Bamford, Fred Melamed, Mary Kay Place, Ana Gasteyer",7.4,Moderate
Strangers,2018,43.0,Not Rated,Crime,"John Simm, Anthony Chau-Sang Wong, Katie Leung, Rosalind Halstead",6.4,Low
Chowder,2007,44.0,Not Rated,Animation,"Nicky Jones, Dwight Schultz, John DiMaggio, Tara Strong",7.3,Moderate
Kureimoa,2007,65.0,Not Rated,Animation,"Todd Haberkorn, Stephanie Young, Houko Kuwashima, Cherami Leigh",8.0,High
The Last Kids on Earth,2019,41.0,Not Rated,Animation,"Nick Wolfhard, Montse Hernandez, Garland Whitt, Charles Demers",7.4,Moderate
Shaman Kingu,2001,45.0,Not Rated,Animation,"Oliver Wyman, Andrew Rannells, Michael Sinterniklaas, Megumi Hayashibara",8.1,High
Hello Ladies,2013,50.0,Not Rated,Comedy,"Stephen Merchant, Christine Woods, Nate Torrence, Kevin Weisman",7.4,Moderate
Lehiyot Ita,2013,60.0,Not Rated,Comedy,"Avraham Aviv Alush, Rotem Sela, Mark Ivanir, Hila Saada",8.0,High
Dani Who?,2019,35.0,Not Rated,Mystery,"Julia Urbini, Rodrigo Murray, Silvia Carusillo, Yoshira Escárrega",8.1,High
Farouk Omar,2012,11.0,Not Rated,Biography,"Samer Ismail, Assad Khalifa, Fethi Haddaoui, Mohamad S. Alrefai",9.2,High
Pete the Cat,2017,24.0,Not Rated,Animation,"Jacob Tremblay, Don Was, Alyson Stoner, Atticus Shaffer",7.6,Moderate
Total Dramarama,2018,60.0,Not Rated,Animation,"Drew Nelson, Wyatt White, Deven Christian Mack, Scott McCord",4.0,Low
No te puedes esconder,2019,43.0,Not Rated,Action,"Blanca Soto, Eduardo Noriega, Iván Sánchez, Maribel Verdú",6.5,Low
TharnType,2019,23.0,Not Rated,Romance,"Suppasit Jongcheveevat, Kanawut Traipipattanapong, Suttinut Uengtrakul, Kittipat Kaewcharoen",8.3,High
Los hombres de Paco,2005,22.0,Not Rated,Action,"Paco Tous, Pepón Nieto, Carlos Santos, Neus Sanz",7.0,Moderate
Kördügüm,2016,23.0,Not Rated,Drama,"Ibrahim Celikkol, Alican Yücesoy, Belçim Bilgin, Rojda Demirer",6.6,Low
The Fix,2019,23.0,Not Rated,Crime,"Robin Tunney, Adam Rayner, Merrin Dungey, Breckin Meyer",6.6,Low
Wonderland,2013,60.0,Not Rated,Drama,"Anna Bamford, Michael Dorman, Emma Lung, Tracy Mann",7.7,Moderate
Fear Thy Neighbor,2014,15.0,Not Rated,Action,"Tish Iceton, David Bacque, Craig Cyr, Drew Riedstra",7.6,Moderate
Gold Rush: Dave Turin's Lost Mine,2019,43.0,Not Rated,Reality-TV,"Dave Turin, Paul Christie, Jason Sanchez, Chris Taylor",6.7,Low
Good Doctor,2013,42.0,Not Rated,Drama,"Joo Won, Moon Chae-Won, Sang-uk Joo, Gyo-jin In",8.1,High
Marseille,2016,60.0,Not Rated,Drama,"Karen Strassman, Anne Yatco, Gérard Depardieu, Benoît Magimel",6.9,Low
Ashes of Love,2018,120.0,Not Rated,Comedy,"Yuqi Chen, Allen Deng, Zhonghua He, Liao Jingfeng",8.4,High
Beau Séjour,2016,60.0,Not Rated,Crime,"Lynn Van Royen, Inge Paulussen, Jan Hammenecker, Kris Cuppens",7.7,Moderate
RuPaul's Drag Race UK,2019,24.0,Not Rated,Game-Show,"Michelle Visage, RuPaul, Graham Norton, Lawrence Chaney",8.4,High
Eojjeoda Balgyeonhan Haru,2019,30.0,Not Rated,Comedy,"Kim Hye-Yoon, Ro-Woon Kim, Jae-Wook Lee, Na-Eun Lee",7.9,Moderate
The Great British Sewing Bee,2013,60.0,Not Rated,Reality-TV,"Patrick Grant, Esme Young, Joe Lycett, Claudia Winkleman",7.7,Moderate
Scott The Woz,2017,40.0,Not Rated,Comedy,"Scott Wozniak, Sam Essig, Eric Turney, Dominic Mattero",9.1,High
Mo Dao Zu Shi,2018,60.0,Not Rated,Animation,"Jiang Bian, Kei Gambit, Ketsu",8.6,High
Motive,2013,90.0,Not Rated,Crime,"Kristin Lehman, Louis Ferreira, Brendan Penny, Lauren Holly",7.4,Moderate
The Chase,2009,30.0,Not Rated,Comedy,"Bradley Walsh, Shaun Wallace, Mark Labbett, Anne Hegerty",7.0,Moderate
An Idiot Abroad,2010,60.0,Not Rated,Documentary,"Karl Pilkington, Ricky Gervais, Stephen Merchant, Luke Campbell",8.3,High
Supernatural: The Animation,2011,21.0,Not Rated,Animation,"Jared Padalecki, Annakin Slayd, Hiroki Touchi, Yûya Uchida",7.4,Moderate
Chosen,2013,42.0,Not Rated,Action,"Caitlin Carmichael, Chad Michael Murray, Nicky Whelan, Sarah Roemer",7.4,Moderate
Yo Gabba Gabba!,2007,120.0,Not Rated,Comedy,"Lance Robertson, Amos Watene, Adam Deibert, Emma Penrose",6.8,Low
Kawaikereba Hentai demo Suki ni Natte Kuremasu ka?,2019,25.0,Not Rated,Animation,"Clifford Chapin, Jordan Dash Cruz, Kristen McGuire, Emily Neves",6.2,Low
The Village,2019,30.0,Not Rated,Drama,"Moran Atias, Dominic Chianese, Warren Christie, Frankie Faison",7.5,Moderate
The Story of Tracy Beaker,2002,30.0,Not Rated,Comedy,"Dani Harmer, Montanna Thompson, Ciaran Joyce, Ben Hanson",6.6,Low
Red Band Society,2014,85.0,Not Rated,Comedy,"Octavia Spencer, Dave Annable, Astro, Ciara Bravo",7.9,Moderate
The InBESTigators,2019,30.0,Not Rated,Comedy,"Abby Bergman, Anna Cooke, Aston Droomer, Jamil Smyth-Secka",8.1,High
Frequency,2016,11.0,Not Rated,Drama,"Peyton List, Riley Smith, Devin Kelley, Mekhi Phifer",7.5,Moderate
Late Night with Seth Meyers,2014,120.0,Not Rated,Comedy,"Seth Meyers, Fred Armisen, The 8G Band, Ben Warheit",6.1,Low
Bizim Hikaye,2017,23.0,Not Rated,Comedy,"Hazal Kaya, Burak Deniz, Reha Özcan, Yagiz Can Konyali",6.4,Low
The Collection,2016,43.0,Not Rated,Drama,"Richard Coyle, Mamie Gummer, Tom Riley, Alix Poisson",7.1,Moderate
Danger 5,2011,43.0,Not Rated,Action,"David Ashby, Sean James Murphy, Natasa Ristic, Amanda Simons",8.4,High
No Small Parts,2014,43.0,Not Rated,Documentary,"Brandon Hardesty, Ashwini Kulkarni, Shweta Tripathi, Wesley Mann",7.9,Moderate
Holey Moley,2019,43.0,Not Rated,Game-Show,"Joe Tessitore, Rob Riggle, Stephen Curry, Edgar Gonzalez",6.9,Low
Dark/Web,2019,43.0,Not Rated,Horror,"Brian Elerding, Lana McKissack, Michael Nardelli, Sibongile Mlambo",5.5,Low
Living the Dream,2017,43.0,Not Rated,Comedy,"Philip Glenister, Lesley Sharp, Rosie Day, ""Brenock OConnor""",6.7,Low
Irene Huss,2007,43.0,Not Rated,Crime,"Angela Kovacs, Reuben Sallmander, Lars Brandeby, Dag Malmberg",6.6,Low
Bella and the Bulldogs,2015,43.0,Not Rated,Comedy,"Brec Bassinger, Coy Stewart, Jackie Radinsky, Buddy Handleson",5.4,Low
Dystopia,2019,43.0,Not Rated,Sci-Fi,"Michael Copon, Simon Phillips, She, Eve Mauro",4.9,Low
MasterChef,2013,43.0,Not Rated,Reality-TV,"Jordi Cruz, Pepe Rodríguez, Samantha Vallejo-Nágera, Eva González",6.8,Low
Real Husbands of Hollywood,2013,43.0,Not Rated,Comedy,"Kevin Hart, Duane Martin, Nick Cannon, Cynthia Kaye McWilliams",7.6,Moderate
Video Game High School,2012,43.0,Not Rated,Action,"Josh Blaylock, Ellary Porterfield, Johanna Braddy, Jimmy Wong",7.6,Moderate
Deal or No Deal,2005,43.0,Not Rated,Comedy,"Howie Mandel, Patricia Kara, Megan Abrigo, Sara Bronson",5.0,Low
Rozario to banpaia,2008,43.0,Not Rated,Animation,"Daisuke Kishio, Nana Mizuki, Tia Lynn Ballard, Leah Clark",7.0,Moderate
Less Than Perfect,2002,43.0,Not Rated,Comedy,"Sara Rue, Zachary Levi, Andrea Parker, Andy Dick",7.0,Moderate
The Bill Engvall Show,2007,43.0,Not Rated,Comedy,"Bill Engvall, Nancy Travis, Jennifer Lawrence, Graham Patrick Martin",5.6,Low
Garage Sale Mysteries,2013,43.0,Not Rated,Crime,"Lori Loughlin, Sarah Strange, Steve Bacic, ""Kevin OGrady""",7.2,Moderate
Getting On,2013,43.0,Not Rated,Comedy,"Laurie Metcalf, Alex Borstein, Niecy Nash, Mel Rodriguez",7.8,Moderate
"Tim and Eric Awesome Show, Great Job!",2007,43.0,Not Rated,Comedy,"Tim Heidecker, Eric Wareheim, Bob Odenkirk, John C. Reilly",7.5,Moderate
Elimi birakma,2018,43.0,Not Rated,Drama,"Alina Boz, Alp Navruz, Dolunay Soysert, Ebru Aykaç",6.5,Low
How to Stay Married,2018,43.0,Not Rated,Comedy,"Peter Helliar, Lisa McCune, Willow Ryan-Fuller, Vivien Turner",4.9,Low
Sex Chronicles,2008,43.0,Not Rated,Drama,"Patrice Fisher, Johanna Quintero, Laila Odom, Maya Dunbar",5.9,Low
Lab Rats: Elite Force,2016,30.0,Not Rated,Adventure,"William Brent, Bradley Steven Perry, Jake Short, Paris Berelc",6.5,Low
Coisa Mais Linda,2019,45.0,Not Rated,Drama,"Maria Casadevall, Pathy Dejesus, Mel Lisboa, Leandro Lima",7.9,Moderate
I Am a Killer,2018,52.0,Not Rated,Documentary,"Swaylee Loughnane, Reece Putinas, David Galea, Deandra Buchanan",7.4,Moderate
Love O2O,2016,45.0,Not Rated,Drama,"Yang Yang, Shuang Zheng, Denny Huang, Junfeng Niu",8.0,High
Be Careful with My Heart,2012,120.0,Not Rated,Comedy,"Jodi Sta. Maria, Richard Yap, Aiza Seguerra, Mutya Orquia",8.1,High
Istanbullu Gelin,2017,30.0,Not Rated,Comedy,"Özcan Deniz, Asli Enver, Ipek Bilgin, Salih Bademci",6.6,Low
Bondi Rescue,2006,30.0,Not Rated,Documentary,"Osher Günsberg, Dean Gladstone, Bruce Hopkins, ""Trent Maxi Maxwell""",7.6,Moderate
Ugly Americans,2010,58.0,Not Rated,Animation,"Matt Oberg, Natasha Leggero, Kurt Metzger, Randy Pearlstein",8.0,High
Merlí,2015,28.0,Not Rated,Comedy,"Francesc Orella, Pere Ponce, Carlos Cuevas, Marta Marco",8.6,High
M.I.High,2007,24.0,Not Rated,Action,"Chris Stanton, Jonny Freeman, Rachel Petladwala, Channelle Owen",6.2,Low
Shinya shokudô,2009,41.0,Not Rated,Drama,"Kaoru Kobayashi, Mansaku Fuwa, Toshiki Ayata, Shôhei Uno",8.6,High
Frontera Verde,2019,30.0,Not Rated,Crime,"Nelson Camayo, Angela Cano, Juana del Rio, Miguel Dionisio Ramos",7.3,Moderate
Lip Sync Battle,2015,20.0,Not Rated,Music,"C.J. Tyson, LL Cool J, Chrissy Teigen, Amanda Cleghorn",7.3,Moderate
Quantum Break,2016,15.0,Not Rated,Action,"Shawn Ashmore, Aidan Gillen, Patrick Heusinger, Marshall Allman",7.9,Moderate
Jake and the Never Land Pirates,2011,47.0,Not Rated,Animation,"David Arquette, Corey Burton, Jeff Bennett, Loren Hoskins",5.6,Low
I Am...,2019,21.0,Not Rated,Drama,"Gemma Chan, Vicky McClure, Samantha Morton, Ed Coleman",7.0,Moderate
Power Rangers Dino Charge,2015,30.0,Not Rated,Action,"Brennan Mejia, Camille Hyde, Yoshi Sudarso, Michael Taber",6.5,Low
Bakuten shoot beyblade,2001,22.0,Not Rated,Animation,"Marlowe Gardiner-Heslin, Alex Hood, Gage Knox, Daniel DeSanto",6.9,Low
Gantz,2004,60.0,Not Rated,Animation,"Chris Ayres, Emily Carter-Essex, Shannon Emerick, John Gremillion",7.2,Moderate
Tremors,2003,24.0,Not Rated,Action,"Victor Browne, Gladise Jiminez, Marcia Strassman, Lela Lee",6.6,Low
Invader ZIM,2001,30.0,Not Rated,Animation,"Andy Berman, Richard Steven Horvitz, Rikki Simons, Melissa Fahn",8.3,High
Crank Yankers,2002,60.0,Not Rated,Animation,"Victor Yerrid, Artie Esposito, Paul McGinnis, BJ Guyer",6.2,Low
Those Who Kill,2014,60.0,Not Rated,Action,"Chloë Sevigny, ""James DArcy"", James Morrison, Bruce Davison",7.2,Moderate
Dead of Summer,2016,60.0,Not Rated,Drama,"Elizabeth Mitchell, Elizabeth Lail, Alberto Frezza, Mark Indelicato",6.2,Low
Reef Break,2019,22.0,Not Rated,Crime,"Poppy Montgomery, Ray Stevenson, Desmond Chiam, Melissa Bonne",6.0,Low
Lilo & Stitch: The Series,2003,21.0,Not Rated,Animation,"Daveigh Chase, Chris Sanders, David Ogden Stiers, Kevin McDonald",6.8,Low
One Big Happy,2015,45.0,Not Rated,Comedy,"Elisha Cuthbert, Nick Zano, Kelly Brook, Rebecca Corry",5.7,Low
Party of Five,2020,30.0,Not Rated,Drama,"Brandon Larracuente, Niko Guardado, Emily Tosta, Elle Paris Legaspi",5.4,Low
Evermoor,2014,30.0,Not Rated,Adventure,"Alex Starke, Margaret Cabourn-Smith, Clive Rowe, Finney Cassidy",6.2,Low
People Magazine Investigates,2016,44.0,Not Rated,Documentary,"Steve Helling, David Christopher Wells, Michael Wayne Brown, Alicia Dennis",7.6,Moderate
Car Share,2015,30.0,Not Rated,Comedy,"Peter Kay, Sian Gibson, Danny Swarsbrick, Guy Garvey",8.3,High
Battle Creek,2015,45.0,Not Rated,Comedy,"Josh Duhamel, Dean Winters, Aubrey Dollar, Edward Fordham Jr.",7.3,Moderate
The Letdown,2017,24.0,Not Rated,Comedy,"Alison Bell, Duncan Fellows, Leon Ford, Sacha Horler",7.5,Moderate
"Three Lives Three Worlds, Ten Miles of Peach Blossom",2017,120.0,Not Rated,Drama,"Mi Yang, Mark Chao, Weiguang Gao, Ken Chang",8.3,High
Kekkai Sensen,2015,24.0,Not Rated,Animation,"Daisuke Sakaguchi, Kazuya Nakai, Aaron Dismuke, Phil Parsons",7.3,Moderate
Muhtesem Ikili,2018,60.0,Not Rated,Action,"Ibrahim Celikkol, Kerem Bürsin, Özge Gürel, Öykü Karayel",6.3,Low
Nature Cat,2015,60.0,Not Rated,Animation,"Taran Killam, Kate McKinnon, Kate Micucci, Bobby Moynihan",7.2,Moderate
Small Fortune,2019,90.0,Not Rated,Game-Show,"""Dermot OLeary"", Brian Blessed, James Haskell, Chloe Madeley",3.1,Low
Washington Heights,2013,440.0,Not Rated,Reality-TV,Unknown,6.6,Low
Fatmagül'ün Suçu Ne?,2010,45.0,Not Rated,Drama,"Beren Saat, Engin Akyürek, Firat Çelik, Murat Daltaban",5.7,Low
Midnight Sun,2016,60.0,Not Rated,Crime,"Leïla Bekhti, Gustaf Hammarsten, Albin Grenholm, Jakob Hultcrantz Hansson",7.5,Moderate
Some Assembly Required,2014,30.0,Not Rated,Comedy,"Kolton Stewart, Harrison Houde, Sydney Scotia, Charlie Storwick",3.7,Low
Case,2015,11.0,Not Rated,Crime,"Steinunn Ólína Þorsteinsdóttir, Magnús Jónsson, Birna Rún Eiríksdóttir, Elma Stefania Agustsdottir",7.1,Moderate
A Touch of Cloth,2012,60.0,Not Rated,Action,"John Hannah, Suranne Jones, Navin Chowdhry, Adrian Bower",7.9,Moderate
Teachers,2016,40.0,Not Rated,Comedy,"Caitlin Barlow, Katy Colloton, Kate Lambert, ""Katie OBrien""",6.5,Low
The Greatest Event in Television History,2012,60.0,Not Rated,Comedy,"Amanda Anka, Jeff Probst, Jon Schroeder, Adam Scott",7.9,Moderate
Expedition Bigfoot,2019,24.0,Not Rated,Adventure,"Mireya Mayor, Russell Acord, Ronny Leblanc, Bryce Johnson",5.2,Low
Ghost Wars,2017,50.0,Not Rated,Drama,"Avan Jogia, Kim Coates, Luvia Petersen, Jesse Moss",6.3,Low
The Bisexual,2018,44.0,Not Rated,Comedy,"Desiree Akhavan, Maxine Peake, Brian Gleeson, Saskia Chana",6.3,Low
My Mother and Other Strangers,2016,60.0,Not Rated,Drama,"Ciarán Hinds, Michael Nevin, Hattie Morahan, Owen McDonnell",7.4,Moderate
Orange,2016,30.0,Not Rated,Animation,"Jill Harris, Jason Liebrecht, Micah Solusod, Jeannie Tirado",7.6,Moderate
Weissensee,2010,44.0,Not Rated,Drama,"Florian Lukas, Jörg Hartmann, Uwe Kockisch, Ruth Reinecke",8.2,High
Vegas,2012,7.0,Not Rated,Action,"Dennis Quaid, Michael Chiklis, Carrie-Anne Moss, Taylor Handley",7.3,Moderate
Les rivières pourpres,2018,60.0,Not Rated,Crime,"Olivier Marchal, Erika Sainte, Claude Perron, Ken Duken",6.8,Low
Ghosted,2017,22.0,Not Rated,Comedy,"Adam Scott, Craig Robinson, Ally Walker, Adeel Akhtar",6.3,Low
Bigger,2019,60.0,Not Rated,Comedy,"Tanisha Long, Chase Anthony, Angela Ko, Angell Conwell",8.2,High
Ekaterina,2014,22.0,Not Rated,Biography,"Marina Aleksandrova, Sergey Koltakov, Michael Gor, Isabel Schosnig",8.1,High
Shaun the Sheep,2007,24.0,Not Rated,Animation,"Justin Fletcher, John Sparkes, Richard Webber, Kate Harbour",8.2,High
Dr. Phil,2002,60.0,Not Rated,Drama,"Phil McGraw, Robin McGraw, T.D. Jakes, Travis Stork",4.0,Low
Trial & Error,2017,53.0,Not Rated,Comedy,"""Nicholas DAgosto"", Jayma Mays, Steven Boyer, Sherri Shepherd",8.0,High
Reverie,2018,60.0,Not Rated,Drama,"Sarah Shahi, Dennis Haysbert, Sendhil Ramamurthy, Jessica Lu",6.6,Low
Freakish,2016,43.0,Not Rated,Horror,"Leo Howard, Liza Koshy, Adam Hicks, Meghan Rienks",6.3,Low
Liza on Demand,2018,56.0,Not Rated,Comedy,"Liza Koshy, Travis Coles, Kimiko Glenn, Casey Simpson",5.0,Low
Tales,2017,11.0,Not Rated,Drama,"David Dunston, Alzie Williams, J. Alphonse Nicholson, Irv Gotti",5.9,Low
Mercy Street,2016,43.0,Not Rated,Drama,"McKinley Belcher III, Suzanne Bertish, Norbert Leo Butz, Gary Cole",7.5,Moderate
Total Control,2019,60.0,Not Rated,Drama,"Deborah Mailman, Rachel Griffiths, Harry Richardson, Rob Collins",7.7,Moderate
Property Brothers,2011,40.0,Not Rated,Reality-TV,"Drew Scott, Jonathan Silver Scott, Andria Barrett, Katie Hunt",7.1,Moderate
In the Flesh,2013,22.0,Not Rated,Drama,"Luke Newberry, Harriet Cains, Marie Critchley, Steve Cooper",8.0,High
Steven Universe Future,2019,30.0,Not Rated,Animation,"Michaela Dietz, Estelle, Deedee Magno, Zach Callison",7.5,Moderate
Mountain Monsters,2013,30.0,Not Rated,Reality-TV,"Jacob Lowe, Trapper John Tice, Huckleberry Joe Lott, Willy McQuillian",5.1,Low
The Gates,2010,44.0,Not Rated,Crime,"Rhona Mitra, Frank Grillo, Marisol Nichols, Luke Mably",7.1,Moderate
Siempre Bruja,2019,30.0,Not Rated,Drama,"Sofía Araujo Mejía, Angely Gaviria, Sofía Araújo, Dylan Fuentes",6.2,Low
Wonder Pets!,2005,24.0,Not Rated,Animation,"Sofie Zamchick, Teala Dunn, Danica Lee, Dawn Evans",6.4,Low
Comedy Bang! Bang!,2012,50.0,Not Rated,Comedy,"Scott Aukerman, Reggie Watts, ""Weird Al Yankovic"", Neil Campbell",7.6,Moderate
The Kids Are Alright,2018,23.0,Not Rated,Comedy,"Mary McCormack, Jack Gore, Sam Straley, Caleb Foote",7.9,Moderate
Face Off,2011,42.0,Not Rated,Game-Show,"McKenzie Westmore, Glenn Hetrick, Ve Neill, Michael Westmore",8.2,High
Trinity Seven: 7-nin no Masho Tsukai,2014,45.0,Not Rated,Animation,"Cameron Bautsch, Brittney Karbowski, Yoshitsugu Matsuoka, Carli Mosier",6.8,Low
Max & Ruby,2002,60.0,Not Rated,Animation,"Lynn Cleckner, Lorraine Parsloe, Loretta Jafelice, Juliet Rusche",6.1,Low
Grand Blue,2018,25.0,Not Rated,Animation,"Yuma Uchida, Ryohei Kimura, Hiroki Yasumoto, Katsuyuki Konishi",7.9,Moderate
The Green Green Grass,2005,30.0,Not Rated,Comedy,"John Challis, Sue Holderness, David Ross, Jack Doolan",6.7,Low
Moone Boy,2012,22.0,Not Rated,Comedy,"""Chris ODowd"", David Rawle, ""Deirdre OKane"", Peter McDonald",8.1,High
Zindagi Gulzar Hai,2012,30.0,Not Rated,Romance,"Sanam Saeed, Fawad Khan, Samina Peerzada, Sheheryar Munawar",8.9,High
Hierro,2019,21.0,Not Rated,Crime,"Candela Peña, Darío Grandinetti, Kimberley Tell, Luifer Rodríguez",7.6,Moderate
Privileged,2008,4.0,Not Rated,Comedy,"JoAnna Garcia Swisher, Lucy Hale, Ashley Newbrough, Allan Louis",6.8,Low
Real Time with Bill Maher,2003,40.0,Not Rated,Comedy,"Bill Maher, Andrew Sullivan, Michael Moore, Arianna Huffington",7.3,Moderate
Nisekoi,2014,30.0,Not Rated,Animation,"Koki Uchiyama, Nao Tôyama, Kana Hanazawa, Yumi Uchiyama",7.2,Moderate
Dongbaekkkot Pil Muryeop,2019,27.0,Not Rated,Comedy,"Kong Hyo-Jin, Ji-seok Kim, Kang Ha-Neul, Oh Jeong-Se",8.0,High
About a Boy,2014,60.0,Not Rated,Comedy,"David Walton, Benjamin Stockham, Al Madrigal, Minnie Driver",7.4,Moderate
Forhøret,2019,45.0,Not Rated,Crime,"Ulrich Thomsen, Alma Ekehed Thomsen, Katrine Greis-Rosenthal, Nikolaj Lie Kaas",7.0,Moderate
Dr. Ken,2015,22.0,Not Rated,Comedy,"Ken Jeong, Suzy Nakamura, Tisha Campbell, Jonathan Slavin",5.7,Low
Mickey Mouse,2013,22.0,Not Rated,Animation,"Chris Diamantopoulos, Russi Taylor, Bill Farmer, Tony Anselmo",8.1,High
Go! Vive a Tu Manera,2019,29.0,Not Rated,Comedy,"Rebecca Davis, Marley Estrada, Marina Gridley, Alyssa LeBarron",7.0,Moderate
Who Is America?,2018,23.0,Not Rated,Comedy,"Sacha Baron Cohen, Roy Elghanayan, Emanuela Postacchini, Alfred Pierce",8.3,High
Home,2019,30.0,Not Rated,Comedy,"Rufus Jones, Rebekah Staton, Youssef Kerkour, Oaklee Pendergast",7.9,Moderate
Overhaulin',2004,60.0,Not Rated,Documentary,"Chip Foose, Lee Reherman, Craig Chaffers, Chris Jacobs",6.8,Low
Dancing Queen,2018,43.0,Not Rated,Music,"Alyssa Edwards, Atlee Millard, Marcella Raneri, ""D.J. Shangela Pierce""",7.0,Moderate
The Class,2006,46.0,Not Rated,Comedy,"Andrea Anders, Jon Bernthal, Lizzy Caplan, Jesse Tyler Ferguson",7.7,Moderate
I Didn't Do It,2014,21.0,Not Rated,Comedy,"Olivia Holt, Austin North, Piper Curda, Peyton Clark",6.0,Low
The Test Case,2018,23.0,Not Rated,Action,"Nimrat Kaur, Akshay Oberoi, Atul Kulkarni, Manit Joura",8.4,High
A Young Doctor's Notebook & Other Stories,2012,384.0,Not Rated,Comedy,"Jon Hamm, Daniel Radcliffe, Rosie Cavaliero, Adam Godley",7.9,Moderate
My Boys,2006,60.0,Not Rated,Comedy,"Jordana Spiro, Kyle Howard, Reid Scott, Michael Bunin",7.3,Moderate
Fixer Upper,2013,26.0,Not Rated,Reality-TV,"Chip Gaines, Joanna Gaines, Dustin Anderson, Clint Harp",8.2,High
Det som göms i snö,2018,26.0,Not Rated,Crime,"Robert Gustafsson, Ia Langhammer, Maria Sundbom Lörelius, Johan Ulveson",7.4,Moderate
Stella Blómkvist,2017,75.0,Not Rated,Crime,"Heida Reed, Sara Dögg Ásgeirsdóttir, Kristín Þóra Haraldsdóttir, Þorsteinn Guðmundsson",6.8,Low
Mickey and the Roadster Racers,2017,60.0,Not Rated,Animation,"Bill Farmer, Nika Futterman, Bret Iwan, Tress MacNeille",6.1,Low
Confess,2017,30.0,Not Rated,Drama,"Katie Leclerc, Ryan Cooper, Nea Dune, Sherilyn Fenn",7.9,Moderate
Baccano!,2007,22.0,Not Rated,Animation,"Michael C. Pizzuto, J. Michael Tatum, Caitlin Glass, Akemi Kanda",8.3,High
Geunyeoneun yeppeodda,2015,35.0,Not Rated,Comedy,"Hwang Jeong-eum, Seo Jun Park, Jun-hee Ko, Si Won Choi",7.7,Moderate
Los Espookys,2018,30.0,Not Rated,Comedy,"Cassandra Ciangherotti, Ana Fabrega, Julio Torres, Bernardo Velasco",7.6,Moderate
Project Mc²,2015,30.0,Not Rated,Family,"Mika Abdalla, Ysa Penarejo, Victoria Vida, Genneya Walton",6.0,Low
El barco,2011,90.0,Not Rated,Adventure,"Juanjo Artero, Mario Casas, Blanca Suárez, Irene Montalà",7.3,Moderate
The A Word,2016,40.0,Not Rated,Drama,"Max Vento, Lee Ingleby, Christopher Eccleston, Molly Wright",7.8,Moderate
The Girl's Guide to Depravity,2012,46.0,Not Rated,Comedy,"Rebecca Blumhagen, Joe Komara, Jesse Liebman, Sally Golan",6.6,Low
Power Rangers Samurai,2011,45.0,Not Rated,Action,"Alexander P. Heartman, Erika Fong, Hector David Jr., Najee De-Tiege",5.0,Low
The Angry Video Game Nerd,2004,46.0,Not Rated,Comedy,"James Rolfe, Mike Matei, Kyle Justin, Antonio Piluso",8.5,High
Sonic X,2003,60.0,Not Rated,Animation,"Gabriella Lewis, ""Junichi Kanemaru"", Sanae Kobayashi, Jason Griffith",6.2,Low
Trophy Wife,2013,30.0,Not Rated,Comedy,"Malin Akerman, Bradley Whitford, Michaela Watkins, Natalie Morales",6.9,Low
Yer Gök Ask,2010,30.0,Not Rated,Romance,"Birce Akalay, Murat Ünalmis, Kanbolat Gorkem Arslan, Levend Yilmaz",4.0,Low
American Gothic,2016,25.0,Not Rated,Crime,"Juliet Rylance, Antony Starr, Justin Chatwin, Megan Ketch",6.7,Low
Homestead Rescue,2016,60.0,Not Rated,Reality-TV,"Marty Raney, Matt Raney, Misty Raney, Rick Robles",7.7,Moderate
The Bletchley Circle: San Francisco,2018,44.0,Not Rated,Crime,"Crystal Balint, Rachael Stirling, Chanelle Peloso, Julie Graham",6.9,Low
A Nero Wolfe Mystery,2001,30.0,Not Rated,Action,"Timothy Hutton, Maury Chaykin, Colin Fox, Bill Smitrovich",8.4,High
Dakteo Yibangin,2014,24.0,Not Rated,Action,"Lee Jong-Suk, Se-Yeon Jin, Ho-jin Chun, Park Hae-Joon",7.4,Moderate
Snapped,2004,47.0,Not Rated,Documentary,"Sharon Martin, Jody Flader, Daniel Lukes, David Thomasson",7.8,Moderate
Coop and Cami Ask the World,2018,74.0,Not Rated,Adventure,"Dakota Lotus, Ruby Rose Turner, Olivia Sanabia, Albert Tsai",5.9,Low
Sessão de Terapia,2012,22.0,Not Rated,Drama,"Zécarlos Machado, Selton Mello, Mayara Constantino, Selma Egrei",8.4,High
Charlie's Angels,2011,60.0,Not Rated,Action,"Annie Ilonzeh, Minka Kelly, Rachael Taylor, Ramon Rodriguez",4.4,Low
Bonusfamiljen,2017,60.0,Not Rated,Comedy,"Vera Vitali, Erik Johansson, Fredrik Hallgren, Frank Dorsin",7.6,Moderate
TRON: Uprising,2012,21.0,Not Rated,Animation,"Elijah Wood, Tricia Helfer, Charlie Bean, Elizabeth Ho",8.2,High
Vanpaia naito,2008,42.0,Not Rated,Animation,"Yui Horie, Mamoru Miyano, Daisuke Kishio, Jun Fukuyama",7.4,Moderate
Aetaneun Romaenseu,2017,45.0,Not Rated,Comedy,"Ji-eun Song, Sung Hoon, Jae-young Kim, Da-Sol Jeong",7.1,Moderate
Ultimate Force,2002,44.0,Not Rated,Action,"Ross Kemp, Miles Anderson, Christopher Fox, Danny Sapani",7.6,Moderate
Alone Together,2018,6.0,Not Rated,Comedy,"Esther Povitsky, Benji Aflalo, Edgar Blackmon, ""Chris DElia""",6.6,Low
El marginal,2016,44.0,Not Rated,Crime,"Martina Gusman, Gerardo Romano, Claudio Rissi, Nicolás Furtado",8.2,High
So You Think You Can Dance,2005,30.0,Not Rated,Game-Show,"Cat Deeley, Nigel Lythgoe, Mark Thompson, Mary Murphy",6.8,Low
Sex & Drugs & Rock & Roll,2015,60.0,Not Rated,Comedy,"Denis Leary, John Corbett, Elizabeth Gillies, Elaine Hendrix",7.1,Moderate
Ambitions,2019,30.0,Not Rated,Drama,"Brian White, Robin Givens, Kendrick Cross, Brely Evans",5.3,Low
WPC 56,2013,60.0,Not Rated,Crime,"""Charles DeAth"", John Bowler, Jennie Jacques, Mark Healy",7.3,Moderate
Life Sentence,2018,30.0,Not Rated,Comedy,"Lucy Hale, Elliot Knight, Jayson Blair, Brooke Lyons",6.6,Low
Red vs. Blue,2003,45.0,Not Rated,Animation,"Gus Sorola, Burnie Burns, Geoff Ramsey, Jason Saldaña",8.3,High
The Chicago Code,2011,30.0,Not Rated,Action,"Jason Clarke, Jennifer Beals, Matt Lauria, Devin Kelley",7.7,Moderate
Raised by Wolves,2013,12.0,Not Rated,Comedy,"Philip Jackson, Rebekah Staton, Helen Monks, Alexa Davies",8.2,High
Melrose Place,2009,22.0,Not Rated,Drama,"Katie Cassidy, Stephany Jacobsen, Jessica Lucas, Michael Rady",6.0,Low
Zapped,2016,60.0,Not Rated,Comedy,"James Buckley, Kenneth Collard, Louis Emerick, Paul Kaye",6.8,Low
Mysteries of the Abandoned,2017,60.0,Not Rated,Documentary,"Dominic Selwood, Kasper Michaels, Andrew Gough, Rob Bell",7.3,Moderate
Mr. D,2012,22.0,Not Rated,Comedy,"Gerry Dee, Jonathan Torrens, Lauren Hammersley, Bette MacDonald",6.6,Low
La Doña,2016,60.0,Not Rated,Drama,"Aracely Arámbula, José María Galeano, Andrea Martí, Leo Deluglio",6.8,Low
Wander Over Yonder,2013,13.0,Not Rated,Animation,"Jack McBrayer, April Winchell, Keith Ferguson, Tom Kenny",7.2,Moderate
Dante's Cove,2004,30.0,Not Rated,Drama,"William Gregory Lee, Gregory Michael, Tracy Scoggins, Charlie David",5.9,Low
Zac and Mia,2017,60.0,Not Rated,Drama,"Anne Winters, Kian Lawley, Keli Daniels, Tory Devon Smith",7.9,Moderate
6Teen,2004,60.0,Not Rated,Animation,"Jess Mal Gibbons, Megan Fahlenbock, Stacey DePass, ""Brooke DOrsay""",7.2,Moderate
Scrubs: Interns,2009,608.0,Not Rated,Comedy,"Jae Hitch, Sonal Shah, Betsy Beutler, Todd Bosley",5.6,Low
The Whispers,2015,24.0,Not Rated,Drama,"Lily Rabe, Barry Sloane, Milo Ventimiglia, Derek Webster",7.2,Moderate
Witchblade,2001,25.0,Not Rated,Action,"Yancy Butler, David Chokachi, Anthony Cistaro, Will Yun Lee",6.5,Low
T.O.T.S.,2019,30.0,Not Rated,Animation,"Jet Jurgensmeyer, Christian J. Simon, Megan Hilty, Vanessa Williams",7.0,Moderate
Enemigo Íntimo,2018,22.0,Not Rated,Drama,"Fernanda Castillo, Raúl Méndez, María del Carmen Félix, Monica Jimenez",7.4,Moderate
The Great Food Truck Race,2010,60.0,Not Rated,Game-Show,"Tyler Florence, Aunna Johnson, Darrell Johnson, Terrell Gaskin",6.6,Low
Gaslight,2019,11.0,Not Rated,Drama,"Chloë Grace Moretz, Kelsey Asbille, Taran Killam, John Gallagher Jr.",6.2,Low
Chacha Vidhayak Hain Humare,2018,23.0,Not Rated,Comedy,"Zakir Khan, Vyom Sharma, Kumar Varun, Zakir Hussain",7.7,Moderate
Survivor's Remorse,2014,30.0,Not Rated,Drama,"RonReaco Lee, Jessie T. Usher, Erica Ash, Teyonah Parris",7.0,Moderate
Law & Order: Los Angeles,2010,75.0,Not Rated,Crime,"Corey Stoll, Rachel Ticotin, Alfred Molina, Terrence Howard",6.7,Low
Sleeper Cell,2005,60.0,Not Rated,Crime,"Michael Ealy, Oded Fehr, Henri Lubatti, Melissa Sagemiller",8.0,High
Kingdom Hospital,2004,11.0,Not Rated,Drama,"Jamie Harrold, Diane Ladd, Bruce Davison, Jack Coleman",6.8,Low
Drifters,2016,55.0,Not Rated,Animation,"Justin Briner, Josh Grelle, Gwendolyn Lau, Robert McCollum",7.7,Moderate
Young Dracula,2006,45.0,Not Rated,Comedy,"Keith-Lee Castle, Clare Thomas, Simon Ludders, Gerran Howell",7.6,Moderate
Good Bones,2016,21.0,Not Rated,Reality-TV,"Austin Aynes, Tad Starsiak, Karen Laine, Mina Starsiak",7.2,Moderate
Knight Squad,2018,30.0,Not Rated,Adventure,"Lexi DiBenedetto, Amarr M. Wooten, Owen Joyner, Savannah Lee May",5.6,Low
Power Rangers S.P.D.,2005,60.0,Not Rated,Action,"Brandon Jay McLaren, Chris Violette, Matt Sadowski, Monica May",6.6,Low
Eastwick,2009,42.0,Not Rated,Drama,"Jaime Ray Newman, Lindsay Price, Rebecca Romijn, Sara Rue",6.4,Low
Check It Out! with Dr. Steve Brule,2010,24.0,Not Rated,Comedy,"John C. Reilly, Carol Kraft, Doug Foster, Scott Stewart",8.5,High
Escape the Night,2016,24.0,Not Rated,Adventure,"Joey Graceffa, Timothy DeLaGhetto, Rosanna Pansino, Justine Ezarik",5.5,Low
Blue Water High,2005,22.0,Not Rated,Drama,"Sophie Luck, Kate Bell, Martin Lynes, Liz Burch",7.0,Moderate
Baekilui Nanggoonnim,2018,22.0,Not Rated,Comedy,"Kyung-soo Do, Nam Ji-Hyun, Jo Sung-ha, Jo Han-chul",7.6,Moderate
Love Bites,2011,24.0,Not Rated,Comedy,"Becki Newton, Greg Grunberg, Constance Zimmer, James MacDonald",7.5,Moderate
Apple & Onion,2016,30.0,Not Rated,Animation,"Sayed Badreya, George Gendi, Richard Ayoade, Kevin Michael Richardson",6.0,Low
Born and Bred,2002,25.0,Not Rated,Drama,"Jenna Russell, Maggie Steed, Clive Swift, Naomi Radcliffe",7.8,Moderate
Intruders,2014,42.0,Not Rated,Fantasy,"James Frain, Millie Bobby Brown, Tory Kittles, Mira Sorvino",6.7,Low
Powerless,2017,90.0,Not Rated,Comedy,"Vanessa Hudgens, Danny Pudi, Christina Kirk, Ron Funches",6.4,Low
Mighty Med,2013,30.0,Not Rated,Comedy,"Bradley Steven Perry, Jake Short, Paris Berelc, Devan Leos",6.5,Low
Cheese in the Trap,2016,60.0,Not Rated,Comedy,"Park Hae-Jin, Kim Go-eun, Seo Kang-Joon, Nam Joo-Hyuk",7.4,Moderate
Black Box,2014,72.0,Not Rated,Drama,"Kelly Reilly, Ditch Davey, David Ajala, Ali Wong",6.7,Low
GameFace,2017,30.0,Not Rated,Comedy,"Roisin Conaty, Damien Molony, Caroline Ginty, Dylan Edwards",7.8,Moderate
The Hollow,2018,120.0,Not Rated,Animation,"Ashleigh Ball, Connor Parnall, Adrian Petriw, Mark Hildreth",7.2,Moderate
The Office,2019,60.0,Not Rated,Comedy,"Gopal Datt, Sayandeep Sengupta, Samridhi Dewan, Abhinav Sharma",6.4,Low
Odd Mom Out,2015,22.0,Not Rated,Comedy,"Jill Kargman, Andy Buckley, K.K. Glick, Sean Kleier",7.0,Moderate
Golden Kamuy,2018,23.0,Not Rated,Animation,"Haruka Shiraishi, Chikahiro Kobayashi, Kentarô Itô, Fumihiko Tachiki",8.0,High
Say Yes to the Dress,2007,30.0,Not Rated,Reality-TV,"Roger Craig Smith, Randy Fenoli, Ronnie Rothstein, Mara Urshel",5.6,Low
Mushishi,2005,60.0,Not Rated,Animation,"Yûto Nakano, Travis Willingham, Kôjun Itô, Jennifer Seman",8.5,High
Uncanny X-Men,2012,20.0,Not Rated,Action,"Barry Piacente, William Graves, ""John Emil DAngelo"", Tory Steele",6.9,Low
The Final Call,2019,40.0,Not Rated,Drama,"Arjun Rampal, Javed Jaffrey, Neeraj Kabi, Sakshi Tanwar",7.2,Moderate
Banged Up Abroad,2007,30.0,Not Rated,Documentary,"Manuel Villasenor, Jerry Murillo, Tato Alexander, Carrell Lasso",8.2,High
El Club,2019,47.0,Not Rated,Comedy,"Alejandro Speitzer, Minnie West, Jorge Caballero, Ana Gonzalez Bello",6.3,Low
Street Outlaws,2013,30.0,Not Rated,Reality-TV,"Justin Shearer, Kye Kelley, Travis Santa Cruz, Bobby Decote",6.6,Low
Orphan Black: The Next Chapter,2019,60.0,Not Rated,Drama,"Evelyne Brochu, Jordan Gavaris, Tatiana Maslany",8.9,High
Sarabhai V/S Sarabhai,2004,30.0,Not Rated,Comedy,"Satish Shah, Ratna Pathak Shah, Sumeet Raghvan, Rupali Ganguly",8.8,High
Paramparça,2014,40.0,Not Rated,Crime,"Erkan Petekkaya, Ebru Özkan, Nursel Köse, Alina Boz",5.8,Low
Rescue Special Ops,2009,48.0,Not Rated,Drama,"Daniel Amalm, Gigi Edgley, Katherine Hicks, Les Hill",7.4,Moderate
The Cool Kids,2018,23.0,Not Rated,Comedy,"David Alan Grier, Martin Mull, Leslie Jordan, Vicki Lawrence",7.0,Moderate
Vicious,2013,60.0,Not Rated,Comedy,"Derek Jacobi, Ian McKellen, Frances de la Tour, Iwan Rheon",8.1,High
Ground Floor,2013,42.0,Not Rated,Comedy,"Skylar Astin, Briga Heelan, Rory Scovel, Rene Gube",7.3,Moderate
Kingdom,2007,60.0,Not Rated,Comedy,"Stephen Fry, Karl Davies, Celia Imrie, Tony Slattery",7.9,Moderate
Bekaaboo,2019,43.0,Not Rated,Thriller,"Priya Banerjee, Rajeev Siddhartha, Madhussneha Upadhyay, Jitendra Hirawat",6.8,Low
Kfulim,2015,42.0,Not Rated,Drama,"Angel Bonanni, Moris Cohen, Miki Leon, Sergey Bukhman",7.8,Moderate
Instant Star,2004,43.0,Not Rated,Drama,"Tim Rozon, Alexz Johnson, Kristopher Turner, Laura Vandervoort",7.4,Moderate
Swingtown,2008,17.0,Not Rated,Drama,"Molly Parker, Jack Davenport, Grant Show, Lana Parrilla",7.6,Moderate
Inside the World's Toughest Prisons,2016,30.0,Not Rated,Documentary,"Raphael Rowe, Paul Connelly, Robin",7.1,Moderate
Happy Together,2018,59.0,Not Rated,Comedy,"Damon Wayans Jr., Amber Stevens West, Stephnie Weir, Victor Williams",5.9,Low
The Beast,2009,60.0,Not Rated,Action,"Patrick Swayze, Travis Fimmel, Lindsay Pulsipher, ""Kevin J. OConnor""",7.8,Moderate
The Great Indoors,2016,30.0,Not Rated,Comedy,"Joel McHale, Christopher Mintz-Plasse, Chris Williams, Susannah Fielding",6.3,Low
Car Masters: Rust to Riches,2018,48.0,Not Rated,Reality-TV,"Constance Nunes, Shawn Pilot, ""Michael Caveman Pyle"", Tony Quinones",8.8,High
Typewriter,2019,192.0,Not Rated,Horror,"Aarnaa Sharma, Palomi Ghosh, Mikhail Gandhi, Palash Kamble",6.5,Low
"True Jackson, VP",2008,30.0,Not Rated,Comedy,"Keke Palmer, Ashley Argota, Matt Shively, Danielle Bisutti",5.8,Low
Geordie Shore,2011,75.0,Not Rated,Comedy,"Gaz Beadle, Sophie Kasaei, Holly Hagan, Chloe Ferry",5.2,Low
sMothered,2019,60.0,Not Rated,Reality-TV,"Rissa Razzi, Christine Razzi, Cher Hubsher, Cristina Bertolli",3.8,Low
Spotless,2015,23.0,Not Rated,Crime,"Marc-André Grondin, Denis Ménochet, Miranda Raison, Doug Allen",7.8,Moderate
Rise,2018,46.0,Not Rated,Drama,"Josh Radnor, Marley Shelton, ""Aulii Cravalho"", Damon J. Gillespie",6.4,Low
Detective McLean,2015,24.0,Not Rated,Crime,"Kelli Williams, Jonathan Scarfe, Dion Johnstone, Mitchell Kummen",6.2,Low
Believe,2014,21.0,Not Rated,Drama,"Jake McLaughlin, Johnny Sequoyah, Jamie Chung, Kyle MacLachlan",7.1,Moderate
Attack on Titan: Junior High,2015,30.0,Not Rated,Animation,"Yûki Kaji, Yui Ishikawa, Marina Inoue, Kishô Taniyama",7.0,Moderate
So Little Time,2001,22.0,Not Rated,Comedy,"Mary-Kate Olsen, Ashley Olsen, Eric Lutes, Clare Carey",6.2,Low
The Field of Blood,2011,29.0,Not Rated,Thriller,"Matt Costello, Jayd Johnson, Bronagh Gallagher, Ford Kiernan",7.3,Moderate
Teen Mom,2009,584.0,Not Rated,Reality-TV,"Amber Portwood, Catelynn Lowell, Maci Bookout, Farrah Laurel Abraham",3.6,Low
Son of Zorn,2016,11.0,Not Rated,Animation,"Cheryl Hines, Johnny Pemberton, Tim Meadows, Artemis Pebdani",6.8,Low
Transporter: The Series,2012,60.0,Not Rated,Action,"Chris Vance, François Berléand, Charly Hübner, Violante Placido",6.5,Low
Il était une seconde fois,2019,3.0,Not Rated,Drama,"Gaspard Ulliel, Freya Mavor, ""Patrick dAssumçao"", Richard Dillane",6.2,Low
Krypto the Superdog,2005,50.0,Not Rated,Animation,"Sam Vincent, Michael Dobson, Tabitha St. Germain, Lee Tockar",5.7,Low
Worzel Gummidge,2019,30.0,Not Rated,Family,"India Brown, Rosie Cavaliero, Mackenzie Crook, Francesca Mills",7.8,Moderate
Geunyeoui Sasaenghwal,2019,60.0,Not Rated,Comedy,"Ahn Bo-Hyun, Park Jin-Joo, Bo-ra Kim, Jung Je-Won",7.7,Moderate
Westside,2015,24.0,Not Rated,Comedy,"Antonia Prebble, David de Lautour, Daniel Musgrove, Pana Hema Taylor",8.0,High
Shinchô yûsha ~ kono yûsha ga ore TUEEE kuse ni shinchô sugiru ~,2019,44.0,Not Rated,Animation,"Yuichiro Umehara, Aki Toyosaki, Anthony Bowling, Jamie Marchi",7.4,Moderate
Cake,2019,23.0,Not Rated,Animation,"Alex Anfanger, Ditch Davey, Deb Filler, Hayley Magnus",6.2,Low
Sanctuary,2019,24.0,Not Rated,Mystery,"Josefin Asplund, Lorenzo Richelmy, Barbara Marten, Felix Garcia Guyer",6.8,Low
Durarara!!,2010,30.0,Not Rated,Animation,"Brian Beacock, Johnny Yong Bosch, Doug Erholtz, Crispin Freeman",7.9,Moderate
Black Jesus,2014,43.0,Not Rated,Comedy,"""Gerald Slink Johnson"", John Witherspoon, Corey Holcomb, Angela Elayne Gibbs",6.9,Low
The Michael J. Fox Show,2013,43.0,Not Rated,Comedy,"Michael J. Fox, Betsy Brandt, Wendell Pierce, Katie Finneran",6.5,Low
Fancy Nancy,2018,43.0,Not Rated,Animation,"Mia Sinclair Jenness, Alyson Hannigan, Spencer Moss, Dana Heath",5.5,Low
The Goes Wrong Show,2019,43.0,Not Rated,Comedy,"Henry Shields, Bryony Corrigan, Jonathan Sayer, Charlie Russell",8.5,High
Criminal Justice,2008,43.0,Not Rated,Crime,"Ben Whishaw, Maxine Peake, Bill Paterson, Alice Sykes",7.7,Moderate
Mr. Bean: The Animated Series,2002,43.0,Not Rated,Animation,"Rowan Atkinson, Jon Glover, Sally Grace, Gary Martin",6.9,Low
There's Something About Movies,2019,43.0,Not Rated,Comedy,"Alan Carr, Michael Sheen, Tom Allen, Jennifer Saunders",7.5,Moderate
Star Wars: Forces of Destiny,2017,43.0,Not Rated,Animation,"""Lupita Nyongo"", Ashley Eckstein, Vanessa Marshall, Shelby Young",5.0,Low
Gogglebox,2013,43.0,Not Rated,Reality-TV,"Ralf Woerdenweber, Josh Tapper, Alex Michael, Andy Michael",7.5,Moderate
Doraemon,2005,43.0,Not Rated,Animation,"Wasabi Mizuta, Megumi Ohara, Yumi Kakazu, Tomokazu Seki",8.2,High
Restaurant: Impossible,2011,43.0,Not Rated,Reality-TV,"Robert Irvine, Tom Bury, Taniya Nayak, Lynn Kegan",6.9,Low
Holly Hobbie,2018,43.0,Not Rated,Drama,"Ruby Jay, Saara Chaudry, Kamaia Fairburn, Charles Vandervaart",6.5,Low
Masamune-kun No Revenge,2017,43.0,Not Rated,Animation,"Caitlin Glass, Josh Grelle, Natsuki Hanae, Morgan Laure",6.4,Low
Five Bedrooms,2019,43.0,Not Rated,Drama,"Kat Stewart, Stephen Peacocke, Doris Younane, Katie Robertson",7.7,Moderate
Gortimer Gibbon's Life on Normal Street,2014,43.0,Not Rated,Adventure,"Sloane Morgan Siegel, Ashley Boettcher, Drew Justice, Robyn Lively",8.3,High
Sakurasou no Pet na Kanojo,2012,43.0,Not Rated,Animation,"Yoshitsugu Matsuoka, Ai Kayano, Mariko Nakatsu, Natsumi Takamori",7.8,Moderate
Puncch Beat,2018,43.0,Not Rated,Drama,"Priyank Sharma, Siddharth Sharma, Harshita Gaur, Khushi Joshi",7.0,Moderate
Hunting Season,2012,42.0,Not Rated,Comedy,"Ben Baur, Marc Sinoway, Jake Manabat, Walker Hare",7.3,Moderate
Carter,2018,40.0,Not Rated,Comedy,"""Jerry OConnell"", Sydney Tamiia Poitier, Kristian Bruun, Chris Farquhar",6.6,Low
Diablero,2018,45.0,Not Rated,Adventure,"Christopher Von Uckermann, Gisselle Kuri, Fátima Molina, Horacio Garcia Rojas",6.7,Low
Distrito Salvaje,2018,60.0,Not Rated,Action,"Cristina Umaña, Juan Pablo Raba, Nicolás Quiroga Pineda, Paula Castaño",8.3,High
Flavor of Love,2006,22.0,Not Rated,Game-Show,"Flavor Flav, Ricky B. Head, Dion Graham, Tiffany Pollard",4.5,Low
Tosh.0,2009,60.0,Not Rated,Comedy,"Daniel Tosh, T.K. Kelly, Sam Jarvis, Nick Malis",7.2,Moderate
BuzzFeed Unsolved: True Crime,2016,44.0,Not Rated,Documentary,"Ryan Bergara, Shane Madej, Brent Bennett, Daysha Edewi",8.9,High
1-800-Missing,2003,6.0,Not Rated,Crime,"Caterina Scorsone, Vivica A. Fox, Mark Consuelos, Louis Ferreira",6.4,Low
Unusual Suspects,2010,25.0,Not Rated,Documentary,"Mocean Melvin, Jeff Wilburn, Jamie Hanes, Razor Rizotti",7.6,Moderate
Constantine: City of Demons,2018,100.0,Not Rated,Animation,"Matt Ryan, ""Damian OHare"", Laura Bailey, ""Emily OBrien""",7.6,Moderate
The Celebrity Apprentice Australia,2011,22.0,Not Rated,Reality-TV,"Mark Bouris, Deborah Thomas, Roxy Jacenko, Julia Morris",4.7,Low
Big Brother,2001,60.0,Not Rated,Game-Show,"Michael Goldman, Sonia Kruger, Alice Redwood, Rory Ammon",3.7,Low
Medcezir,2013,30.0,Not Rated,Comedy,"Çagatay Ulusoy, Serenay Sarikaya, Metin Akdülger, Baris Falay",6.9,Low
Maron,2013,44.0,Not Rated,Comedy,"Marc Maron, Dave Anthony, Andy Kindler, Josh Brener",7.7,Moderate
Penn & Teller: Fool Us,2011,43.0,Not Rated,Comedy,"Penn Jillette, Teller, Alyson Hannigan, Jonathan Ross",8.1,High
Other Space,2015,23.0,Not Rated,Adventure,"Trace Beaulieu, Neil Casey, Eugene Cordero, Joel Hodgson",7.1,Moderate
Chylka,2018,22.0,Not Rated,Crime,"Magdalena Cielecka, Filip Plawiak, Piotr Zurawski, Szymon Bobrowski",6.9,Low
Hubert und Staller,2011,23.0,Not Rated,Comedy,"Christian Tramitz, Michael Brandner, Paul Sedlmeir, Hannes Ringlstetter",7.6,Moderate
Wolverine and the X-Men,2008,28.0,Not Rated,Animation,"Steve Blum, Jim Ward, Nolan North, Fred Tatasciore",8.0,High
LA to Vegas,2018,60.0,Not Rated,Comedy,"Kim Matula, Ed Weeks, Peter Stormare, Nathan Lee Graham",7.1,Moderate
Home: Adventures with Tip & Oh,2016,42.0,Not Rated,Animation,"Rachel Crow, Mark Whitten, Ana Ortiz, Ron Funches",6.0,Low
Two Doors Down,2016,47.0,Not Rated,Comedy,"Arabella Weir, Alex Norton, Jonathan Watson, Elaine C. Smith",7.9,Moderate
La rosa de Guadalupe,2008,30.0,Not Rated,Drama,"Susana Lozano, Zahira de Quevedo, Elena Carrasco, Raúl Ochoa",2.7,Low
Return to Amish,2014,22.0,Not Rated,Reality-TV,"Jeremiah Raber, Sabrina Burkholder, Ada Byler, Carmela Raber",6.2,Low
Fact or Faked: Paranormal Files,2010,52.0,Not Rated,Documentary,"Austin Porter, Jael De Pardo, Ben Hansen, Devin Marble",6.3,Low
Outsourced,2010,30.0,Not Rated,Comedy,"Ben Rappaport, Anisha Nagarajan, Diedrich Bader, Parvesh Cheena",7.5,Moderate
Kuch Rang Pyar Ke Aise Bhi,2016,11.0,Not Rated,Drama,"Shaheer Sheikh, Erica Fernandes, Supriya Pilgaonkar, Jagat Rawat",8.7,High
Bolívar: Una lucha admirable,2019,30.0,Not Rated,Action,"Luis Gerónimo Abreu, Carlos Aguilar, Nohely Arteaga, Amparo Conde",7.5,Moderate
Bad Teacher,2014,52.0,Not Rated,Comedy,"Ari Graynor, Sara Gilbert, Ryan Hansen, Sara Rodier",5.3,Low
OK K.O.! Let's Be Heroes,2017,42.0,Not Rated,Animation,"Courtenay Taylor, Ashly Burch, Ian Jones-Quartey, David Herman",7.1,Moderate
The Neighbors,2012,24.0,Not Rated,Comedy,"Jami Gertz, Lenny Venito, Simon Templeman, Toks Olagundoye",6.8,Low
Hitori No Shita - The Outcast,2015,24.0,Not Rated,Animation,Unknown,7.4,Moderate
Le temps est assassin,2019,50.0,Not Rated,Thriller,"Stanley Weber, Grégory Fitoussi, Thierry Godard, Mathilde Seigner",5.1,Low
90 Day Fiancé: Before the 90 Days,2017,25.0,Not Rated,Documentary,"Darcey Silva, Angela Deem, Jesse Meester, Paul Staehle",6.8,Low
ReLIFE,2016,25.0,Not Rated,Animation,"Josh Grelle, Micah Solusod, Kristen McGuire, Jeannie Tirado",7.8,Moderate
The UnXplained,2019,60.0,Not Rated,Documentary,"William Shatner, David Whitehead, Michael Dennin, Jonathan Young",7.3,Moderate
Devils Line,2018,4.0,Not Rated,Animation,"Luci Christian, Justin Doran, Adam Gibbs, Yui Ishikawa",6.9,Low
Love Island Australia,2018,45.0,Not Rated,Reality-TV,"Sophie Monk, Eoghan McDermott, Erin Barnett, Grant Crapp",5.4,Low
Romanzo criminale - La serie,2008,60.0,Not Rated,Crime,"Vinicio Marchioni, Alessandro Roja, Marco Bocci, Daniela Virgilio",8.5,High
Phoenix Nights,2001,30.0,Not Rated,Comedy,"Peter Kay, Dave Spikey, Justin Moorhouse, Paddy McGuinness",8.5,High
Finding Joy,2018,60.0,Not Rated,Comedy,"Amy Huberman, Paul Reid, Hannah James-Scott, Peter McDonald",6.2,Low
Heartbeat,2016,25.0,Not Rated,Comedy,"Melissa George, Dave Annable, Don Hany, Shelley Conn",6.8,Low
David's Vlog,2015,25.0,Not Rated,Comedy,"David Dobrik, Alex Ernst, Liza Koshy, Zane Hijazi",8.5,High
The Nostalgia Critic,2007,60.0,Not Rated,Comedy,"Doug Walker, Malcolm Ray, Rob Walker, Tamara Chambers",7.6,Moderate
Penoza,2010,45.0,Not Rated,Crime,"Monic Hendrickx, Sigrid ten Napel, Stijn Taverne, Niels Gomperts",8.2,High
Misaeng,2014,24.0,Not Rated,Drama,"Si-wan Yim, Sung-min Lee, Kang So-ra, Kang Ha-Neul",8.6,High
The Baxters,2019,60.0,Not Rated,Family,"Ali Cobrin, Roma Downey, Masey McLain, Josh Plasse",7.8,Moderate
Australian Survivor,2016,120.0,Not Rated,Adventure,"Jonathan LaPaglia, Locklan Gilbert, Michelle Dougan, Phoebe Timmins",8.2,High
Mahô Tsukai no Yome,2017,60.0,Not Rated,Animation,"Atsumi Tanezaki, Dani Chambers, Josh Grelle, Todd Haberkorn",7.8,Moderate
Super Mario Logan,2007,60.0,Not Rated,Action,"Tito Jimenez, Logan Thirtyacre, Chris Pablo, Lance Thirtyacre",6.1,Low
Glow Up: Britain's Next Make-Up Star,2019,60.0,Not Rated,Reality-TV,"Dominic C. Skinner, Val Garland, Maya Jama, Stacey Dooley",6.7,Low
Violetta,2012,53.0,Not Rated,Drama,"Diego Ramos, Martina Stoessel, Jorge Blanco, Mercedes Lambre",5.3,Low
K-On!,2009,24.0,Not Rated,Animation,"Aki Toyosaki, Yôko Hikasa, Satomi Sato, Minako Kotobuki",7.7,Moderate
The No. 1 Ladies' Detective Agency,2008,60.0,Not Rated,Comedy,"Jill Scott, Anika Noni Rose, Lucian Msamati, Desmond Dube",8.2,High
Afili Ask,2019,24.0,Not Rated,Comedy,"Caglar Ertugrul, Burcu Özberk, Benian Dönmez, Nese Baykent",6.4,Low
Karen Sisco,2003,43.0,Not Rated,Crime,"Carla Gugino, Bill Duke, Robert Forster, Jeffrey De Serrano",7.2,Moderate
The Good Guys,2010,45.0,Not Rated,Action,"Bradley Whitford, Colin Hanks, Jenny Wade, Diana Maria Riva",8.1,High
Siti hyunteo,2011,32.0,Not Rated,Action,"Lee Min-Ho, Park Min-Young, Sang-Jung Kim, Ho-jin Chun",8.1,High
La víctima número 8,2018,30.0,Not Rated,Action,"César Mateo, María de Nati, Verónika Moral, Iñaki Ardanaz",7.0,Moderate
Lego Masters Australia,2019,35.0,Not Rated,Game-Show,"Hamish Blake, Ryan McNaught, Maddy Tyers, Jimmy James Eaton",8.5,High
The Epic Tales of Captain Underpants,2018,45.0,Not Rated,Animation,"Nat Faxon, Jay Gragnani, Ramone Hamilton, Sean Astin",6.7,Low
Hot Ones,2015,83.0,Not Rated,Comedy,"Sean Evans, Claus Pilgaard, Action Bronson, Jay Pharoah",8.4,High
Gooreumi Geurin Dalbit,2016,50.0,Not Rated,Comedy,"Park Bo-Gum, Kim Yoo-Jeong, Chae Soo-bin, Kwak Dong-yeon",7.8,Moderate
Space Dandy,2014,60.0,Not Rated,Animation,"""Junichi Suwabe"", Uki Satake, Hiroyuki Yoshino, Joel McDonald",8.1,High
Rake,2014,60.0,Not Rated,Comedy,"Greg Kinnear, John Ortiz, Miranda Otto, Necar Zadegan",6.8,Low
The Lone Gunmen,2001,41.0,Not Rated,Comedy,"Bruce Harwood, Tom Braidwood, Dean Haglund, Zuleikha Robinson",7.4,Moderate
Paquita Salas,2016,92.0,Not Rated,Comedy,"Brays Efe, Belén Cuesta, Lidia San José, Álex de Lucas",8.0,High
Eagleheart,2011,30.0,Not Rated,Action,"Chris Elliott, Maria Thayer, Brett Gelman, Jack Wallace",7.4,Moderate
The Murder Tapes,2019,48.0,Not Rated,Crime,"Dave DeAndrea, Rob LaColla Jr., Rachel Discenza-Smith, Jason Simpkins",7.8,Moderate
A House Divided,2019,40.0,Not Rated,Drama,"Dominique DuVernay, Lawrence Hilton-Jacobs, Brad James, Demetria McKinney",5.6,Low
Just Roll with It,2019,45.0,Not Rated,Comedy,"Suzi Barrett, Ramon Reed, Kaylin Hayman, Lela Brown",5.1,Low
Cyberchase,2002,30.0,Not Rated,Animation,"Christopher Lloyd, Novie Edwards, Annick Obonsawin, Jacqueline Pillon",6.8,Low
Yeowoogakshibyeol,2018,43.0,Not Rated,Drama,"Lee Jehoon, Chae Soo-bin, Dong-geon Lee, Kim Ji-Soo",7.0,Moderate
The Riches,2007,24.0,Not Rated,Comedy,"Eddie Izzard, Minnie Driver, Shannon Woodward, Noel Fisher",7.8,Moderate
Rebel,2017,60.0,Not Rated,Crime,"Danielle Moné Truitt, Angela Ko, Brandon Quinn, Derek Ray",5.4,Low
Heimebane,2018,30.0,Not Rated,Drama,"Ane Dahl Torp, John Carew, Axel Bøyum, Emma Bones",8.0,High
The Bay,2010,120.0,Not Rated,Drama,"Kristos Andrews, Mary Beth Evans, Jade Harlow, Tristan Rogers",7.3,Moderate
Escape to the Chateau DIY,2018,60.0,Not Rated,Documentary,"Dick Strawbridge, Angelina Baillie-Smith, Philip Baillie-Smith, Angela Hall",8.1,High
Hotel Babylon,2006,4.0,Not Rated,Comedy,"Dexter Fletcher, Martin Marquez, Michael Obiora, Raymond Coulthard",7.5,Moderate
Mob City,2013,30.0,Not Rated,Crime,"Jon Bernthal, Milo Ventimiglia, Neal McDonough, Alexa Davalos",7.5,Moderate
Ex on the Beach,2018,1.0,Not Rated,Reality-TV,"Welborn Ferrene, Romeo Miller, Angela Babicz, Maya Benberry",4.9,Low
Tannbach,2015,22.0,Not Rated,Drama,"Johanna Bittenbinder, Jonathan Berlin, Henriette Confurius, Heiner Lauterbach",7.5,Moderate
Hindsight,2015,60.0,Not Rated,Comedy,"Laura Ramsey, Sarah Goldberg, Craig Horner, Nick Clifford",7.6,Moderate
Leila,2019,30.0,Not Rated,Drama,"Huma Qureshi, Rahul Khanna, Siddharth, Leysha Mange",4.8,Low
Rangbaaz,2018,40.0,Not Rated,Action,"Jay Joshi, Saqib Saleem, Jimmy Sheirgill, Tigmanshu Dhulia",8.1,High
Well-Intended Love,2019,15.0,Not Rated,Drama,"Xu Kai Cheng, Liu Jia Xi, Huang Qian Shuo, Wang Shuang",7.3,Moderate
Rodney,2004,30.0,Not Rated,Comedy,"Rodney Carrington, Jennifer Aspen, Nick Searcy, Oliver Davis",6.7,Low
APB,2016,25.0,Not Rated,Crime,"Justin Kirk, Natalie Martinez, Taylor Handley, Caitlin Stasey",6.9,Low
Kimi ni todoke,2009,90.0,Not Rated,Animation,"Mamiko Noto, Daisuke Namikawa, Yûko Sanpei, Miyuki Sawashiro",7.8,Moderate
Gordon Ramsay's 24 Hours to Hell and Back,2018,29.0,Not Rated,Reality-TV,"Gordon Ramsay, Mary Keledjian, Christina Wilson, Domenic Botto",7.3,Moderate
Cooper Barrett's Guide to Surviving Life,2016,45.0,Not Rated,Comedy,"Jack Cutmore-Scott, Meaghan Rath, James Earl, Charlie Saxton",6.3,Low
Kalp Atisi,2017,60.0,Not Rated,Drama,"Gökhan Alkan, Öykü Karayel, Burcu Türünz, Basar Dogusoy",6.5,Low
Drive,2007,24.0,Not Rated,Action,"Kristin Lehman, Emma Stone, Rochelle Aytes, Taryn Manning",7.7,Moderate
Call Me Fitz,2010,43.0,Not Rated,Comedy,"Jason Priestley, Peter MacNeill, Donavon Stinson, Ernie Grunwald",7.1,Moderate
The Guild,2007,60.0,Not Rated,Short,"Felicia Day, Sandeep Parikh, Jeff Lewis, Robin Thorsen",8.2,High
Ren & Stimpy 'Adult Party Cartoon',2003,60.0,Not Rated,Animation,"John Kricfalusi, Eric Bauza, Mike Kricfalusi, Cheryl Chase",5.5,Low
Weather Report,2005,26.0,Not Rated,Comedy,"David Lynch, Laura Dern",9.2,High
Barnwood Builders,2013,42.0,Not Rated,Documentary,"Mark Bowe, Johnny Jett, Sherman Thompson, Tim Rose",7.8,Moderate
The Tom and Jerry Show,2014,30.0,Not Rated,Animation,"Stephen Stanton, Grey Griffin, Rick Zieff, ""Joey DAuria""",7.1,Moderate
The Halcyon,2017,22.0,Not Rated,Drama,"Annabelle Apsion, Mark Benton, Jamie Blackley, Edward Bluemel",7.5,Moderate
Bajillion Dollar Propertie$,2016,55.0,Not Rated,Comedy,"Dan Ahdoot, Tim Baltz, Ryan Gaul, Mandell Maughan",7.7,Moderate
Blood-C,2011,24.0,Not Rated,Animation,"Alexis Tipton, Scott Freeman, Todd Haberkorn, Bill Jenkins",6.3,Low
Ragini MMS Returns,2017,25.0,Not Rated,Horror,"Divya Agarwal, Varun Sood, Gaurav Alugh, Nishkarsh Arora",4.1,Low
Picture Perfect Mysteries,2019,28.0,Not Rated,Crime,"Alexa PenaVega, Carlos PenaVega, Trezzo Mahoro, Sunita Prasad",7.1,Moderate
Aggretsuko,2018,30.0,Not Rated,Animation,"Ben Diskin, Erica Mendez, G.K. Bowes, Katelyn Gault",8.1,High
Escape to the Country,2002,60.0,Not Rated,Reality-TV,"Jules Hudson, Melissa Porter, Alistair Appleton, Nick Page",7.2,Moderate
Log Horizon,2013,24.0,Not Rated,Animation,"Jad Saxton, Mike Yager, Jôji Nakata, Andrew Love",7.7,Moderate
Busted! I Know Who You Are!,2018,30.0,Not Rated,Comedy,"Jae-Suk Yoo, Park Min-Young, Se-hun Oh, Jong-min Kim",7.7,Moderate
Astrid et Raphaëlle,2019,5.0,Not Rated,Crime,"Sara Mortensen, Lola Dewaere, Benoît Michel, Jean-Louis Garçon",7.8,Moderate
The Wrong Mans,2013,60.0,Not Rated,Comedy,"Mathew Baynton, James Corden, Sarah Solemani, Dawn French",7.8,Moderate
Lykkeland,2018,90.0,Not Rated,Drama,"Mads Sjøgård Pettersen, Anne Regine Ellingsæter, Amund Harboe, Bart Edwards",7.8,Moderate
The Team,2015,25.0,Not Rated,Crime,"Lars Mikkelsen, Jürgen Vogel, Jasmin Gerat, Marie Bach Hansen",7.0,Moderate
Darker Than Black: Kuro no keiyakusha,2007,35.0,Not Rated,Animation,"Jason Liebrecht, Kate Oxley, Christopher Sabat, Brina Palencia",7.8,Moderate
Web of Lies,2014,120.0,Not Rated,Documentary,"Nathan Wiley, Cherise Silvestri, Raven Cinello, Russell Bentley",7.8,Moderate
Sexy Urban Legends,2001,41.0,Not Rated,Romance,"Mick Thomas, Tony Menke, Tracy Dali, Ronn Burner",6.3,Low
Extreme Makeover: Home Edition,2003,25.0,Not Rated,Comedy,"Ty Pennington, Paul DiMeo, Michael Moloney, Tracy Hutson",6.3,Low
Mama June: From Not to Hot,2017,60.0,Not Rated,Reality-TV,"Gina Rodriguez, Josh Efird, Alana Thompson, Lauryn Shannon",4.0,Low
The Magic School Bus Rides Again,2017,60.0,Not Rated,Animation,"Mikaela Blake, Gabby Clarke, Birva Pandya, Kate McKinnon",6.2,Low
Unexpected,2017,30.0,Not Rated,Reality-TV,"McKayla Adkins, Tyra Boisseau, Caelen Morrison, Chloe Mendoza",5.3,Low
Coupling,2003,22.0,Not Rated,Comedy,"Colin Ferguson, Jay Harrington, Lindsay Price, Christopher Moynihan",3.6,Low
Chrisley Knows Best,2014,30.0,Not Rated,Reality-TV,"Faye Chrisley, Todd Chrisley, Grayson Chrisley, Julie Chrisley",5.0,Low
Vratice se rode,2007,60.0,Not Rated,Comedy,"Nikola Djuricko, Dragan Bjelogrlic, ""Srdjan Zika Todorovic"", Ljubomir Bandovic",8.9,High
Little Nightmares,2019,43.0,Not Rated,Animation,Unknown,8.5,High
Citrus,2018,60.0,Not Rated,Animation,"Tomoaki Maeno, Kana Ueda, Ikumi Hayama, Shiori Izawa",6.3,Low
Skylanders Academy,2016,30.0,Not Rated,Animation,"Justin Long, Ashley Tisdale, Jonathan Banks, Chris Diamantopoulos",6.6,Low
Him & Her,2010,11.0,Not Rated,Comedy,"Russell Tovey, Sarah Solemani, Joe Wilkinson, Kerry Howard",7.8,Moderate
Zeke and Luther,2009,44.0,Not Rated,Action,"Hutch Dano, Adam Hicks, Daniel Curtis Lee, Ryan Whitney",6.4,Low
Games People Play,2019,40.0,Not Rated,Drama,"Lauren London, Karen Obilom, Parker McKenna Posey, Sarunas J. Jackson",6.4,Low
Married,2014,60.0,Not Rated,Comedy,"Nat Faxon, Judy Greer, Brett Gelman, Rachel Eggleston",7.1,Moderate
Meet the Browns,2009,21.0,Not Rated,Comedy,"Denise Boutte, Tamela J. Mann, David Mann, Lamman Rucker",3.7,Low
Mommy XXX,2009,30.0,Not Rated,Reality-TV,"Gina Rodriguez, Chris Snail, Brandi Snail, Patrick Higginson",6.4,Low
Will,2017,25.0,Not Rated,Drama,"Laurie Davidson, Olivia DeJonge, Ewen Bremner, Mattias Inwood",6.8,Low
Mystery Science Theater 3000: The Return,2017,42.0,Not Rated,Comedy,"Felicia Day, Patton Oswalt, Jonah Ray, Baron Vaughn",8.0,High
Maken-Ki! Battling Venus,2011,22.0,Not Rated,Animation,"Tia Lynn Ballard, Monica Rial, Ian Sinclair, Morgan Laure",6.1,Low
The Commons,2019,60.0,Not Rated,Drama,"Joanne Froggatt, Rupert Penry-Jones, David Lyons, Ryan Corr",6.0,Low
Shinibsagwan Goohaeryung,2019,24.0,Not Rated,Drama,"Shin Se-Kyung, Cha Eun-Woo, Ji-Hoon Lee, Gi-woong Park",8.2,High
Vatanim Sensin,2016,23.0,Not Rated,Drama,"Halit Ergenç, Bergüzar Korel, Boran Kuzum, Pinar Deniz",8.2,High
O Mecanismo,2018,60.0,Not Rated,Crime,"Caroline Abras, Selton Mello, Enrique Diaz, Jonathan Haagensen",8.4,High
Druck,2018,60.0,Not Rated,Drama,"Lea Zoë Voss, Touka El-Fawwal, Lilly Dreesen, Jobel Mokonzi",7.8,Moderate
Hernán,2019,23.0,Not Rated,Biography,"Ishbel Bautista, Michel Brown, Víctor Clavijo, Cristian Gamero",7.6,Moderate
Bomb Girls,2012,25.0,Not Rated,Drama,"Meg Tilly, Jodi Balfour, Charlotte Hegele, Ali Liebert",7.9,Moderate
Me Chama de Bruna,2016,325.0,Not Rated,Drama,"Maria Bopp, Simone Mazzer, Stella Rabello, Nash Laila",6.8,Low
Those Who Can't,2016,22.0,Not Rated,Comedy,"Maria Thayer, Adam Cayton-Holland, Ben Roy, Andrew Orvedahl",7.2,Moderate
Power Rangers R.P.M.,2009,60.0,Not Rated,Action,"Eka Darville, Ari Boyland, Rose McIver, Milo Cawthorne",6.5,Low
Blood and Water,2015,30.0,Not Rated,Crime,"Elfina Luk, Loretta Yu, Oscar Hsu, Fiona Fu",4.8,Low
MasterChef Junior,2013,43.0,Not Rated,Family,"Gordon Ramsay, Christina Tosi, Charlie Ryan, Joe Bastianich",6.7,Low
Swamp People,2010,30.0,Not Rated,Action,"Troy Landry, R.J. Molinere, Junior Edwards, Liz Cavalier",6.2,Low
Si no t'hagués conegut,2018,60.0,Not Rated,Drama,"Pablo Derqui, Andrea Ros, Javier Beltrán, Paula Malia",7.7,Moderate
Manhattan Love Story,2014,45.0,Not Rated,Comedy,"Lio Tipton, Jake McDorman, Nicolas Wright, Jade Catta-Preta",7.0,Moderate
Moral Orel,2005,23.0,Not Rated,Animation,"Carolyn Lawrence, Scott Adsit, Britta Phillips, Tigger Stamatopoulos",7.9,Moderate
Siempre Tuya Acapulco,2014,12.0,Not Rated,Adventure,"Camila Rojas, Daniel Elbittar, Melissa Barrera, Cecilia Ponce",7.1,Moderate
Dark Tourist,2018,55.0,Not Rated,Documentary,"David Farrier, Robin Brown, Dan Bulter, Daley Catherine",7.5,Moderate
Bad Mothers,2019,40.0,Not Rated,Drama,"Tess Haubrich, Mandy McElhinney, Jessica Tovey, Shalom Brune-Franklin",6.0,Low
'Til Death,2006,60.0,Not Rated,Comedy,"Brad Garrett, Joely Fisher, Kat Foster, Eddie Kaye Thomas",6.5,Low
Power Rangers DinoThunder,2004,130.0,Not Rated,Action,"James Napier Robertson, Kevin Duhaney, Emma Lahana, Jason David Frank",6.8,Low
Gigolos,2011,22.0,Not Rated,Reality-TV,"Nick Hawk, Brace Land, Vin Armani, Ash Armand",6.1,Low
Conviction,2016,180.0,Not Rated,Drama,"Hayley Atwell, Eddie Cahill, Shawn Ashmore, Merrin Dungey",7.2,Moderate
Devon Ke Dev... Mahadev,2011,45.0,Not Rated,Action,"Mohit Raina, Mouni Roy, Saurabh Raj Jain, Sonarika Bhadoria",9.2,High
Jinsimi Dadda,2019,105.0,Not Rated,Romance,"Lee Dong-Wook, Sang-woo Lee, Sung Yoon Son, Oh Jeong-Se",7.7,Moderate
Kyoukai no kanata,2013,23.0,Not Rated,Animation,"Kenichiro Ohashi, Risa Taneda, Minori Chihara, Clint Bickham",7.3,Moderate
My Life as a Teenage Robot,2003,60.0,Not Rated,Animation,"Janice Kawaye, Chad Doreck, Candi Milo, Audrey Wasilewski",6.9,Low
Mistresses,2008,30.0,Not Rated,Drama,"Sarah Parish, Sharon Small, Orla Brady, Shelley Conn",7.6,Moderate
Recovery Road,2016,65.0,Not Rated,Drama,"Jessica Sula, Sebastian De Souza, Alexis Carra, Daniel Franzese",7.5,Moderate
Peter Rabbit,2012,23.0,Not Rated,Animation,"Peter Harris, Michaela Dean, Mark Huckerby, JB Blanc",5.6,Low
Jonas,2009,60.0,Not Rated,Comedy,"Kevin Jonas, Chelsea Kane, Nicole Gale Anderson, Joe Jonas",4.7,Low
Ikki tôsen,2003,60.0,Not Rated,Animation,"Yûko Kaida, Masumi Asano, Satoshi Hino, Kikuko Inoue",6.0,Low
Power Rangers Mystic Force,2006,2.0,Not Rated,Action,"Firass Dirani, Angie Diaz, Richard Brancatisano, Melanie Vallejo",6.7,Low
Lipstick Jungle,2008,60.0,Not Rated,Comedy,"Brooke Shields, Kim Raver, Lindsay Price, Paul Blackthorne",6.5,Low
Nighty Night,2004,65.0,Not Rated,Comedy,"Julia Davis, Angus Deayton, Rebecca Front, Ruth Jones",8.1,High
Rock of Love with Bret Michaels,2007,60.0,Not Rated,Game-Show,"Bret Michaels, Big John Murray, Heather Chadwell, Lacey Sculls",4.8,Low
"Alex, Inc.",2018,26.0,Not Rated,Comedy,"Zach Braff, Tiya Sircar, Hillary Anne Matthews, Elisha Henig",5.7,Low
O Ma-i Bi-neo-seu,2015,22.0,Not Rated,Comedy,"So Ji-seob, Shin Min-a, Sung Hoon, Yoo In-young",7.8,Moderate
The Gifted,2018,43.0,Not Rated,Drama,"Korapat Kirdpan, Wachirawit Ruangwiwat, Apichaya Thongkham, Ramida Jiranorraphat",8.3,High
Blark and Son,2018,60.0,Not Rated,Comedy,"Ben Bayouth, Christopher Mintz-Plasse, Deborah Baker Jr., Jim Rash",7.6,Moderate
Fate/stay night,2006,52.0,Not Rated,Animation,"Noriaki Sugiyama, Kate Higgins, Candice Moore, ""Liam OBrien""",7.3,Moderate
The Filthy Frank Show,2011,24.0,Not Rated,Comedy,"Joji, Artemis Holdenberry, Zeeq, Bloody Hairy",9.4,High
South Side,2019,42.0,Not Rated,Comedy,"Sultan Salahuddin, Kareme Young, Quincy Young, Chandra Russell",7.8,Moderate
Osmosis,2019,24.0,Not Rated,Romance,"Agathe Bonitzer, Hugo Becker, Gaël Kamilindi, Manoel Dupont",5.9,Low
MTV Floribama Shore,2017,25.0,Not Rated,Reality-TV,"Jeremiah Buoni, Codi Butts, Kortni Gilson, Aimee Hall",5.0,Low
The Talk,2010,24.0,Not Rated,Talk-Show,"Sharon Osbourne, Julie Chen Moonves, Sheryl Underwood, Sara Gilbert",3.3,Low
America Says,2018,60.0,Not Rated,Game-Show,"John Michael Higgins, Russell Rope, Tyanta Snow, Sashani Nichole",7.5,Moderate
Single-Handed,2007,45.0,Not Rated,Drama,"Owen McDonnell, David Herlihy, Ruth McCabe, Brian Gleeson",7.5,Moderate
"Play It Again, Dick",2014,15.0,Not Rated,Comedy,"Ryan Hansen, Kyle Gallner, Viet Nguyen, Amanda Noret",7.1,Moderate
The Real L Word,2010,45.0,Not Rated,Reality-TV,"Whitney Mixter, Kelsey Grace Chavarria, Alyssa Morgan, Kacy Boccumini",6.0,Low
Most Haunted,2002,28.0,Not Rated,Horror,"Yvette Fielding, Karl Beattie, ""Ciarán OKeeffe"", Stuart Torevell",5.0,Low
Sthlm Rekviem,2018,8.0,Not Rated,Crime,"Liv Mjönes, Jonas Karlsson, Alexej Manvelov, Magnus Roosmann",6.6,Low
Hex,2004,30.0,Not Rated,Comedy,"Jemima Rooper, Jamie Davis, Amber Sainsbury, Colin Salmon",7.0,Moderate
Giruti kuraun: Guilty Crown,2011,60.0,Not Rated,Animation,"Yûki Kaji, Ai Kayano, Kana Hanazawa, Kate Bristol",7.1,Moderate
Dragons' Den,2005,21.0,Not Rated,Reality-TV,"Evan Davis, Peter Jones, Deborah Meaden, Duncan Bannatyne",6.8,Low
Johnny Test,2005,60.0,Not Rated,Animation,"James Arnold Taylor, Maryke Hendrikse, Lee Tockar, Ashleigh Ball",5.1,Low
Eulachacha Waikiki,2018,23.0,Not Rated,Comedy,"Yi-Kyeong Lee, Kim Jung-hyun, In-sun Jung, Son Seung-Won",8.3,High
All Hail King Julien,2014,42.0,Not Rated,Animation,"Danny Jacobs, Andy Richter, Kevin Michael Richardson, India de Beaufort",7.2,Moderate
Fastlane,2002,25.0,Not Rated,Action,"Peter Facinelli, Bill Bellamy, Tiffani Thiessen, Big Boy",7.5,Moderate
Gone,2017,44.0,Not Rated,Crime,"Leven Rambin, Chris Noth, Danny Pino, Andy Mientus",7.2,Moderate
Gravity Falls Shorts,2013,43.0,Not Rated,Animation,"Alex Hirsch, Kristen Schaal, Jason Ritter, Linda Cardellini",8.4,High
In Plain Sight,2018,22.0,Not Rated,Crime,"Michael Fleeman, Dustin Kuschnereit, Tyanne McNicoll, William Whyte",7.7,Moderate
Dark Blue,2009,24.0,Not Rated,Action,"Dylan McDermott, Omari Hardwick, Logan Marshall-Green, Nicki Aycox",7.5,Moderate
Son: The Guest,2018,43.0,Not Rated,Drama,"Dong-wook Kim, Kim Jae-Wook, Jung Eun-chae, Park Ho-San",8.1,High
Teresa,2010,140.0,Not Rated,Drama,"Sebastián Rulli, Aarón Díaz, Angelique Boyer, Cynthia Klitbo",7.8,Moderate
Nowhere Boys,2013,45.0,Not Rated,Adventure,"Darci McDonald, Nicholas Coghlan, Matt Testro, Dougie Baldwin",7.2,Moderate
Black Dynamite,2011,60.0,Not Rated,Animation,"Michael Jai White, Byron Minns, Kym Whitley, Tommy Davidson",8.1,High
Fear Itself,2008,30.0,Not Rated,Horror,"Margherita Donato, Valerie White, Clifton Collins Jr., Briana Evigan",7.0,Moderate
The Black Donnellys,2007,43.0,Not Rated,Crime,"Jonathan Tucker, Tom Guiry, Olivia Wilde, Billy Lush",8.1,High
Euphoria,2012,60.0,Not Rated,Drama,"Roni Dalumi, Dekel Adin, Amit Erez, Avi Mazliah",6.4,Low
Significant Mother,2015,60.0,Not Rated,Comedy,"Josh Zuckerman, Nathaniel Buzolic, Krista Allen, Emma Fitzpatrick",6.1,Low
Gangland Undercover,2015,150.0,Not Rated,Biography,"Damon Runyan, Ian Matthews, Ari Cohen, Stephen Eric McIntyre",8.2,High
N.H.K ni yôkoso!,2006,48.0,Not Rated,Animation,"Yutaka Koizumi, Yui Makino, Michael C. Pizzuto, Greg Ayres",8.3,High
Trolls: The Beat Goes On!,2018,60.0,Not Rated,Animation,"Amanda Leighton, Sean T. Krishnan, Kevin Michael Richardson, Skylar Astin",5.9,Low
Kidou Senshi Gundam: Tekketsu no Orphans,2015,70.0,Not Rated,Animation,"Bill Rogers, Adin Rudd, Jennifer Alyx, Sean Finkle",7.9,Moderate
Bodies,2004,60.0,Not Rated,Drama,"Tamzin Malleson, Max Beesley, Keith Allen, Patrick Baladi",8.5,High
Shadow hunters,2017,60.0,Not Rated,Action,"Sheng Ming He, Samuel D.T. Mackey, Vander McLeod, Ban Wang",6.9,Low
Diabolik Lovers,2013,30.0,Not Rated,Animation,"Bryson Baugus, Luci Christian, Shannon Emerick, Maggie Flecknoe",5.2,Low
Frikjent,2015,120.0,Not Rated,Crime,"Nicolai Cleve Broch, Lena Endre, Anne Marit Jacobsen, Ellen Dorrit Petersen",7.5,Moderate
Fallet,2017,42.0,Not Rated,Comedy,"Adam Godley, Lisa Henni, Lia Boysen, Christoffer Nordenrot",6.8,Low
Aynen Aynen,2019,60.0,Not Rated,Short,"Nilperi Sahinkaya, Kerem Bürsin, Uraz Kaygilaroglu, Diyar Karatas",7.6,Moderate
The Emperor's New School,2006,30.0,Not Rated,Animation,"J.P. Manoux, Patrick Warburton, Curtis Armstrong, Eartha Kitt",6.6,Low
She Spies,2002,3.0,Not Rated,Action,"Natasha Henstridge, Kristen Miller, Natashia Williams, Carlos Jacott",6.1,Low
Jann,2019,60.0,Not Rated,Comedy,"Deborah Grover, Jann Arden, Zoie Palmer, Elena Juatco",7.1,Moderate
Queer Eye for the Straight Guy,2003,43.0,Not Rated,Comedy,"Ted Allen, Carson Kressley, Kyan Douglas, Thom Filicia",6.1,Low
Kick Buttowski: Suburban Daredevil,2010,43.0,Not Rated,Animation,"Charlie Schlatter, Matt Jones, Danny Cooksey, Emily Osment",6.6,Low
Black Ink Crew,2012,43.0,Not Rated,Reality-TV,"Ashley Nicole Bermudez, Ceaser Emanuel, Dutchess Lattimore, Kevin Laroy",4.6,Low
Alpha House,2013,43.0,Not Rated,Comedy,"John Goodman, Clark Johnson, Matt Malloy, Mark Consuelos",7.6,Moderate
Mr & Mrs Murder,2013,43.0,Not Rated,Comedy,"Shaun Micallef, Kat Stewart, Jonny Pasvolsky, Lucy Velik",7.4,Moderate
Bluff City Law,2019,43.0,Not Rated,Drama,"Jimmy Smits, Caitlin McGee, Barry Sloane, Michael Luwoye",6.8,Low
Power Rangers Jungle Fury,2008,43.0,Not Rated,Action,"Jason Smith, Anna Hutchison, Aljin Abella, David de Lautour",6.6,Low
Ajin,2016,43.0,Not Rated,Animation,"Mamoru Miyano, Martin Billany, Johnny Yong Bosch, Lucien Dodge",7.6,Moderate
Summer House,2017,43.0,Not Rated,Reality-TV,"Kyle Cooke, Lindsay Hubbard, Carl Radke, Amanda Batula",5.7,Low
Fazilet Hanim ve Kizlari,2017,43.0,Not Rated,Drama,"Nazan Kesal, Deniz Baysal, Caglar Ertugrul, Mahir Günsiray",6.8,Low
Advokaten,2018,43.0,Not Rated,Crime,"Alexander Karim, Malin Buska, Thomas Bo Larsen, Nicolaj Kopernikus",7.0,Moderate
Mad Dogs,2011,43.0,Not Rated,Comedy,"Max Beesley, Philip Glenister, John Simm, Marc Warren",7.6,Moderate
Strange Days at Blake Holsey High,2002,43.0,Not Rated,Adventure,"Emma Taylor-Isherwood, Shadia Simmons, Michael Seater, Noah Reid",7.9,Moderate
The Twilight Zone,2002,43.0,Not Rated,Drama,"Forest Whitaker, June B. Wilde, Chris Shields, Tangi Miller",7.2,Moderate
Merlí. Sapere Aude,2019,43.0,Not Rated,Drama,"Carlos Cuevas, María Pujalte, Pablo Capuz, Boris Ruiz",7.7,Moderate
The Disappearance of Madeleine McCann,2019,43.0,Not Rated,Documentary,"Anthony Summers, Maria João Vaz, Gonçalo Amaral, Robbyn Swan",6.6,Low
Too Close to Home,2016,43.0,Not Rated,Drama,"Danielle Savre, Kelly Sullivan, Brooke Anne Smith, ""Brock OHurn""",5.2,Low
Sen Anlat Karadeniz,2018,43.0,Not Rated,Drama,"Ulas Tuna Astepe, Irem Helvacioglu, Sinan Tuzcu, Öykü Gürman",5.6,Low
Suspects,2014,43.0,Not Rated,Crime,"Damien Molony, Clare-Hope Ashitey, Fay Ripley, Christian Brassington",7.1,Moderate
The Web of Spider-Man,2017,43.0,Not Rated,Action,"Brandon Melo, Dustin Teuber, Ashlyn Prehl, Tina Bell",7.0,Moderate
Dae Jang-geum,2003,43.0,Not Rated,Biography,"Lee Yeong-ae, Hyeon-shik Lim, Jin-hee Ji, So-yi Kim",8.5,High
La caza. Monteperdido,2019,43.0,Not Rated,Crime,"Megan Montaner, Alain Hernández, Beatriz Carvajal, Francis Lorenzo",7.1,Moderate
La esclava blanca,2016,43.0,Not Rated,History,"Cristina García, Paola Moreno, Nerea Camacho, Carrell Lasso",8.3,High
Nae Aidineun Gangnammiin,2018,43.0,Not Rated,Comedy,"Soo-hyang Im, Cha Eun-Woo, Woo-Ri Jo, Kwak Dong-yeon",7.5,Moderate
All That,2019,43.0,Not Rated,Short,"Chinguun Sergelen, Reece Caddell, Nathan Janak, Ryan Alessi",5.6,Low
Ask Aglatir,2019,43.0,Not Rated,Drama,"Deniz Can Aktas, Hafsanur Sancaktutan, Yagiz Can Konyali, Eda Sölenci",4.5,Low
American Monster,2016,43.0,Not Rated,Documentary,"Tom Streithorst, Grant Ross, Mark Behan, Adam Neill",7.5,Moderate
The Red Line,2019,43.0,Not Rated,Crime,"Noah Wyle, Emayatzy Corinealdi, Aliyah Royale, Noel Fisher",5.5,Low
Proven Innocent,2019,43.0,Not Rated,Crime,"Rachelle Lefevre, Russell Hornsby, Vincent Kartheiser, Nikki M. James",6.5,Low
In the Long Run,2017,43.0,Not Rated,Comedy,"Jimmy Akingbola, Madeline Appiah, Bill Bailey, Idris Elba",7.5,Moderate
Barbie: Life in the Dreamhouse,2012,43.0,Not Rated,Animation,"Kate Higgins, Sean Hankinson, Haviland Stillwell, Paula Rhodes",7.4,Moderate
Slings and Arrows,2003,43.0,Not Rated,Comedy,"Paul Gross, Martha Burns, Stephen Ouimette, Susan Coyne",8.5,High
Ubice mog oca,2016,60.0,Not Rated,Action,"Vuk Kostic, Marko Janketic, Tihomir Stanic, Slavko Stimac",8.1,High
Haereul poomeun dal,2012,60.0,Not Rated,Drama,"Mi-seon Jeon, Mi-kyeong Yang, Eung-soo Kim, Eun-pyo Jeong",8.0,High
Herrens veje,2017,70.0,Not Rated,Drama,"Lars Mikkelsen, Ann Eleonora Jørgensen, Simon Sears, Fanny Louise Bernth",7.7,Moderate
"60 Il, Jijeongsaengjonja",2019,52.0,Not Rated,Drama,"Jin-hee Ji, Joon-ho Huh, Kang Han-na, Lee Joon-hyuk",8.1,High
Glacé,2016,22.0,Not Rated,Crime,"Charles Berling, Julia Piaton, Pascal Greggory, Nina Meurisse",6.3,Low
Corner Gas Animated,2018,60.0,Not Rated,Animation,"Brent Butt, Gabrielle Miller, Fred Ewanuick, Eric Peterson",7.6,Moderate
Car S.O.S.,2013,45.0,Not Rated,Reality-TV,"Tim Shaw, Fuzz Townshend, Phil Cornwell, Jim Smallman",8.1,High
The Division,2001,49.0,Not Rated,Crime,"Bonnie Bedelia, Nancy McKeon, Lisa Vidal, Jon Hamm",6.6,Low
Rubicon,2010,25.0,Not Rated,Crime,"James Badge Dale, Jessica Collins, Lauren Hodges, Dallas Roberts",7.9,Moderate
Footballers' Wives,2002,60.0,Not Rated,Drama,"Gillian Taylforth, Zöe Lucker, Paul Clarke, Alison Newman",6.3,Low
Wow! Wow! Wubbzy!,2002,30.0,Not Rated,Animation,"Julie-Ann Dean, Janet James, Lara Jill Miller, Grey Griffin",6.2,Low
The Level,2016,45.0,Not Rated,Crime,"Lindsey Coulson, Robert James-Collier, Noel Clarke, Philip Glenister",6.9,Low
Legit,2013,60.0,Not Rated,Comedy,"Jim Jefferies, Dan Bakkedahl, DJ Qualls, Mindy Sterling",8.2,High
Unsellable Houses,2019,30.0,Not Rated,Reality-TV,"Leslie Davis, Lyndsay Lamb, Jeff Lawrence",6.3,Low
Bedlam,2011,30.0,Not Rated,Drama,"Hugo Speer, Charlotte Salt, Lacey Turner, Theo James",6.6,Low
Sesang Eodiedo Eobneun Chakhan Namja,2012,22.0,Not Rated,Drama,"Song Joong-ki, Moon Chae-Won, Si-yeon Park, Kwang-Soo Lee",7.8,Moderate
Gen: Lock,2019,21.0,Not Rated,Animation,"Michael B. Jordan, Golshifteh Farahani, David Tennant, Dakota Fanning",7.4,Moderate
Hunderby,2012,60.0,Not Rated,Comedy,"Julia Davis, Alexandra Roach, Alex Macqueen, Rufus Jones",7.5,Moderate
King Gary,2018,60.0,Not Rated,Comedy,"Tom Davis, Laura Checkley, Camille Coduri, Simon Day",6.6,Low
Yonderland,2013,43.0,Not Rated,Comedy,"Mathew Baynton, Simon Farnaby, Martha Howe-Douglas, Jim Howick",7.9,Moderate
Hollywood Darlings,2017,24.0,Not Rated,Comedy,"Beverley Mitchell, Jodie Sweetin, Christine Lakin, Brandon Breault",6.8,Low
Ex on the Beach,2014,2.0,Not Rated,Reality-TV,"Andrew Maxwell, Stephen Bear, Jordan Davies, Ashley Cain",4.7,Low
Crisis,2014,90.0,Not Rated,Action,"Dermot Mulroney, Rachael Taylor, Lance Gross, James Lafferty",7.2,Moderate
Harry's Law,2011,25.0,Not Rated,Comedy,"Kathy Bates, Nate Corddry, Christopher McDonald, Karen Olivo",7.3,Moderate
Strike the Blood,2013,60.0,Not Rated,Animation,"Asami Seto, Hisako Kanemoto, Yoshimasa Hosoya, Rina Hidaka",7.1,Moderate
Descendants: Wicked World,2015,30.0,Not Rated,Animation,"Dove Cameron, Sofia Carson, Sarah Jeffery, ""Brenna DAmico""",6.6,Low
The Murdoch Mysteries,2004,43.0,Not Rated,Crime,"Peter Outerbridge, Flora Montgomery, Matthew MacFadzean, Colm Meaney",7.7,Moderate
Trailer Park Boys: The Animated Series,2019,60.0,Not Rated,Animation,"John Paul Tremblay, Robb Wells, Mike Smith, Patrick Roach",7.5,Moderate
Capadocia,2008,60.0,Not Rated,Drama,"Dolores Heredia, Juan Manuel Bernal, Aida López, Marco Treviño",8.2,High
The Characters,2016,60.0,Not Rated,Comedy,"John T. Reynolds, Kate Berlant, John Early, Jon Bander",5.4,Low
Single Ladies,2011,20.0,Not Rated,Comedy,"Travis Winfrey, LisaRaye McCoy, Charity Shea, D.B. Woodside",6.2,Low
In My Skin,2018,25.0,Not Rated,Comedy,"Gabrielle Creevy, James Wilbraham, Jo Hartley, Poppy Lee Friar",7.6,Moderate
Survivors,2008,43.0,Not Rated,Drama,"Julie Graham, Max Beesley, Paterson Joseph, Zoë Tapper",7.6,Moderate
Los simuladores,2002,43.0,Not Rated,Adventure,"""Federico DElía"", Alejandro Fiore, Diego Peretti, Martín Seefeld",9.2,High
Through the Wormhole,2010,45.0,Not Rated,Documentary,"Morgan Freeman, Sean Carroll, Michio Kaku, Carlos Frenk",8.6,High
La niña,2016,60.0,Not Rated,Drama,"Ana María Estupiñán, Sebastian Eslava, Laura Archbold, Martha Restrepo",8.6,High
Mia and Me,2011,30.0,Not Rated,Animation,"Rosabell Laurenti Sellers, Stephie Theodora, Josephine Benini, Mary Sellers",6.7,Low
Skam España,2018,42.0,Not Rated,Drama,"Alba Planas, Hajar Brown, Irene Ferreiro, Nicole Wallace",7.5,Moderate
The Real Housewives of Potomac,2016,22.0,Not Rated,Reality-TV,"Gizelle Bryant, Karen Huger, Robyn Dixon, Ashley Darby",4.7,Low
Blood Ties,2007,13.0,Not Rated,Drama,"Christina Cox, Dylan Neal, Kyle Schmid, Gina Holden",7.2,Moderate
The Universe,2007,44.0,Not Rated,Documentary,"Erik Thompson, Alex Filippenko, Laura Danly, Clifford V. Johnson",8.7,High
Betrayal,2013,37.0,Not Rated,Drama,"Hannah Ware, Henry Thomas, Wendy Moniz-Grillo, Braeden Lemasters",7.1,Moderate
There She Goes,2018,56.0,Not Rated,Drama,"David Tennant, Jessica Hynes, Miley Locke, Edan Hayhurst",8.0,High
Nieuwe buren,2014,15.0,Not Rated,Drama,"Bracha van Doesburgh, Anneke Blok, Daan Schuurmans, Tibor Lukács",7.1,Moderate
Kitchen Confidential,2005,21.0,Not Rated,Comedy,"Bradley Cooper, Nicholas Brendon, John Francis Daley, Jaime King",8.1,High
Zhen Hun Jie,2016,43.0,Not Rated,Animation,Unknown,7.8,Moderate
Funny or Die Presents...,2010,24.0,Not Rated,Comedy,"Steve Tom, Rob Huebel, Christine Scott Bennett, Callie Cameron",5.6,Low
A.D. The Bible Continues,2015,30.0,Not Rated,Drama,"Richard Coyle, Vincent Regan, Adam Levy, Joanne Whalley",7.5,Moderate
Let's Make a Deal,2009,90.0,Not Rated,Comedy,"Wayne Brady, Jonathan Mangum, Tiffany Coyne, Timothy Feimster",6.2,Low
Skylines,2019,60.0,Not Rated,Crime,"Peri Baumeister, Gia Bay, Sahin Eryilmaz, Edin Hasanovic",7.6,Moderate
Uncle Grandpa,2010,23.0,Not Rated,Animation,"Peter Browngardt, Kevin Michael Richardson, Eric Bauza, Adam Devine",4.3,Low
Ru yi zhuan,2018,45.0,Not Rated,Drama,"Xun Zhou, Wallace Huo, Janine Chun-Ning Chang, Youming Huang",7.6,Moderate
The Muppets.,2015,22.0,Not Rated,Comedy,"Dave Goelz, Eric Jacobson, Bill Barretta, Peter Linz",7.4,Moderate
The Middleman,2008,43.0,Not Rated,Comedy,"Matt Keeslar, Natalie Morales, Brit Morgan, Mary Pat Gleason",8.1,High
A to Z,2014,44.0,Not Rated,Comedy,"Ben Feldman, Cristin Milioti, Henry Zebrowski, Lenora Crichlow",6.7,Low
Best Baker in America,2017,49.0,Not Rated,Reality-TV,"Jason Smith, Gesine Bullock-Prado, Carla Hall, Adalberto Diaz",6.5,Low
Marry Me,2014,120.0,Not Rated,Comedy,"Casey Wilson, Ken Marino, John Gemberling, Sarah Wright",6.3,Low
The Crossword Mysteries,2019,60.0,Not Rated,Crime,"Lacey Chabert, Brennan Elliott, John Kapelos, Barbara Niven",8.3,High
Hamburo Aeteuthage,2016,30.0,Not Rated,Drama,"Woo-bin Kim, Bae Suzy, Ju-hwan Lim, Lim Ju-Eun",7.8,Moderate
To aru majutsu no indekkusu,2008,42.0,Not Rated,Animation,"Monica Rial, Micah Solusod, Alexis Tipton, Caitlin Glass",6.9,Low
Dietland,2018,15.0,Not Rated,Comedy,"Joy Nash, Tamara Tunie, Robin Weigert, Rowena King",6.5,Low
South of Nowhere,2005,45.0,Not Rated,Drama,"Gabrielle Christian, Mandy Musgrave, Matt Cohen, Maeve Quinlan",7.9,Moderate
Low Winter Sun,2013,60.0,Not Rated,Crime,"Mark Strong, Lennie James, James Ransone, Sprague Grayden",7.0,Moderate
Gidseltagningen,2017,45.0,Not Rated,Drama,"Johannes Lassen, Alexandre Willaume, Peder Thomas Pedersen, Flemming Enevold",7.3,Moderate
ReGenesis,2004,42.0,Not Rated,Drama,"Peter Outerbridge, Conrad Pla, Dmitry Chepovetsky, Mayko Nguyen",7.9,Moderate
Her Yerde Sen,2019,44.0,Not Rated,Comedy,"Furkan Andic, Aybüke Pusat, Ali Yagci, Aslihan Malbora",6.8,Low
Guilt,2016,35.0,Not Rated,Crime,"Daisy Head, Emily Tremaine, Cristian Solimeno, Naomi Ryan",6.0,Low
BeTipul,2005,22.0,Not Rated,Drama,"Assi Dayan, Gila Almagor, Rami Heuberger, Alma Zack",8.3,High
Blood & Oil,2015,24.0,Not Rated,Crime,"Don Johnson, Chace Crawford, Rebecca Rittenhouse, Scott Michael Foster",6.6,Low
Kings of Con,2006,23.0,Not Rated,Comedy,"Rob Benedict, Richard Speight Jr., Carly Nykanen, Kim Rhodes",8.3,High
Fartblinda,2019,80.0,Not Rated,Drama,"Julia Ragnarsson, Matias Varela, Claes Månsson, Julia Dufvenius",7.1,Moderate
Iron Chef America: The Series,2004,44.0,Not Rated,Game-Show,"Alton Brown, Mark Dacascos, Kevin Brauch, Bobby Flay",7.1,Moderate
Top Gear USA,2008,23.0,Not Rated,Documentary,"Tanner Foust, Adam Ferrara, Rutledge Wood, Eric A. Stromer",5.4,Low
The Real,2013,44.0,Not Rated,Music,"Adrienne Houghton, Jeannie Mai Jenkins, Loni Love, Tamera Mowry-Housley",4.6,Low
Huge,2010,60.0,Not Rated,Comedy,"Nikki Blonsky, Zander Eckhouse, Raven Goodwin, Harvey Guillén",7.3,Moderate
Yeolhyeolsaje,2019,50.0,Not Rated,Action,"Nam-gil Kim, Seong-gyoon Kim, Lee Hanee, Sung-woo Jeon",8.2,High
Wabbit: A Looney Tunes Production,2015,30.0,Not Rated,Animation,"Jeff Bergman, Dee Bradley Baker, Bob Bergen, Matthew Craig",5.8,Low
Wakfu,2008,50.0,Not Rated,Animation,"Fanny Bloc, Geneviève Doang, Jules de Jongh, Thomas Guitard",8.2,High
Garfunkel and Oates,2014,24.0,Not Rated,Comedy,"Riki Lindhome, Kate Micucci, Mike Phirman, Artemis Pebdani",7.5,Moderate
Maen Too Maen,2017,42.0,Not Rated,Action,"Park Hae-Jin, Park Sung-woong, Min-Jung Kim, Jason Nelson",7.4,Moderate
Blackstone,2009,4.0,Not Rated,Action,"Carmen Moore, Eric Schweig, Michelle Thrush, Steven Cree Molison",7.6,Moderate
Malibu Rescue,2019,24.0,Not Rated,Action,"Ricardo Hurtado, Jackie R. Jacobson, Abby Donnelly, Alkoya Brunson",5.5,Low
Gakusen toshi asterisk,2015,120.0,Not Rated,Animation,"Atsushi Tamaru, Ai Kakuma, Kira Buckland, Erik Scott Kimerer",6.9,Low
The River,2012,60.0,Not Rated,Action,"Bruce Greenwood, Joe Anderson, Leslie Hope, Eloise Mumford",6.8,Low
Lincoln Heights,2006,45.0,Not Rated,Drama,"Russell Hornsby, Nicki Micheaux, Erica Hubbard, Rhyon Nicole Brown",7.8,Moderate
La peste,2018,43.0,Not Rated,Action,"Pablo Molinero, Patricia López Arnaiz, Sergio Castellanos, Cecilia Gómez",7.3,Moderate
Real Rob,2015,45.0,Not Rated,Comedy,"Rob Schneider, Patricia Maya Schneider, Jamie Lissow, Miranda Scarlett Schneider",6.4,Low
Morangos com Açúcar,2003,45.0,Not Rated,Comedy,"Vítor Fonseca, Camila Marques, Tiago Aldeia, Ana Guiomar",3.6,Low
Bloom Into You,2018,11.0,Not Rated,Animation,"Tia Lynn Ballard, Clint Bickham, Luci Christian, Amber Lee Connors",7.7,Moderate
Copper,2012,60.0,Not Rated,Action,"Tom Weston-Jones, Kyle Schmid, Anastasia Griffith, Ato Essandoh",7.5,Moderate
American Horror Story FreakShow: Extra-Ordinary-Artists,2014,60.0,Not Rated,Documentary,"Jyoti Amge, Erika Ervin, Mat Fraser, Ben Woolf",8.1,High
"Gate: Jieitai Kanochi nite, Kaku Tatakaeri",2015,29.0,Not Rated,Animation,"""Junichi Suwabe"", Nao Tôyama, Hisako Kanemoto, Risa Taneda",7.5,Moderate
Ölene Kadar,2017,13.0,Not Rated,Drama,"Engin Akyürek, Fahriye Evcen Özçivit, Gülcan Arslan, Sarp Levendoglu",7.2,Moderate
Bionic Woman,2007,11.0,Not Rated,Action,"Michelle Ryan, Miguel Ferrer, Molly Price, Lucy Hale",5.8,Low
Greyzone,2018,55.0,Not Rated,Drama,"Birgitte Hjort Sørensen, Ardalan Esmaili, Joachim Fjelstrup, Tova Magnusson",7.4,Moderate
Emily Owens M.D.,2012,45.0,Not Rated,Comedy,"Mamie Gummer, Justin Hartley, Aja Naomi King, Michael Rady",7.5,Moderate
A League of Their Own,2010,60.0,Not Rated,Comedy,"Andrew Flintoff, Jamie Redknapp, James Corden, Jack Whitehall",7.9,Moderate
The Only Way Is Essex,2010,27.0,Not Rated,Reality-TV,"Denise Van Outen, Chloe Sims, James Bennewith, Bobby Cole Norris",3.1,Low
The Stinky & Dirty Show,2015,60.0,Not Rated,Animation,"Issac Ryan Brown, Jet Jurgensmeyer, Darin De Paul, Tom Kenny",7.4,Moderate
Close to Home,2005,4.0,Not Rated,Crime,"Jennifer Finnigan, Kimberly Elise, David James Elliott, John Carroll Lynch",6.7,Low
Äkta människor,2012,10.0,Not Rated,Drama,"Lisette Pagler, Pia Halvorsen, Johan Paulsen, Natalie Minnevik",7.9,Moderate
World Trigger,2014,30.0,Not Rated,Animation,"Yûki Kaji, Tomo Muranaka, Nao Tamura, Hideyuki Tanaka",7.5,Moderate
Richard Osman's House of Games,2017,30.0,Not Rated,Game-Show,"Richard Osman, Nish Kumar, Rick Edwards, Chizzy Akudolu",8.0,High
Little Lunch,2015,24.0,Not Rated,Comedy,"Flynn Curry, Olivia Deeble, Madison Lu, ""Oisín OLeary""",8.3,High
Blippi,2014,26.0,Not Rated,Family,Stevin John,7.6,Moderate
Rotten,2018,60.0,Not Rated,Documentary,"Latif Nasser, Casey Cox, Stanley Crawford, Leslie Lopatofsky",7.2,Moderate
Nyukhach,2013,42.0,Not Rated,Action,"Kirill Käro, Ivan Oganesyan, Nikolay Chindyaykin, Mariya Anikanova",7.3,Moderate
The L.A. Complex,2012,30.0,Not Rated,Drama,"Jonathan Patrick Moore, Joe Dinicol, Cassie Steele, Jewel Staite",7.1,Moderate
The Kicks,2015,45.0,Not Rated,Comedy,"Sixx Orange, Isabella Acres, Emyri Crutchfield, Gabe Eggerling",7.0,Moderate
The Kelly Clarkson Show,2019,43.0,Not Rated,Music,"Kelly Clarkson, Jason Halbert, ""YAll"", Lester Estelle",5.4,Low
Between Two Ferns with Zach Galifianakis,2008,24.0,Not Rated,Short,"Zach Galifianakis, Jon Hamm, Bradley Cooper, Misty Monroe",8.4,High
Superjail!,2007,60.0,Not Rated,Animation,"David Wain, Teddy Cohn, Christopher McCulloch, Christy Karacas",7.7,Moderate
Turn Up Charlie,2019,22.0,Not Rated,Comedy,"Idris Elba, Piper Perabo, Frankie Hervey, Shaheen Ramdiane",7.1,Moderate
Camp Lazlo!,2004,24.0,Not Rated,Animation,"Carlos Alazraqui, Tom Kenny, Jeff Bennett, Steve Little",6.4,Low
Quan Zhi Gao Shou,2017,60.0,Not Rated,Animation,"Ketsu, Xinzhu Tong, Guanlin Ji, Tianxiang Yang",7.7,Moderate
The Suspicions of Mr Whicher,2011,26.0,Not Rated,Crime,"Paddy Considine, Tim Pigott-Smith, William Beck, Nancy Carroll",7.8,Moderate
Merry Happy Whatever,2019,50.0,Not Rated,Comedy,"Dennis Quaid, Bridgit Mendler, Brent Morin, Ashley Tisdale",6.3,Low
Surface,2005,30.0,Not Rated,Adventure,"Lake Bell, Jay R. Ferguson, Carter Jenkins, Leighton Meester",7.2,Moderate
Hostages,2013,22.0,Not Rated,Drama,"Toni Collette, Tate Donovan, Rhys Coiro, Sandrine Holt",6.7,Low
La Jauría,2019,42.0,Not Rated,Crime,"Antonia Zegers, María Gracia Omegna, Daniela Vega, Paula Luchsinger",6.0,Low
Hardy Bucks,2010,60.0,Not Rated,Comedy,"Owen Colgan, Chris Tordoff, Tom Kilgallon, Tommy Miller",8.3,High
Rig 45,2018,70.0,Not Rated,Crime,"Lisa Henni, Gary Lewis, Joi Johannsson, Björn Bengtsson",6.1,Low
Shots Fired,2017,24.0,Not Rated,Crime,"Sanaa Lathan, Stephan James, Stephen Moyer, Will Patton",6.5,Low
Philosopher's Grandson,2019,13.0,Not Rated,Animation,"Katelyn Barr, Daman Mills, Lindsay Seidel, Morgan Berry",6.8,Low
Gae-in-eui chwi-hyang,2010,42.0,Not Rated,Comedy,"Son Ye-jin, Lee Min-Ho, Nam-gil Kim, Ji-seok Kim",7.4,Moderate
Cory in the House,2007,22.0,Not Rated,Comedy,"Kyle Massey, Jason Dolley, Maiara Walsh, Madison Pettis",5.1,Low
Saenai hiroin no sodatekata,2015,60.0,Not Rated,Animation,"Yoshitsugu Matsuoka, Saori Oonishi, Kiyono Yasuno, Ai Kayano",6.9,Low
Ad Vitam,2018,14.0,Not Rated,Crime,"Yvan Attal, Garance Marillier, Niels Schneider, Victor Assié",6.5,Low
Lockie Leonard,2007,60.0,Not Rated,Adventure,"Sean Keenan, Rhys Muldoon, Briony Williams, Corey McKernan",7.5,Moderate
Sturm der Liebe,2005,15.0,Not Rated,Romance,"Dirk Galuba, Sepp Schauer, Antje Hagen, Joachim Lätsch",3.8,Low
Breaking In,2011,60.0,Not Rated,Comedy,"Bret Harrison, Alphonso McAuley, Christian Slater, Jennifer Irwin",7.1,Moderate
Dan Vs.,2011,7.0,Not Rated,Animation,"Curtis Armstrong, Paget Brewster, Dave Foley, Dan Mandel",7.9,Moderate
Primeval: New World,2012,25.0,Not Rated,Action,"Niall Matter, Sara Canning, Danny Rahim, Yan-Kay Crystal Lowe",6.6,Low
Ailiseu,2009,11.0,Not Rated,Action,"Yeong-cheol Kim, Yun Ju-sang, Seung-woo Kim, Lee Jeong-kil",7.9,Moderate
Sikago Tajagi,2017,23.0,Not Rated,Drama,"Yoo Ah-in, Lim Soo-jung, Go Kyung-Pyo, Si-Yang Kwak",8.3,High
Yojo Senki: Saga of Tanya the Evil,2017,60.0,Not Rated,Animation,"Amber Lee Connors, Monica Rial, Aoi Yûki, Joe Cucinotti",7.7,Moderate
The Bad Seed,2018,22.0,Not Rated,Drama,"Matt Minto, ""Dean OGorman"", Jodie Hillock, Zoe Jansson-Bush",5.9,Low
The IMDb Show,2017,60.0,Not Rated,Talk-Show,"Tim Kash, Kerri Doherty, Alex Logan, Kevin Smith",6.0,Low
River Monsters,2009,30.0,Not Rated,Documentary,"Jeremy Wade, David Buckmeier, Vic Hislop, Mark Spitzer",8.1,High
Sommaren med släkten,2017,30.0,Not Rated,Comedy,"Rakel Wärmländer, Christopher Wagelin, Anki Lidén, Krister Henriksson",7.0,Moderate
Choi-kang Bae-dal-ggun,2017,60.0,Not Rated,Drama,"Go Kyung-Pyo, Kang Bong-Sung, Sun Woo Jae Duk, Won-Hee Go",7.3,Moderate
New Blood,2016,5.0,Not Rated,Crime,"Mark Strepan, Ben Tavassoli, Mark Addy, Anna Chancellor",7.4,Moderate
The Deleted,2016,120.0,Not Rated,Thriller,"Nash Grier, Madeline Brewer, Amanda Cerny, Spencer Neville",3.8,Low
Dicte,2013,47.0,Not Rated,Crime,"Iben Hjejle, Lærke Winther, Dar Salim, Lars Ranthe",7.2,Moderate
My Lottery Dream Home,2015,4.0,Not Rated,Reality-TV,David Bromstad,6.1,Low
Mandy,2019,24.0,Not Rated,Comedy,"Diane Morgan, Michelle Greenidge, Mark Silcox, Alistair Green",7.1,Moderate
Los Serrano,2003,24.0,Not Rated,Comedy,"Antonio Resines, Jesús Bonilla, Jorge Jurado, Julia Gutiérrez Caba",7.4,Moderate
Minecraft: Story Mode,2018,52.0,Not Rated,Adventure,"Catherine Taber, Ashley Johnson, Brian Posehn, Scott Porter",5.7,Low
Kaamelott,2004,22.0,Not Rated,Short,"Alexandre Astier, Lionnel Astier, Franck Pitiot, Jean-Christophe Hembert",8.8,High
Hip Whip Girl: Keijo!!!!!!,2016,58.0,Not Rated,Animation,"Lynn, Mao Ichimichi, Kaede Hondo, Saori Oonishi",6.7,Low
Unearthed,2016,55.0,Not Rated,Documentary,"Steven Kearney, Jo Buckberry, Memo De Anda, Edith Hall",7.5,Moderate
Beaver Falls,2011,33.0,Not Rated,Comedy,"Samuel Robertson, John Dagleish, Kristen Gutoskie, Arsher Ali",7.8,Moderate
Horrid Henry,2006,7.0,Not Rated,Animation,"Lizzie Waterworth, Tamsin Heatley, Emma Tate, Aidan Cook",6.3,Low
"Be Cool, Scooby-Doo!",2015,30.0,Not Rated,Animation,"Frank Welker, Grey Griffin, Kate Micucci, Matthew Lillard",6.3,Low
Touching Evil,2004,22.0,Not Rated,Crime,"Jeffrey Donovan, Vera Farmiga, Zach Grenier, Brian Markinson",8.0,High
Beware the Batman,2013,5.0,Not Rated,Animation,"Anthony Ruivivar, Sumalee Montano, JB Blanc, Kurtwood Smith",7.3,Moderate
Lost Gold of WW2,2019,25.0,Not Rated,Documentary,"John Casey, Bingo Minerva, Manny Paez, Brad Carr",6.5,Low
Viva la Bam,2003,42.0,Not Rated,Comedy,"Chris Raab, Brandon DiCamillo, Rakeyohn, Vincent Margera",6.7,Low
All of Us,2003,24.0,Not Rated,Comedy,"Duane Martin, LisaRaye McCoy, Khamani Griffin, Tony Rock",5.9,Low
Syucheu,2018,60.0,Not Rated,Crime,"Jang Dong-Gun, Park Hyung-Sik, Gwi-hwa Choi, Hee-kyung Jin",7.4,Moderate
Vixen,2015,23.0,Not Rated,Animation,"Megalyn Echikunwoke, Anika Noni Rose, Emily Bett Rickards, Sean Patrick Thomas",7.1,Moderate
Meryem,2017,42.0,Not Rated,Drama,"Furkan Andic, Ayça Aysin Turan, Cemal Toktas, Açelya Topaloglu",6.2,Low
Afterlife,2005,60.0,Not Rated,Drama,"Lesley Sharp, Andrew Lincoln, Kate Duchêne, Anna Wilson-Jones",7.9,Moderate
Carmilla,2014,30.0,Not Rated,Short,"Elise Bauman, Natasha Negovanlis, Annie Briggs, Kaitlyn Alexander",8.2,High
O Maidens in Your Savage Season,2019,60.0,Not Rated,Animation,"Elissa Cuellar, Blake Jackson, Brittney Karbowski, Gabriel Regojo",7.4,Moderate
Kung Fu Panda: The Paws of Destiny,2018,60.0,Not Rated,Animation,"Laya DeLeon Hayes, Makana Say, Gunnar Sizemore, Haley Tju",7.6,Moderate
Maison close,2010,60.0,Not Rated,Drama,"Anne Charrier, Jemima West, Valérie Karsenti, Catherine Hosmalin",6.6,Low
The Unsettling,2019,42.0,Not Rated,Crime,"Holly Taylor, Tequan Richmond, Willow Shields, An-Li Bogan",5.3,Low
Tjockare än vatten,2014,60.0,Not Rated,Drama,"Björn Bengtsson, Joel Spira, Aliette Opheim, Jessica Grabowsky",7.3,Moderate
Huff,2004,45.0,Not Rated,Comedy,"Hank Azaria, Paget Brewster, Anton Yelchin, Blythe Danner",7.9,Moderate
Mother Goose Club,2009,30.0,Not Rated,Family,"Joseph Lopez, Liam Remick, Ivy Rhodes, Jessica Diaz",7.5,Moderate
Sin City Diaries,2007,30.0,Not Rated,Drama,"Amber Smith, Justin Lopez, Elena Talan, Hannah Harper",6.6,Low
Bee and PuppyCat,2013,50.0,Not Rated,Animation,"Allyn Rachel, Kent Osborne, Alexander James Rodriguez, Ashly Burch",8.2,High
Man v. Food,2008,120.0,Not Rated,Reality-TV,"Adam Richman, Casey Webb, Joey Chestnut, Gladys Knight",7.3,Moderate
Carole & Tuesday,2019,90.0,Not Rated,Animation,"Miyuri Shimabukuro, Kana Ichinose, Celeina Ann, Akio Ôtsuka",7.9,Moderate
Numberblocks,2017,9.0,Not Rated,Animation,"Beth Chalmers, Teresa Gallagher, David Holt, Marcel McCalla",8.2,High
Monogatari Series: Second Season,2013,60.0,Not Rated,Animation,"Yôji Ueda, Saori Hayami, Kaori Mizuhashi, Ken Narita",8.5,High
Kevin (Probably) Saves the World,2017,60.0,Not Rated,Comedy,"Jason Ritter, JoAnna Garcia Swisher, Kimberly Hebert Gregory, India de Beaufort",7.8,Moderate
How It's Made,2001,43.0,Not Rated,Documentary,"Brooks T. Moore, Tony Hirst, Lynne Adams, Lynn Herzeg",7.8,Moderate
Crash,2008,22.0,Not Rated,Drama,"Dennis Hopper, Moran Atias, Ross McCall, Jocko Sims",6.8,Low
See Dad Run,2012,60.0,Not Rated,Comedy,"Scott Baio, Alanna Ubach, Jackson Brundage, Ryan Whitney",5.1,Low
Bachelor in Paradise,2014,24.0,Not Rated,Reality-TV,"Chris Harrison, Wells Adams, Carly Waddell, Jorge",5.2,Low
Eobiseu,2019,65.0,Not Rated,Comedy,"Park Bo-Young, Ahn Hyo-Seop, Lee Si-eon, Sung-Jae Lee",7.1,Moderate
Braceface,2001,55.0,Not Rated,Animation,"Marnie McPhail, Alicia Silverstone, Vince Corazza, Dan Petronijevic",6.4,Low
Best of the Worst,2013,22.0,Not Rated,Comedy,"Jay Bauman, Rich Evans, Mike Stoklasa, Jack Packard",9.4,High
Trackers,2019,30.0,Not Rated,Action,"Keenan Arrison, Tamer Burjaq, Emmanuel Castis, James Gracie",6.5,Low
"Hey Ash, Whatcha Playin'?",2008,24.0,Not Rated,Comedy,"Ashly Burch, Anthony Burch, David Burch, Ashley Davis",8.3,High
Betty en NY,2019,55.0,Not Rated,Comedy,"Elyfer Torres, Erick Elias, Amaranta Ruiz, Sabrina Seara",7.8,Moderate
Naeil Geudaewa,2017,60.0,Not Rated,Fantasy,"Lee Jehoon, Shin Min-a, Kang Ki-Doong, Seung-gil Jeong",7.5,Moderate
Kindred Spirits,2016,5.0,Not Rated,Reality-TV,"Amy Bruni, Adam Berry, Chip Coffey, Dana Matthews",7.1,Moderate
Iron Resurrection,2016,30.0,Not Rated,Reality-TV,"Joe Martin, Amanda Martin, ""Javier Shorty Ponce"", ""Jayson Shag Arrington""",7.7,Moderate
Instant Hotel,2017,23.0,Not Rated,Reality-TV,"Juliet Ashworth, Luke Jacobz, Terry Brouwers, Anita Bocquee",7.3,Moderate
Some Girls,2012,22.0,Not Rated,Comedy,"Adelayo Adedayo, Natasha Jonas, Alice Felgate, Mandeep Dhillon",7.7,Moderate
Kirstie,2013,5.0,Not Rated,Comedy,"Kirstie Alley, Eric Petersen, Michael Richards, Rhea Perlman",5.0,Low
One Dollar,2018,60.0,Not Rated,Drama,"Nathaniel Martello-White, Philip Ettinger, Kirrilee Berger, Joshua Bitton",6.5,Low
Tatli intikam,2016,30.0,Not Rated,Comedy,"Leyla Lydia Tugutlu, Furkan Andic, Cagri Citanak, Hazal Türesan",5.7,Low
Murder City,2004,120.0,Not Rated,Crime,"Amanda Donohoe, Kris Marshall, Connor McIntyre, Laura Main",7.0,Moderate
Super Girl,2011,60.0,Not Rated,Action,"Tiffany Kathryn, Kaight Zoia, Daniel Klein, Ryan McIntyre",5.4,Low
Medal of Honor,2018,35.0,Not Rated,Documentary,"Josh Charles, Daniel Rodriguez, David Petraeus, Jake Abel",8.4,High
American Odyssey,2015,90.0,Not Rated,Action,"Anna Friel, Peter Facinelli, Jake Robinson, Omar Ghazaoui",7.3,Moderate
Love Is_,2018,60.0,Not Rated,Drama,"William Catlett, Michele Weaver, Clarke Peters, Wendy Davis",8.2,High
The Sarah Silverman Program.,2007,45.0,Not Rated,Comedy,"Sarah Silverman, Laura Silverman, Brian Posehn, Steve Agee",6.8,Low
True Justice,2010,60.0,Not Rated,Action,"Steven Seagal, Sarah Lind, ""William Big Sleeps Stewart"", Meghan Ory",4.7,Low
Baki the Grappler,2001,45.0,Not Rated,Animation,"Bob Carter, Masami Kikuchi, Robert McCollum, Naomi Kusumi",7.7,Moderate
Melloga Chejil,2019,30.0,Not Rated,Comedy,"Woo-hee Chun, Jeon Yeo-bin, Han Ji-Eun, Jae-hong Ahn",8.2,High
Arvingerne,2014,90.0,Not Rated,Drama,"Trine Dyrholm, Marie Bach Hansen, Carsten Bjørnlund, Mikkel Boe Følsgaard",7.7,Moderate
Best of Luck Nikki,2011,22.0,Not Rated,Comedy,"Sheena Bajaj, Gurdeep Kohli, Ananya Kolvankar, Akash Nair",8.3,High
Napoleon Dynamite,2012,54.0,Not Rated,Animation,"Jon Heder, Aaron Ruell, Efren Ramirez, Tina Majorino",6.4,Low
Sora no otoshimono,2009,60.0,Not Rated,Animation,"Jamie Marchi, Brittney Karbowski, Saori Hayami, Terri Doty",7.3,Moderate
A mi kis falunk,2017,60.0,Not Rated,Comedy,"Imre Csuja, Gergely Bánki, Éva Bata, Csaba Debreczeny",8.2,High
Dakaretai Otoko 1-i ni Odosarete Imasu.,2018,50.0,Not Rated,Animation,"Yuki Ono, Hiroki Takahashi, Wataru Hatano, Satoshi Hino",6.9,Low
Ultimate Beastmaster,2017,21.0,Not Rated,Game-Show,"Tiki Barber, Rafinha Bastos, Luis Ernesto Franco, Inés Sainz",7.3,Moderate
The Plateaus,2015,30.0,Not Rated,Comedy,"Annie Murphy, Kyle Gatehouse, Matthew Raudsepp, Kevin McDonald",5.2,Low
A Crime to Remember,2013,60.0,Not Rated,Documentary,"Marc A. Hermann, Michelle McNamara, John Mirabella, James Zeiss",8.3,High
Ultraviolet,2017,60.0,Not Rated,Crime,"Viet Anh Do, Marta Nieradkiewicz, Bartlomiej Topa, Magdalena Czerwinska",7.0,Moderate
A Drop of True Blood,2010,45.0,Not Rated,Short,"Claudia Abrego, Ryan Kwanten, Stephen Moyer, Anna Paquin",8.1,High
Yu-Gi-Oh! GX,2004,30.0,Not Rated,Animation,"Matthew Labyorteaux, Wayne Grayson, Tony Salerno, Kanako Irie",6.8,Low
Special Agent Oso,2009,42.0,Not Rated,Animation,"Meghan Strange, Gary Anthony Williams, Sean Astin, Phill Lewis",5.2,Low
Metal Hurlant Chronicles,2012,22.0,Not Rated,Action,"Scott Adkins, Karl E. Landler, Dominique Pinon, Lygie Duvivier",5.8,Low
Bravest Warriors,2012,12.0,Not Rated,Animation,"Liliana Mumy, John Omohundro, Ian Jones-Quartey, Graeme Jokic",8.1,High
Unidentified: Inside America's UFO Investigation,2019,43.0,Not Rated,Documentary,"Bryan Bender, Ryan Carpenter, Thomas DeLonge, Luis Elizondo",7.6,Moderate
Time After Time,2017,43.0,Not Rated,Drama,"Freddie Stroma, Josh Bowman, Will Chase, Genesis Rodriguez",6.7,Low
Stripperella,2003,43.0,Not Rated,Animation,"Pamela Anderson, Tom Kenny, Maurice LaMarche, Jill Talley",5.6,Low
Günesin Kizlari,2015,43.0,Not Rated,Comedy,"Emre Kinay, Evrim Alasya, Tolga Saritas, Burcu Özberk",5.7,Low
Merlin: Secrets & Magic,2009,43.0,Not Rated,Documentary,"Greg James, Bradley James, Katie McGrath, Colin Morgan",8.4,High
Law & Order: Trial by Jury,2005,43.0,Not Rated,Crime,"Bebe Neuwirth, Amy Carlson, Kirk Acevedo, Fred Thompson",6.4,Low
Iriwa Anajwo,2018,43.0,Not Rated,Crime,"Jang Ki-Yong, Ki-joo Jin, Joon-ho Huh, Ji-ae Jeon",8.0,High
Seref Meselesi,2014,43.0,Not Rated,Drama,"Kerem Bürsin, Sukru Ozyildiz, Sükran Ovali, Burcu Biricik",6.4,Low
Jack & Bobby,2004,43.0,Not Rated,Drama,"Christine Lahti, Matt Long, Logan Lerman, Jessica Paré",7.9,Moderate
Men in Trees,2006,43.0,Not Rated,Comedy,"Anne Heche, Abraham Benrubi, Emily Bergl, Derek Richardson",7.2,Moderate
The Living and the Dead,2016,43.0,Not Rated,Drama,"Colin Morgan, Charlotte Spencer, Malcolm Storry, Kerrie Hayes",7.4,Moderate
Alias J.J.,2017,43.0,Not Rated,Drama,"Amparo Grisales, Natasha Klauss, Juan Pablo Urrego, Juan Pablo Obregon",8.0,High
High Maintenance,2012,43.0,Not Rated,Comedy,"Ben Sinclair, Avery Monsen, Heléne Yorke, Candace Thompson",8.2,High
20 Dakika,2013,43.0,Not Rated,Action,"Tuba Büyüküstün, Ilker Aksum, Firat Çelik, Bülent Emin Yarar",6.9,Low
Ben and Kate,2012,43.0,Not Rated,Comedy,"Dakota Johnson, Nat Faxon, Lucy Punch, Maggie Elizabeth Jones",6.6,Low
The Time of Our Lives,2013,43.0,Not Rated,Drama,"Justine Clarke, Shane Jacobson, William McInnes, Stephen Curry",7.9,Moderate
King & Maxwell,2013,43.0,Not Rated,Crime,"Jon Tenney, Rebecca Romijn, Ryan Hurst, ""Michael OKeefe""",7.1,Moderate
Maya & Marty,2016,43.0,Not Rated,Comedy,"Maya Rudolph, Martin Short, Kenan Thompson, Mikey Day",6.5,Low
The Electric Company,2006,43.0,Not Rated,Comedy,"Jenni Barber, Dominic Colón, Priscilla Star Diaz, Steven Freitas",7.4,Moderate
My First First Love,2019,43.0,Not Rated,Drama,"Tae-oh Kang, Ji Soo, Chae-Yeon Jung, Jung Jinyoung",7.6,Moderate
Kevin from Work,2015,43.0,Not Rated,Comedy,"Noah Reid, Paige Spara, Jordan Danger, Matt Murray",6.6,Low
Metaru faito Beibureedo,2009,43.0,Not Rated,Animation,"Jason Deline, Carter Hayden, Andrew Jackson, Scott Gorman",6.1,Low
The Five,2011,43.0,Not Rated,Talk-Show,"Dana Perino, Greg Gutfeld, Juan Williams, Kimberly Guilfoyle",6.3,Low
The Beautiful Life: TBL,2009,43.0,Not Rated,Drama,"Mischa Barton, Benjamin Hollingsworth, Sara Paxton, Nico Tortorella",5.7,Low
Star Trek: New Voyages,2004,43.0,Not Rated,Action,"Charles Root, John M. Kelley, James Cawley, Jeff Mailhotte",6.7,Low
Panic,2017,43.0,Not Rated,Comedy,"Christopher Cox, Olivia DiNino, Benjamin Hsieh, David Applebaum",9.3,High
Ryan Hansen Solves Crimes on Television,2017,43.0,Not Rated,Action,"Ryan Hansen, Aly Michalka, Samira Wiley, Noelle E Parker",7.2,Moderate
Doubt,2017,43.0,Not Rated,Drama,"Katherine Heigl, Dulé Hill, Laverne Cox, Dreama Walker",5.6,Low
Friends with Better Lives,2014,43.0,Not Rated,Comedy,"James Van Der Beek, Majandra Delfino, Zoe Lister-Jones, Brooklyn Decker",7.0,Moderate
Love Daily,2018,43.0,Not Rated,Romance,"Kelli Berglund, Joey Bragg, Jack Griffo, Leo Howard",6.1,Low
